Instrument,Performance,Parameters,Total net profit,Gross profit,Gross loss,Profit factor,Max. drawdown,Total # of trades,Percent profitable,
NQ 06-26,2.08877928483354,True/2/0/3/0/6/195/300/False/False/1001/801/500/1/140/True/1.1/True/False/True/False/False/800/400/False/False/0.3/panthionIcon4.png/Oden2.png/PantheonMasterBotV01TesterV2 (Use_Time_Filter Start_Time_(HH) Start_Time_(mm) Duration_Time_(HH) Duration_Time_(mm) averageFast averageSlow averageTrend UseTrend UseTrendReverse ProfitStop LossStop MaxTrades Contracts MaxStop Use_MaxStop MaxTPRatio Use_MaxTP Long Short Reverse Use_Kill Kill_Profit_Stop Kill_Loss_Stop Show_Current_PNL Show_Stats_Box Image_Opacity Corner_Image Background_Image Bot_Name ),4415,8470,-4055,2.08877928483354,-1285,19,0.578947368421053,
,2.05524861878453,True/2/0/3/0/6/195/300/False/False/1001/801/500/1/180/True/1.7/True/False/True/False/False/800/400/False/False/0.3/panthionIcon4.png/Oden2.png/PantheonMasterBotV01TesterV2 (Use_Time_Filter Start_Time_(HH) Start_Time_(mm) Duration_Time_(HH) Duration_Time_(mm) averageFast averageSlow averageTrend UseTrend UseTrendReverse ProfitStop LossStop MaxTrades Contracts MaxStop Use_MaxStop MaxTPRatio Use_MaxTP Long Short Reverse Use_Kill Kill_Profit_Stop Kill_Loss_Stop Show_Current_PNL Show_Stats_Box Image_Opacity Corner_Image Background_Image Bot_Name ),4775,9300,-4525,2.05524861878453,-2300,17,0.470588235294118,
,2.03317535545024,True/2/0/3/0/10/185/300/False/False/1001/801/500/1/160/True/1.1/True/False/True/False/False/800/400/False/False/0.3/panthionIcon4.png/Oden2.png/PantheonMasterBotV01TesterV2 (Use_Time_Filter Start_Time_(HH) Start_Time_(mm) Duration_Time_(HH) Duration_Time_(mm) averageFast averageSlow averageTrend UseTrend UseTrendReverse ProfitStop LossStop MaxTrades Contracts MaxStop Use_MaxStop MaxTPRatio Use_MaxTP Long Short Reverse Use_Kill Kill_Profit_Stop Kill_Loss_Stop Show_Current_PNL Show_Stats_Box Image_Opacity Corner_Image Background_Image Bot_Name ),5450,10725,-5275,2.03317535545024,-1370,21,0.619047619047619,
,1.97897196261682,True/2/0/3/0/6/195/300/False/False/1001/801/500/1/160/True/1.5/True/False/True/False/False/800/400/False/False/0.3/panthionIcon4.png/Oden2.png/PantheonMasterBotV01TesterV2 (Use_Time_Filter Start_Time_(HH) Start_Time_(mm) Duration_Time_(HH) Duration_Time_(mm) averageFast averageSlow averageTrend UseTrend UseTrendReverse ProfitStop LossStop MaxTrades Contracts MaxStop Use_MaxStop MaxTPRatio Use_MaxTP Long Short Reverse Use_Kill Kill_Profit_Stop Kill_Loss_Stop Show_Current_PNL Show_Stats_Box Image_Opacity Corner_Image Background_Image Bot_Name ),4190,8470,-4280,1.97897196261682,-2255,18,0.444444444444444,
,1.93591160220994,True/2/0/3/0/6/195/300/False/False/1001/801/500/1/180/True/1.6/True/False/True/False/False/800/400/False/False/0.3/panthionIcon4.png/Oden2.png/PantheonMasterBotV01TesterV2 (Use_Time_Filter Start_Time_(HH) Start_Time_(mm) Duration_Time_(HH) Duration_Time_(mm) averageFast averageSlow averageTrend UseTrend UseTrendReverse ProfitStop LossStop MaxTrades Contracts MaxStop Use_MaxStop MaxTPRatio Use_MaxTP Long Short Reverse Use_Kill Kill_Profit_Stop Kill_Loss_Stop Show_Current_PNL Show_Stats_Box Image_Opacity Corner_Image Background_Image Bot_Name ),4235,8760,-4525,1.93591160220994,-2300,17,0.470588235294118,
,1.93457943925234,True/2/0/3/0/6/195/300/False/False/1001/801/500/1/160/True/1.7/True/False/True/False/False/800/400/False/False/0.3/panthionIcon4.png/Oden2.png/PantheonMasterBotV01TesterV2 (Use_Time_Filter Start_Time_(HH) Start_Time_(mm) Duration_Time_(HH) Duration_Time_(mm) averageFast averageSlow averageTrend UseTrend UseTrendReverse ProfitStop LossStop MaxTrades Contracts MaxStop Use_MaxStop MaxTPRatio Use_MaxTP Long Short Reverse Use_Kill Kill_Profit_Stop Kill_Loss_Stop Show_Current_PNL Show_Stats_Box Image_Opacity Corner_Image Background_Image Bot_Name ),4000,8280,-4280,1.93457943925234,-2255,18,0.444444444444444,
,1.90677439403356,True/2/0/3/0/10/175/300/False/False/1001/801/500/1/180/True/1.2/True/True/True/False/False/800/400/False/False/0.3/panthionIcon4.png/Oden2.png/PantheonMasterBotV01TesterV2 (Use_Time_Filter Start_Time_(HH) Start_Time_(mm) Duration_Time_(HH) Duration_Time_(mm) averageFast averageSlow averageTrend UseTrend UseTrendReverse ProfitStop LossStop MaxTrades Contracts MaxStop Use_MaxStop MaxTPRatio Use_MaxTP Long Short Reverse Use_Kill Kill_Profit_Stop Kill_Loss_Stop Show_Current_PNL Show_Stats_Box Image_Opacity Corner_Image Background_Image Bot_Name ),7295,15340,-8045,1.90677439403356,-2400,43,0.418604651162791,
,1.88500296384114,True/2/0/3/0/10/175/300/False/False/1001/801/500/1/140/True/1.6/True/True/True/False/False/800/400/False/False/0.3/panthionIcon4.png/Oden2.png/PantheonMasterBotV01TesterV2 (Use_Time_Filter Start_Time_(HH) Start_Time_(mm) Duration_Time_(HH) Duration_Time_(mm) averageFast averageSlow averageTrend UseTrend UseTrendReverse ProfitStop LossStop MaxTrades Contracts MaxStop Use_MaxStop MaxTPRatio Use_MaxTP Long Short Reverse Use_Kill Kill_Profit_Stop Kill_Loss_Stop Show_Current_PNL Show_Stats_Box Image_Opacity Corner_Image Background_Image Bot_Name ),7465,15900,-8435,1.88500296384114,-2400,45,0.4,
,1.86291739894552,True/2/0/3/0/10/175/300/False/False/1001/801/500/1/160/True/1.4/True/True/True/False/False/800/400/False/False/0.3/panthionIcon4.png/Oden2.png/PantheonMasterBotV01TesterV2 (Use_Time_Filter Start_Time_(HH) Start_Time_(mm) Duration_Time_(HH) Duration_Time_(mm) averageFast averageSlow averageTrend UseTrend UseTrendReverse ProfitStop LossStop MaxTrades Contracts MaxStop Use_MaxStop MaxTPRatio Use_MaxTP Long Short Reverse Use_Kill Kill_Profit_Stop Kill_Loss_Stop Show_Current_PNL Show_Stats_Box Image_Opacity Corner_Image Background_Image Bot_Name ),7365,15900,-8535,1.86291739894552,-2400,45,0.4,
,1.84938036224976,True/2/0/3/0/10/195/300/False/False/1001/801/500/1/160/True/1.7/True/False/True/False/False/800/400/False/False/0.3/panthionIcon4.png/Oden2.png/PantheonMasterBotV01TesterV2 (Use_Time_Filter Start_Time_(HH) Start_Time_(mm) Duration_Time_(HH) Duration_Time_(mm) averageFast averageSlow averageTrend UseTrend UseTrendReverse ProfitStop LossStop MaxTrades Contracts MaxStop Use_MaxStop MaxTPRatio Use_MaxTP Long Short Reverse Use_Kill Kill_Profit_Stop Kill_Loss_Stop Show_Current_PNL Show_Stats_Box Image_Opacity Corner_Image Background_Image Bot_Name ),4455,9700,-5245,1.84938036224976,-2370,18,0.444444444444444,
,1.8481308411215,True/2/0/3/0/6/195/300/False/False/1001/801/500/1/160/True/1.4/True/False/True/False/False/800/400/False/False/0.3/panthionIcon4.png/Oden2.png/PantheonMasterBotV01TesterV2 (Use_Time_Filter Start_Time_(HH) Start_Time_(mm) Duration_Time_(HH) Duration_Time_(mm) averageFast averageSlow averageTrend UseTrend UseTrendReverse ProfitStop LossStop MaxTrades Contracts MaxStop Use_MaxStop MaxTPRatio Use_MaxTP Long Short Reverse Use_Kill Kill_Profit_Stop Kill_Loss_Stop Show_Current_PNL Show_Stats_Box Image_Opacity Corner_Image Background_Image Bot_Name ),3630,7910,-4280,1.8481308411215,-2255,18,0.444444444444444,
,1.84109589041096,True/2/0/3/0/10/185/300/False/False/1001/801/500/1/140/True/1.2/True/False/True/False/False/800/400/False/False/0.3/panthionIcon4.png/Oden2.png/PantheonMasterBotV01TesterV2 (Use_Time_Filter Start_Time_(HH) Start_Time_(mm) Duration_Time_(HH) Duration_Time_(mm) averageFast averageSlow averageTrend UseTrend UseTrendReverse ProfitStop LossStop MaxTrades Contracts MaxStop Use_MaxStop MaxTPRatio Use_MaxTP Long Short Reverse Use_Kill Kill_Profit_Stop Kill_Loss_Stop Show_Current_PNL Show_Stats_Box Image_Opacity Corner_Image Background_Image Bot_Name ),4605,10080,-5475,1.84109589041096,-1285,21,0.571428571428571,
,1.8402332361516,True/2/0/3/0/10/165/300/False/False/1001/801/500/1/160/True/1.4/True/True/True/False/False/800/400/False/False/0.3/panthionIcon4.png/Oden2.png/PantheonMasterBotV01TesterV2 (Use_Time_Filter Start_Time_(HH) Start_Time_(mm) Duration_Time_(HH) Duration_Time_(mm) averageFast averageSlow averageTrend UseTrend UseTrendReverse ProfitStop LossStop MaxTrades Contracts MaxStop Use_MaxStop MaxTPRatio Use_MaxTP Long Short Reverse Use_Kill Kill_Profit_Stop Kill_Loss_Stop Show_Current_PNL Show_Stats_Box Image_Opacity Corner_Image Background_Image Bot_Name ),7205,15780,-8575,1.8402332361516,-2650,41,0.390243902439024,
,1.82541436464088,True/2/0/3/0/6/195/300/False/False/1001/801/500/1/180/True/1.3/True/False/True/False/False/800/400/False/False/0.3/panthionIcon4.png/Oden2.png/PantheonMasterBotV01TesterV2 (Use_Time_Filter Start_Time_(HH) Start_Time_(mm) Duration_Time_(HH) Duration_Time_(mm) averageFast averageSlow averageTrend UseTrend UseTrendReverse ProfitStop LossStop MaxTrades Contracts MaxStop Use_MaxStop MaxTPRatio Use_MaxTP Long Short Reverse Use_Kill Kill_Profit_Stop Kill_Loss_Stop Show_Current_PNL Show_Stats_Box Image_Opacity Corner_Image Background_Image Bot_Name ),3735,8260,-4525,1.82541436464088,-2300,17,0.470588235294118,
,1.82242990654206,True/2/0/3/0/6/195/300/False/False/1001/801/500/1/160/True/1.6/True/False/True/False/False/800/400/False/False/0.3/panthionIcon4.png/Oden2.png/PantheonMasterBotV01TesterV2 (Use_Time_Filter Start_Time_(HH) Start_Time_(mm) Duration_Time_(HH) Duration_Time_(mm) averageFast averageSlow averageTrend UseTrend UseTrendReverse ProfitStop LossStop MaxTrades Contracts MaxStop Use_MaxStop MaxTPRatio Use_MaxTP Long Short Reverse Use_Kill Kill_Profit_Stop Kill_Loss_Stop Show_Current_PNL Show_Stats_Box Image_Opacity Corner_Image Background_Image Bot_Name ),3520,7800,-4280,1.82242990654206,-2255,18,0.444444444444444,
,1.81877729257642,True/2/0/3/0/6/195/300/False/False/1001/801/500/1/140/True/1.7/True/False/True/False/False/800/400/False/False/0.3/panthionIcon4.png/Oden2.png/PantheonMasterBotV01TesterV2 (Use_Time_Filter Start_Time_(HH) Start_Time_(mm) Duration_Time_(HH) Duration_Time_(mm) averageFast averageSlow averageTrend UseTrend UseTrendReverse ProfitStop LossStop MaxTrades Contracts MaxStop Use_MaxStop MaxTPRatio Use_MaxTP Long Short Reverse Use_Kill Kill_Profit_Stop Kill_Loss_Stop Show_Current_PNL Show_Stats_Box Image_Opacity Corner_Image Background_Image Bot_Name ),3750,8330,-4580,1.81877729257642,-2055,18,0.388888888888889,
,1.81657458563536,True/2/0/3/0/6/195/300/False/False/1001/801/500/1/180/True/1.5/True/False/True/False/False/800/400/False/False/0.3/panthionIcon4.png/Oden2.png/PantheonMasterBotV01TesterV2 (Use_Time_Filter Start_Time_(HH) Start_Time_(mm) Duration_Time_(HH) Duration_Time_(mm) averageFast averageSlow averageTrend UseTrend UseTrendReverse ProfitStop LossStop MaxTrades Contracts MaxStop Use_MaxStop MaxTPRatio Use_MaxTP Long Short Reverse Use_Kill Kill_Profit_Stop Kill_Loss_Stop Show_Current_PNL Show_Stats_Box Image_Opacity Corner_Image Background_Image Bot_Name ),3695,8220,-4525,1.81657458563536,-2300,17,0.470588235294118,
,1.81564844587353,True/2/0/3/0/5/195/300/False/False/1001/801/500/1/140/True/1.1/True/False/True/False/False/800/400/False/False/0.3/panthionIcon4.png/Oden2.png/PantheonMasterBotV01TesterV2 (Use_Time_Filter Start_Time_(HH) Start_Time_(mm) Duration_Time_(HH) Duration_Time_(mm) averageFast averageSlow averageTrend UseTrend UseTrendReverse ProfitStop LossStop MaxTrades Contracts MaxStop Use_MaxStop MaxTPRatio Use_MaxTP Long Short Reverse Use_Kill Kill_Profit_Stop Kill_Loss_Stop Show_Current_PNL Show_Stats_Box Image_Opacity Corner_Image Background_Image Bot_Name ),3805,8470,-4665,1.81564844587353,-1400,20,0.55,
,1.80332409972299,True/2/0/3/0/10/185/300/False/False/1001/801/500/1/160/True/1.2/True/False/True/False/False/800/400/False/False/0.3/panthionIcon4.png/Oden2.png/PantheonMasterBotV01TesterV2 (Use_Time_Filter Start_Time_(HH) Start_Time_(mm) Duration_Time_(HH) Duration_Time_(mm) averageFast averageSlow averageTrend UseTrend UseTrendReverse ProfitStop LossStop MaxTrades Contracts MaxStop Use_MaxStop MaxTPRatio Use_MaxTP Long Short Reverse Use_Kill Kill_Profit_Stop Kill_Loss_Stop Show_Current_PNL Show_Stats_Box Image_Opacity Corner_Image Background_Image Bot_Name ),4350,9765,-5415,1.80332409972299,-2310,20,0.55,
,1.79766536964981,True/2/0/3/0/10/195/300/False/False/1001/801/500/1/140/True/1.2/True/False/True/False/False/800/400/False/False/0.3/panthionIcon4.png/Oden2.png/PantheonMasterBotV01TesterV2 (Use_Time_Filter Start_Time_(HH) Start_Time_(mm) Duration_Time_(HH) Duration_Time_(mm) averageFast averageSlow averageTrend UseTrend UseTrendReverse ProfitStop LossStop MaxTrades Contracts MaxStop Use_MaxStop MaxTPRatio Use_MaxTP Long Short Reverse Use_Kill Kill_Profit_Stop Kill_Loss_Stop Show_Current_PNL Show_Stats_Box Image_Opacity Corner_Image Background_Image Bot_Name ),4100,9240,-5140,1.79766536964981,-1270,20,0.55,
,1.78360957642726,True/2/0/3/0/10/185/300/False/False/1001/801/500/1/160/True/1.7/True/False/True/False/False/800/400/False/False/0.3/panthionIcon4.png/Oden2.png/PantheonMasterBotV01TesterV2 (Use_Time_Filter Start_Time_(HH) Start_Time_(mm) Duration_Time_(HH) Duration_Time_(mm) averageFast averageSlow averageTrend UseTrend UseTrendReverse ProfitStop LossStop MaxTrades Contracts MaxStop Use_MaxStop MaxTPRatio Use_MaxTP Long Short Reverse Use_Kill Kill_Profit_Stop Kill_Loss_Stop Show_Current_PNL Show_Stats_Box Image_Opacity Corner_Image Background_Image Bot_Name ),4255,9685,-5430,1.78360957642726,-2310,18,0.444444444444444,
,1.78272484416741,True/2/0/3/0/10/185/300/False/False/1001/801/500/1/140/True/1.3/True/False/True/False/False/800/400/False/False/0.3/panthionIcon4.png/Oden2.png/PantheonMasterBotV01TesterV2 (Use_Time_Filter Start_Time_(HH) Start_Time_(mm) Duration_Time_(HH) Duration_Time_(mm) averageFast averageSlow averageTrend UseTrend UseTrendReverse ProfitStop LossStop MaxTrades Contracts MaxStop Use_MaxStop MaxTPRatio Use_MaxTP Long Short Reverse Use_Kill Kill_Profit_Stop Kill_Loss_Stop Show_Current_PNL Show_Stats_Box Image_Opacity Corner_Image Background_Image Bot_Name ),4395,10010,-5615,1.78272484416741,-2110,21,0.523809523809524,
,1.78149386845039,True/2/0/3/0/6/195/300/False/False/1001/801/500/1/160/True/1.1/True/False/True/False/False/800/400/False/False/0.3/panthionIcon4.png/Oden2.png/PantheonMasterBotV01TesterV2 (Use_Time_Filter Start_Time_(HH) Start_Time_(mm) Duration_Time_(HH) Duration_Time_(mm) averageFast averageSlow averageTrend UseTrend UseTrendReverse ProfitStop LossStop MaxTrades Contracts MaxStop Use_MaxStop MaxTPRatio Use_MaxTP Long Short Reverse Use_Kill Kill_Profit_Stop Kill_Loss_Stop Show_Current_PNL Show_Stats_Box Image_Opacity Corner_Image Background_Image Bot_Name ),3505,7990,-4485,1.78149386845039,-1385,19,0.526315789473684,
,1.76882039122703,True/2/0/3/0/10/175/300/False/False/1001/801/500/1/140/True/1.5/True/True/True/False/False/800/400/False/False/0.3/panthionIcon4.png/Oden2.png/PantheonMasterBotV01TesterV2 (Use_Time_Filter Start_Time_(HH) Start_Time_(mm) Duration_Time_(HH) Duration_Time_(mm) averageFast averageSlow averageTrend UseTrend UseTrendReverse ProfitStop LossStop MaxTrades Contracts MaxStop Use_MaxStop MaxTPRatio Use_MaxTP Long Short Reverse Use_Kill Kill_Profit_Stop Kill_Loss_Stop Show_Current_PNL Show_Stats_Box Image_Opacity Corner_Image Background_Image Bot_Name ),6485,14920,-8435,1.76882039122703,-2400,45,0.4,
,1.76447876447876,True/2/0/3/0/10/195/300/False/False/1001/801/500/1/160/True/1.4/True/False/True/False/False/800/400/False/False/0.3/panthionIcon4.png/Oden2.png/PantheonMasterBotV01TesterV2 (Use_Time_Filter Start_Time_(HH) Start_Time_(mm) Duration_Time_(HH) Duration_Time_(mm) averageFast averageSlow averageTrend UseTrend UseTrendReverse ProfitStop LossStop MaxTrades Contracts MaxStop Use_MaxStop MaxTPRatio Use_MaxTP Long Short Reverse Use_Kill Kill_Profit_Stop Kill_Loss_Stop Show_Current_PNL Show_Stats_Box Image_Opacity Corner_Image Background_Image Bot_Name ),3960,9140,-5180,1.76447876447876,-2370,18,0.5,
,1.75165876777251,True/2/0/3/0/9/195/300/False/False/1001/801/500/1/140/True/1.2/True/False/True/False/False/800/400/False/False/0.3/panthionIcon4.png/Oden2.png/PantheonMasterBotV01TesterV2 (Use_Time_Filter Start_Time_(HH) Start_Time_(mm) Duration_Time_(HH) Duration_Time_(mm) averageFast averageSlow averageTrend UseTrend UseTrendReverse ProfitStop LossStop MaxTrades Contracts MaxStop Use_MaxStop MaxTPRatio Use_MaxTP Long Short Reverse Use_Kill Kill_Profit_Stop Kill_Loss_Stop Show_Current_PNL Show_Stats_Box Image_Opacity Corner_Image Background_Image Bot_Name ),3965,9240,-5275,1.75165876777251,-1320,20,0.55,
,1.74708171206226,True/2/0/3/0/10/195/300/False/False/1001/801/500/1/160/True/1.1/True/False/True/False/False/800/400/False/False/0.3/panthionIcon4.png/Oden2.png/PantheonMasterBotV01TesterV2 (Use_Time_Filter Start_Time_(HH) Start_Time_(mm) Duration_Time_(HH) Duration_Time_(mm) averageFast averageSlow averageTrend UseTrend UseTrendReverse ProfitStop LossStop MaxTrades Contracts MaxStop Use_MaxStop MaxTPRatio Use_MaxTP Long Short Reverse Use_Kill Kill_Profit_Stop Kill_Loss_Stop Show_Current_PNL Show_Stats_Box Image_Opacity Corner_Image Background_Image Bot_Name ),3840,8980,-5140,1.74708171206226,-2370,20,0.55,
,1.7453250222618,True/2/0/3/0/10/185/300/False/False/1001/801/500/1/140/True/1.4/True/False/True/False/False/800/400/False/False/0.3/panthionIcon4.png/Oden2.png/PantheonMasterBotV01TesterV2 (Use_Time_Filter Start_Time_(HH) Start_Time_(mm) Duration_Time_(HH) Duration_Time_(mm) averageFast averageSlow averageTrend UseTrend UseTrendReverse ProfitStop LossStop MaxTrades Contracts MaxStop Use_MaxStop MaxTPRatio Use_MaxTP Long Short Reverse Use_Kill Kill_Profit_Stop Kill_Loss_Stop Show_Current_PNL Show_Stats_Box Image_Opacity Corner_Image Background_Image Bot_Name ),4185,9800,-5615,1.7453250222618,-2415,20,0.5,
,1.74261201143947,True/2/0/3/0/10/195/300/False/False/1001/801/500/1/160/True/1.6/True/False/True/False/False/800/400/False/False/0.3/panthionIcon4.png/Oden2.png/PantheonMasterBotV01TesterV2 (Use_Time_Filter Start_Time_(HH) Start_Time_(mm) Duration_Time_(HH) Duration_Time_(mm) averageFast averageSlow averageTrend UseTrend UseTrendReverse ProfitStop LossStop MaxTrades Contracts MaxStop Use_MaxStop MaxTPRatio Use_MaxTP Long Short Reverse Use_Kill Kill_Profit_Stop Kill_Loss_Stop Show_Current_PNL Show_Stats_Box Image_Opacity Corner_Image Background_Image Bot_Name ),3895,9140,-5245,1.74261201143947,-2370,18,0.444444444444444,
,1.73195299384443,True/2/0/3/0/10/175/300/False/False/1001/801/500/1/180/True/1.3/True/True/True/False/False/800/400/False/False/0.3/panthionIcon4.png/Oden2.png/PantheonMasterBotV01TesterV2 (Use_Time_Filter Start_Time_(HH) Start_Time_(mm) Duration_Time_(HH) Duration_Time_(mm) averageFast averageSlow averageTrend UseTrend UseTrendReverse ProfitStop LossStop MaxTrades Contracts MaxStop Use_MaxStop MaxTPRatio Use_MaxTP Long Short Reverse Use_Kill Kill_Profit_Stop Kill_Loss_Stop Show_Current_PNL Show_Stats_Box Image_Opacity Corner_Image Background_Image Bot_Name ),6540,15475,-8935,1.73195299384443,-2400,47,0.382978723404255,
,1.73169302870533,True/2/0/3/0/10/175/300/False/False/1001/801/500/1/160/True/1.3/True/True/True/False/False/800/400/False/False/0.3/panthionIcon4.png/Oden2.png/PantheonMasterBotV01TesterV2 (Use_Time_Filter Start_Time_(HH) Start_Time_(mm) Duration_Time_(HH) Duration_Time_(mm) averageFast averageSlow averageTrend UseTrend UseTrendReverse ProfitStop LossStop MaxTrades Contracts MaxStop Use_MaxStop MaxTPRatio Use_MaxTP Long Short Reverse Use_Kill Kill_Profit_Stop Kill_Loss_Stop Show_Current_PNL Show_Stats_Box Image_Opacity Corner_Image Background_Image Bot_Name ),6245,14780,-8535,1.73169302870533,-2400,45,0.4,
,1.71728971962617,True/2/0/3/0/6/195/300/False/False/1001/801/500/1/160/True/1.3/True/False/True/False/False/800/400/False/False/0.3/panthionIcon4.png/Oden2.png/PantheonMasterBotV01TesterV2 (Use_Time_Filter Start_Time_(HH) Start_Time_(mm) Duration_Time_(HH) Duration_Time_(mm) averageFast averageSlow averageTrend UseTrend UseTrendReverse ProfitStop LossStop MaxTrades Contracts MaxStop Use_MaxStop MaxTPRatio Use_MaxTP Long Short Reverse Use_Kill Kill_Profit_Stop Kill_Loss_Stop Show_Current_PNL Show_Stats_Box Image_Opacity Corner_Image Background_Image Bot_Name ),3070,7350,-4280,1.71728971962617,-2255,18,0.444444444444444,
,1.71209677419355,True/2/0/3/0/7/155/300/False/False/1001/801/500/1/180/True/1.1/True/True/False/False/False/800/400/False/False/0.3/panthionIcon4.png/Oden2.png/PantheonMasterBotV01TesterV2 (Use_Time_Filter Start_Time_(HH) Start_Time_(mm) Duration_Time_(HH) Duration_Time_(mm) averageFast averageSlow averageTrend UseTrend UseTrendReverse ProfitStop LossStop MaxTrades Contracts MaxStop Use_MaxStop MaxTPRatio Use_MaxTP Long Short Reverse Use_Kill Kill_Profit_Stop Kill_Loss_Stop Show_Current_PNL Show_Stats_Box Image_Opacity Corner_Image Background_Image Bot_Name ),4415,10615,-6200,1.71209677419355,-1800,21,0.571428571428571,
,1.7117903930131,True/2/0/3/0/6/195/300/False/False/1001/801/500/1/140/True/1.6/True/False/True/False/False/800/400/False/False/0.3/panthionIcon4.png/Oden2.png/PantheonMasterBotV01TesterV2 (Use_Time_Filter Start_Time_(HH) Start_Time_(mm) Duration_Time_(HH) Duration_Time_(mm) averageFast averageSlow averageTrend UseTrend UseTrendReverse ProfitStop LossStop MaxTrades Contracts MaxStop Use_MaxStop MaxTPRatio Use_MaxTP Long Short Reverse Use_Kill Kill_Profit_Stop Kill_Loss_Stop Show_Current_PNL Show_Stats_Box Image_Opacity Corner_Image Background_Image Bot_Name ),3260,7840,-4580,1.7117903930131,-2055,18,0.388888888888889,
,1.7115987460815,True/2/0/3/0/6/195/300/False/False/1001/801/500/1/140/True/1.3/True/False/True/False/False/800/400/False/False/0.3/panthionIcon4.png/Oden2.png/PantheonMasterBotV01TesterV2 (Use_Time_Filter Start_Time_(HH) Start_Time_(mm) Duration_Time_(HH) Duration_Time_(mm) averageFast averageSlow averageTrend UseTrend UseTrendReverse ProfitStop LossStop MaxTrades Contracts MaxStop Use_MaxStop MaxTPRatio Use_MaxTP Long Short Reverse Use_Kill Kill_Profit_Stop Kill_Loss_Stop Show_Current_PNL Show_Stats_Box Image_Opacity Corner_Image Background_Image Bot_Name ),3405,8190,-4785,1.7115987460815,-1285,19,0.473684210526316,
,1.70962099125364,True/2/0/3/0/10/165/300/False/False/1001/801/500/1/160/True/1.3/True/True/True/False/False/800/400/False/False/0.3/panthionIcon4.png/Oden2.png/PantheonMasterBotV01TesterV2 (Use_Time_Filter Start_Time_(HH) Start_Time_(mm) Duration_Time_(HH) Duration_Time_(mm) averageFast averageSlow averageTrend UseTrend UseTrendReverse ProfitStop LossStop MaxTrades Contracts MaxStop Use_MaxStop MaxTPRatio Use_MaxTP Long Short Reverse Use_Kill Kill_Profit_Stop Kill_Loss_Stop Show_Current_PNL Show_Stats_Box Image_Opacity Corner_Image Background_Image Bot_Name ),6085,14660,-8575,1.70962099125364,-2810,41,0.390243902439024,
,1.70833333333333,True/2/0/3/0/7/175/300/False/False/1001/801/500/1/180/True/1.7/True/False/True/False/False/800/400/False/False/0.3/panthionIcon4.png/Oden2.png/PantheonMasterBotV01TesterV2 (Use_Time_Filter Start_Time_(HH) Start_Time_(mm) Duration_Time_(HH) Duration_Time_(mm) averageFast averageSlow averageTrend UseTrend UseTrendReverse ProfitStop LossStop MaxTrades Contracts MaxStop Use_MaxStop MaxTPRatio Use_MaxTP Long Short Reverse Use_Kill Kill_Profit_Stop Kill_Loss_Stop Show_Current_PNL Show_Stats_Box Image_Opacity Corner_Image Background_Image Bot_Name ),3910,9430,-5520,1.70833333333333,-2410,19,0.473684210526316,
,1.70663562281723,True/2/0/3/0/10/165/300/False/False/1001/801/500/1/140/True/1.6/True/True/True/False/False/800/400/False/False/0.3/panthionIcon4.png/Oden2.png/PantheonMasterBotV01TesterV2 (Use_Time_Filter Start_Time_(HH) Start_Time_(mm) Duration_Time_(HH) Duration_Time_(mm) averageFast averageSlow averageTrend UseTrend UseTrendReverse ProfitStop LossStop MaxTrades Contracts MaxStop Use_MaxStop MaxTPRatio Use_MaxTP Long Short Reverse Use_Kill Kill_Profit_Stop Kill_Loss_Stop Show_Current_PNL Show_Stats_Box Image_Opacity Corner_Image Background_Image Bot_Name ),6070,14660,-8590,1.70663562281723,-2550,39,0.384615384615385,
,1.7027027027027,True/2/0/3/0/10/195/300/False/False/1001/801/500/1/160/True/1.2/True/False/True/False/False/800/400/False/False/0.3/panthionIcon4.png/Oden2.png/PantheonMasterBotV01TesterV2 (Use_Time_Filter Start_Time_(HH) Start_Time_(mm) Duration_Time_(HH) Duration_Time_(mm) averageFast averageSlow averageTrend UseTrend UseTrendReverse ProfitStop LossStop MaxTrades Contracts MaxStop Use_MaxStop MaxTPRatio Use_MaxTP Long Short Reverse Use_Kill Kill_Profit_Stop Kill_Loss_Stop Show_Current_PNL Show_Stats_Box Image_Opacity Corner_Image Background_Image Bot_Name ),3640,8820,-5180,1.7027027027027,-2370,19,0.526315789473684,
,1.70142700329308,True/2/0/3/0/6/195/300/False/False/1001/801/500/1/160/True/1.2/True/False/True/False/False/800/400/False/False/0.3/panthionIcon4.png/Oden2.png/PantheonMasterBotV01TesterV2 (Use_Time_Filter Start_Time_(HH) Start_Time_(mm) Duration_Time_(HH) Duration_Time_(mm) averageFast averageSlow averageTrend UseTrend UseTrendReverse ProfitStop LossStop MaxTrades Contracts MaxStop Use_MaxStop MaxTPRatio Use_MaxTP Long Short Reverse Use_Kill Kill_Profit_Stop Kill_Loss_Stop Show_Current_PNL Show_Stats_Box Image_Opacity Corner_Image Background_Image Bot_Name ),3195,7750,-4555,1.70142700329308,-2255,19,0.473684210526316,
,1.69925512104283,True/2/0/3/0/10/185/300/False/False/1001/801/500/1/160/True/1.4/True/False/True/False/False/800/400/False/False/0.3/panthionIcon4.png/Oden2.png/PantheonMasterBotV01TesterV2 (Use_Time_Filter Start_Time_(HH) Start_Time_(mm) Duration_Time_(HH) Duration_Time_(mm) averageFast averageSlow averageTrend UseTrend UseTrendReverse ProfitStop LossStop MaxTrades Contracts MaxStop Use_MaxStop MaxTPRatio Use_MaxTP Long Short Reverse Use_Kill Kill_Profit_Stop Kill_Loss_Stop Show_Current_PNL Show_Stats_Box Image_Opacity Corner_Image Background_Image Bot_Name ),3755,9125,-5370,1.69925512104283,-2310,18,0.5,
,1.69707207207207,True/2/0/3/0/10/175/300/False/False/1001/801/500/1/180/True/1.1/True/True/True/False/False/800/400/False/False/0.3/panthionIcon4.png/Oden2.png/PantheonMasterBotV01TesterV2 (Use_Time_Filter Start_Time_(HH) Start_Time_(mm) Duration_Time_(HH) Duration_Time_(mm) averageFast averageSlow averageTrend UseTrend UseTrendReverse ProfitStop LossStop MaxTrades Contracts MaxStop Use_MaxStop MaxTPRatio Use_MaxTP Long Short Reverse Use_Kill Kill_Profit_Stop Kill_Loss_Stop Show_Current_PNL Show_Stats_Box Image_Opacity Corner_Image Background_Image Bot_Name ),6190,15070,-8880,1.69707207207207,-2480,48,0.395833333333333,
,1.69451697127937,True/2/0/3/0/7/165/300/False/False/1001/801/500/1/180/True/1.3/True/True/False/False/False/800/400/False/False/0.3/panthionIcon4.png/Oden2.png/PantheonMasterBotV01TesterV2 (Use_Time_Filter Start_Time_(HH) Start_Time_(mm) Duration_Time_(HH) Duration_Time_(mm) averageFast averageSlow averageTrend UseTrend UseTrendReverse ProfitStop LossStop MaxTrades Contracts MaxStop Use_MaxStop MaxTPRatio Use_MaxTP Long Short Reverse Use_Kill Kill_Profit_Stop Kill_Loss_Stop Show_Current_PNL Show_Stats_Box Image_Opacity Corner_Image Background_Image Bot_Name ),3990,9735,-5745,1.69451697127937,-1940,18,0.555555555555556,
,1.69060773480663,True/2/0/3/0/6/195/300/False/False/1001/801/500/1/180/True/1.4/True/False/True/False/False/800/400/False/False/0.3/panthionIcon4.png/Oden2.png/PantheonMasterBotV01TesterV2 (Use_Time_Filter Start_Time_(HH) Start_Time_(mm) Duration_Time_(HH) Duration_Time_(mm) averageFast averageSlow averageTrend UseTrend UseTrendReverse ProfitStop LossStop MaxTrades Contracts MaxStop Use_MaxStop MaxTPRatio Use_MaxTP Long Short Reverse Use_Kill Kill_Profit_Stop Kill_Loss_Stop Show_Current_PNL Show_Stats_Box Image_Opacity Corner_Image Background_Image Bot_Name ),3125,7650,-4525,1.69060773480663,-2300,17,0.470588235294118,
,1.68971061093248,True/2/0/3/0/10/175/300/False/False/1001/801/500/1/180/True/1.6/True/True/True/False/False/800/400/False/False/0.3/panthionIcon4.png/Oden2.png/PantheonMasterBotV01TesterV2 (Use_Time_Filter Start_Time_(HH) Start_Time_(mm) Duration_Time_(HH) Duration_Time_(mm) averageFast averageSlow averageTrend UseTrend UseTrendReverse ProfitStop LossStop MaxTrades Contracts MaxStop Use_MaxStop MaxTPRatio Use_MaxTP Long Short Reverse Use_Kill Kill_Profit_Stop Kill_Loss_Stop Show_Current_PNL Show_Stats_Box Image_Opacity Corner_Image Background_Image Bot_Name ),6435,15765,-9330,1.68971061093248,-2400,48,0.375,
,1.68767123287671,True/2/0/3/0/10/185/300/False/False/1001/801/500/1/140/True/1.1/True/False/True/False/False/800/400/False/False/0.3/panthionIcon4.png/Oden2.png/PantheonMasterBotV01TesterV2 (Use_Time_Filter Start_Time_(HH) Start_Time_(mm) Duration_Time_(HH) Duration_Time_(mm) averageFast averageSlow averageTrend UseTrend UseTrendReverse ProfitStop LossStop MaxTrades Contracts MaxStop Use_MaxStop MaxTPRatio Use_MaxTP Long Short Reverse Use_Kill Kill_Profit_Stop Kill_Loss_Stop Show_Current_PNL Show_Stats_Box Image_Opacity Corner_Image Background_Image Bot_Name ),3765,9240,-5475,1.68767123287671,-1285,21,0.571428571428571,
,1.68618784530387,True/2/0/3/0/6/195/300/False/False/1001/801/500/1/180/True/1.2/True/False/True/False/False/800/400/False/False/0.3/panthionIcon4.png/Oden2.png/PantheonMasterBotV01TesterV2 (Use_Time_Filter Start_Time_(HH) Start_Time_(mm) Duration_Time_(HH) Duration_Time_(mm) averageFast averageSlow averageTrend UseTrend UseTrendReverse ProfitStop LossStop MaxTrades Contracts MaxStop Use_MaxStop MaxTPRatio Use_MaxTP Long Short Reverse Use_Kill Kill_Profit_Stop Kill_Loss_Stop Show_Current_PNL Show_Stats_Box Image_Opacity Corner_Image Background_Image Bot_Name ),3105,7630,-4525,1.68618784530387,-2300,17,0.470588235294118,
,1.6804788213628,True/2/0/3/0/10/185/300/False/False/1001/801/500/1/160/True/1.6/True/False/True/False/False/800/400/False/False/0.3/panthionIcon4.png/Oden2.png/PantheonMasterBotV01TesterV2 (Use_Time_Filter Start_Time_(HH) Start_Time_(mm) Duration_Time_(HH) Duration_Time_(mm) averageFast averageSlow averageTrend UseTrend UseTrendReverse ProfitStop LossStop MaxTrades Contracts MaxStop Use_MaxStop MaxTPRatio Use_MaxTP Long Short Reverse Use_Kill Kill_Profit_Stop Kill_Loss_Stop Show_Current_PNL Show_Stats_Box Image_Opacity Corner_Image Background_Image Bot_Name ),3695,9125,-5430,1.6804788213628,-2310,18,0.444444444444444,
,1.66458333333333,True/2/0/3/0/6/195/300/False/False/1001/801/500/1/180/True/1.1/True/False/True/False/False/800/400/False/False/0.3/panthionIcon4.png/Oden2.png/PantheonMasterBotV01TesterV2 (Use_Time_Filter Start_Time_(HH) Start_Time_(mm) Duration_Time_(HH) Duration_Time_(mm) averageFast averageSlow averageTrend UseTrend UseTrendReverse ProfitStop LossStop MaxTrades Contracts MaxStop Use_MaxStop MaxTPRatio Use_MaxTP Long Short Reverse Use_Kill Kill_Profit_Stop Kill_Loss_Stop Show_Current_PNL Show_Stats_Box Image_Opacity Corner_Image Background_Image Bot_Name ),3190,7990,-4800,1.66458333333333,-2300,18,0.5,
,1.66368214885283,True/2/0/3/0/10/175/300/False/False/1001/801/500/1/180/True/1.5/True/True/True/False/False/800/400/False/False/0.3/panthionIcon4.png/Oden2.png/PantheonMasterBotV01TesterV2 (Use_Time_Filter Start_Time_(HH) Start_Time_(mm) Duration_Time_(HH) Duration_Time_(mm) averageFast averageSlow averageTrend UseTrend UseTrendReverse ProfitStop LossStop MaxTrades Contracts MaxStop Use_MaxStop MaxTPRatio Use_MaxTP Long Short Reverse Use_Kill Kill_Profit_Stop Kill_Loss_Stop Show_Current_PNL Show_Stats_Box Image_Opacity Corner_Image Background_Image Bot_Name ),5930,14865,-8935,1.66368214885283,-2400,47,0.382978723404255,
,1.66009389671361,True/2/0/3/0/5/195/300/False/False/1001/801/500/1/160/True/1.2/True/False/True/False/False/800/400/False/False/0.3/panthionIcon4.png/Oden2.png/PantheonMasterBotV01TesterV2 (Use_Time_Filter Start_Time_(HH) Start_Time_(mm) Duration_Time_(HH) Duration_Time_(mm) averageFast averageSlow averageTrend UseTrend UseTrendReverse ProfitStop LossStop MaxTrades Contracts MaxStop Use_MaxStop MaxTPRatio Use_MaxTP Long Short Reverse Use_Kill Kill_Profit_Stop Kill_Loss_Stop Show_Current_PNL Show_Stats_Box Image_Opacity Corner_Image Background_Image Bot_Name ),3515,8840,-5325,1.66009389671361,-1600,20,0.5,
,1.65407725321888,True/2/0/3/0/8/155/300/False/False/1001/801/500/1/180/True/1.3/True/True/False/False/False/800/400/False/False/0.3/panthionIcon4.png/Oden2.png/PantheonMasterBotV01TesterV2 (Use_Time_Filter Start_Time_(HH) Start_Time_(mm) Duration_Time_(HH) Duration_Time_(mm) averageFast averageSlow averageTrend UseTrend UseTrendReverse ProfitStop LossStop MaxTrades Contracts MaxStop Use_MaxStop MaxTPRatio Use_MaxTP Long Short Reverse Use_Kill Kill_Profit_Stop Kill_Loss_Stop Show_Current_PNL Show_Stats_Box Image_Opacity Corner_Image Background_Image Bot_Name ),3810,9635,-5825,1.65407725321888,-1800,18,0.5,
,1.64790996784566,True/2/0/3/0/10/175/300/False/False/1001/801/500/1/180/True/1.7/True/True/True/False/False/800/400/False/False/0.3/panthionIcon4.png/Oden2.png/PantheonMasterBotV01TesterV2 (Use_Time_Filter Start_Time_(HH) Start_Time_(mm) Duration_Time_(HH) Duration_Time_(mm) averageFast averageSlow averageTrend UseTrend UseTrendReverse ProfitStop LossStop MaxTrades Contracts MaxStop Use_MaxStop MaxTPRatio Use_MaxTP Long Short Reverse Use_Kill Kill_Profit_Stop Kill_Loss_Stop Show_Current_PNL Show_Stats_Box Image_Opacity Corner_Image Background_Image Bot_Name ),6045,15375,-9330,1.64790996784566,-2400,48,0.375,
,1.64785992217899,True/2/0/3/0/10/195/300/False/False/1001/801/500/1/140/True/1.1/True/False/True/False/False/800/400/False/False/0.3/panthionIcon4.png/Oden2.png/PantheonMasterBotV01TesterV2 (Use_Time_Filter Start_Time_(HH) Start_Time_(mm) Duration_Time_(HH) Duration_Time_(mm) averageFast averageSlow averageTrend UseTrend UseTrendReverse ProfitStop LossStop MaxTrades Contracts MaxStop Use_MaxStop MaxTPRatio Use_MaxTP Long Short Reverse Use_Kill Kill_Profit_Stop Kill_Loss_Stop Show_Current_PNL Show_Stats_Box Image_Opacity Corner_Image Background_Image Bot_Name ),3330,8470,-5140,1.64785992217899,-1400,20,0.55,
,1.64765957446809,True/2/0/3/0/9/195/300/False/False/1001/801/500/1/160/True/1.1/True/False/True/False/False/800/400/False/False/0.3/panthionIcon4.png/Oden2.png/PantheonMasterBotV01TesterV2 (Use_Time_Filter Start_Time_(HH) Start_Time_(mm) Duration_Time_(HH) Duration_Time_(mm) averageFast averageSlow averageTrend UseTrend UseTrendReverse ProfitStop LossStop MaxTrades Contracts MaxStop Use_MaxStop MaxTPRatio Use_MaxTP Long Short Reverse Use_Kill Kill_Profit_Stop Kill_Loss_Stop Show_Current_PNL Show_Stats_Box Image_Opacity Corner_Image Background_Image Bot_Name ),3805,9680,-5875,1.64765957446809,-1540,20,0.55,
,1.64710957722174,True/2/0/3/0/8/155/300/False/False/1001/801/500/1/180/True/1.1/True/True/False/False/False/800/400/False/False/0.3/panthionIcon4.png/Oden2.png/PantheonMasterBotV01TesterV2 (Use_Time_Filter Start_Time_(HH) Start_Time_(mm) Duration_Time_(HH) Duration_Time_(mm) averageFast averageSlow averageTrend UseTrend UseTrendReverse ProfitStop LossStop MaxTrades Contracts MaxStop Use_MaxStop MaxTPRatio Use_MaxTP Long Short Reverse Use_Kill Kill_Profit_Stop Kill_Loss_Stop Show_Current_PNL Show_Stats_Box Image_Opacity Corner_Image Background_Image Bot_Name ),3750,9545,-5795,1.64710957722174,-1865,19,0.578947368421053,
,1.64521544487969,True/2/0/3/0/10/175/300/False/False/1001/801/500/1/180/True/1.4/True/True/True/False/False/800/400/False/False/0.3/panthionIcon4.png/Oden2.png/PantheonMasterBotV01TesterV2 (Use_Time_Filter Start_Time_(HH) Start_Time_(mm) Duration_Time_(HH) Duration_Time_(mm) averageFast averageSlow averageTrend UseTrend UseTrendReverse ProfitStop LossStop MaxTrades Contracts MaxStop Use_MaxStop MaxTPRatio Use_MaxTP Long Short Reverse Use_Kill Kill_Profit_Stop Kill_Loss_Stop Show_Current_PNL Show_Stats_Box Image_Opacity Corner_Image Background_Image Bot_Name ),5765,14700,-8935,1.64521544487969,-2400,47,0.382978723404255,
,1.64456233421751,True/2/0/3/0/10/195/300/False/False/1001/801/500/1/180/True/1.6/True/True/True/False/False/800/400/False/False/0.3/panthionIcon4.png/Oden2.png/PantheonMasterBotV01TesterV2 (Use_Time_Filter Start_Time_(HH) Start_Time_(mm) Duration_Time_(HH) Duration_Time_(mm) averageFast averageSlow averageTrend UseTrend UseTrendReverse ProfitStop LossStop MaxTrades Contracts MaxStop Use_MaxStop MaxTPRatio Use_MaxTP Long Short Reverse Use_Kill Kill_Profit_Stop Kill_Loss_Stop Show_Current_PNL Show_Stats_Box Image_Opacity Corner_Image Background_Image Bot_Name ),6075,15500,-9425,1.64456233421751,-2555,45,0.311111111111111,
,1.64154013015184,True/2/0/3/0/10/185/300/False/False/1001/801/500/1/160/True/1.1/True/True/True/False/False/800/400/False/False/0.3/panthionIcon4.png/Oden2.png/PantheonMasterBotV01TesterV2 (Use_Time_Filter Start_Time_(HH) Start_Time_(mm) Duration_Time_(HH) Duration_Time_(mm) averageFast averageSlow averageTrend UseTrend UseTrendReverse ProfitStop LossStop MaxTrades Contracts MaxStop Use_MaxStop MaxTPRatio Use_MaxTP Long Short Reverse Use_Kill Kill_Profit_Stop Kill_Loss_Stop Show_Current_PNL Show_Stats_Box Image_Opacity Corner_Image Background_Image Bot_Name ),5915,15135,-9220,1.64154013015184,-2850,48,0.416666666666667,
,1.6412213740458,True/2/0/3/0/5/195/300/False/False/1001/801/500/1/160/True/1.5/True/False/True/False/False/800/400/False/False/0.3/panthionIcon4.png/Oden2.png/PantheonMasterBotV01TesterV2 (Use_Time_Filter Start_Time_(HH) Start_Time_(mm) Duration_Time_(HH) Duration_Time_(mm) averageFast averageSlow averageTrend UseTrend UseTrendReverse ProfitStop LossStop MaxTrades Contracts MaxStop Use_MaxStop MaxTPRatio Use_MaxTP Long Short Reverse Use_Kill Kill_Profit_Stop Kill_Loss_Stop Show_Current_PNL Show_Stats_Box Image_Opacity Corner_Image Background_Image Bot_Name ),3360,8600,-5240,1.6412213740458,-2315,19,0.421052631578947,
,1.64092664092664,True/2/0/3/0/10/195/300/False/False/1001/801/500/1/160/True/1.3/True/False/True/False/False/800/400/False/False/0.3/panthionIcon4.png/Oden2.png/PantheonMasterBotV01TesterV2 (Use_Time_Filter Start_Time_(HH) Start_Time_(mm) Duration_Time_(HH) Duration_Time_(mm) averageFast averageSlow averageTrend UseTrend UseTrendReverse ProfitStop LossStop MaxTrades Contracts MaxStop Use_MaxStop MaxTPRatio Use_MaxTP Long Short Reverse Use_Kill Kill_Profit_Stop Kill_Loss_Stop Show_Current_PNL Show_Stats_Box Image_Opacity Corner_Image Background_Image Bot_Name ),3320,8500,-5180,1.64092664092664,-2370,18,0.5,
,1.63584366062917,True/2/0/3/0/10/195/300/False/False/1001/801/500/1/160/True/1.5/True/False/True/False/False/800/400/False/False/0.3/panthionIcon4.png/Oden2.png/PantheonMasterBotV01TesterV2 (Use_Time_Filter Start_Time_(HH) Start_Time_(mm) Duration_Time_(HH) Duration_Time_(mm) averageFast averageSlow averageTrend UseTrend UseTrendReverse ProfitStop LossStop MaxTrades Contracts MaxStop Use_MaxStop MaxTPRatio Use_MaxTP Long Short Reverse Use_Kill Kill_Profit_Stop Kill_Loss_Stop Show_Current_PNL Show_Stats_Box Image_Opacity Corner_Image Background_Image Bot_Name ),3335,8580,-5245,1.63584366062917,-2370,18,0.444444444444444,
,1.63475546305931,True/2/0/3/0/10/165/300/False/False/1001/801/500/1/160/True/1.5/True/True/True/False/False/800/400/False/False/0.3/panthionIcon4.png/Oden2.png/PantheonMasterBotV01TesterV2 (Use_Time_Filter Start_Time_(HH) Start_Time_(mm) Duration_Time_(HH) Duration_Time_(mm) averageFast averageSlow averageTrend UseTrend UseTrendReverse ProfitStop LossStop MaxTrades Contracts MaxStop Use_MaxStop MaxTPRatio Use_MaxTP Long Short Reverse Use_Kill Kill_Profit_Stop Kill_Loss_Stop Show_Current_PNL Show_Stats_Box Image_Opacity Corner_Image Background_Image Bot_Name ),6100,15710,-9610,1.63475546305931,-2630,45,0.355555555555556,
,1.63406214039125,True/2/0/3/0/10/165/300/False/False/1001/801/500/1/180/True/1.2/True/True/True/False/False/800/400/False/False/0.3/panthionIcon4.png/Oden2.png/PantheonMasterBotV01TesterV2 (Use_Time_Filter Start_Time_(HH) Start_Time_(mm) Duration_Time_(HH) Duration_Time_(mm) averageFast averageSlow averageTrend UseTrend UseTrendReverse ProfitStop LossStop MaxTrades Contracts MaxStop Use_MaxStop MaxTPRatio Use_MaxTP Long Short Reverse Use_Kill Kill_Profit_Stop Kill_Loss_Stop Show_Current_PNL Show_Stats_Box Image_Opacity Corner_Image Background_Image Bot_Name ),5510,14200,-8690,1.63406214039125,-2745,41,0.390243902439024,
,1.63355834136933,True/2/0/3/0/7/175/300/False/False/1001/801/500/1/180/True/1.3/True/True/False/False/False/800/400/False/False/0.3/panthionIcon4.png/Oden2.png/PantheonMasterBotV01TesterV2 (Use_Time_Filter Start_Time_(HH) Start_Time_(mm) Duration_Time_(HH) Duration_Time_(mm) averageFast averageSlow averageTrend UseTrend UseTrendReverse ProfitStop LossStop MaxTrades Contracts MaxStop Use_MaxStop MaxTPRatio Use_MaxTP Long Short Reverse Use_Kill Kill_Profit_Stop Kill_Loss_Stop Show_Current_PNL Show_Stats_Box Image_Opacity Corner_Image Background_Image Bot_Name ),3285,8470,-5185,1.63355834136933,-2645,17,0.529411764705882,
,1.62823230182281,True/2/0/3/0/7/155/300/False/False/1001/801/500/1/160/True/1.2/True/True/True/False/False/800/400/False/False/0.3/panthionIcon4.png/Oden2.png/PantheonMasterBotV01TesterV2 (Use_Time_Filter Start_Time_(HH) Start_Time_(mm) Duration_Time_(HH) Duration_Time_(mm) averageFast averageSlow averageTrend UseTrend UseTrendReverse ProfitStop LossStop MaxTrades Contracts MaxStop Use_MaxStop MaxTPRatio Use_MaxTP Long Short Reverse Use_Kill Kill_Profit_Stop Kill_Loss_Stop Show_Current_PNL Show_Stats_Box Image_Opacity Corner_Image Background_Image Bot_Name ),7410,19205,-11795,1.62823230182281,-2495,67,0.313432835820896,
,1.62404371584699,True/2/0/3/0/8/155/300/False/False/1001/801/500/1/180/True/1.3/True/True/True/False/False/800/400/False/False/0.3/panthionIcon4.png/Oden2.png/PantheonMasterBotV01TesterV2 (Use_Time_Filter Start_Time_(HH) Start_Time_(mm) Duration_Time_(HH) Duration_Time_(mm) averageFast averageSlow averageTrend UseTrend UseTrendReverse ProfitStop LossStop MaxTrades Contracts MaxStop Use_MaxStop MaxTPRatio Use_MaxTP Long Short Reverse Use_Kill Kill_Profit_Stop Kill_Loss_Stop Show_Current_PNL Show_Stats_Box Image_Opacity Corner_Image Background_Image Bot_Name ),5710,14860,-9150,1.62404371584699,-2595,49,0.326530612244898,
,1.61787905346188,True/2/0/3/0/7/175/300/False/False/1001/801/500/1/140/True/1.3/True/False/True/False/False/800/400/False/False/0.3/panthionIcon4.png/Oden2.png/PantheonMasterBotV01TesterV2 (Use_Time_Filter Start_Time_(HH) Start_Time_(mm) Duration_Time_(HH) Duration_Time_(mm) averageFast averageSlow averageTrend UseTrend UseTrendReverse ProfitStop LossStop MaxTrades Contracts MaxStop Use_MaxStop MaxTPRatio Use_MaxTP Long Short Reverse Use_Kill Kill_Profit_Stop Kill_Loss_Stop Show_Current_PNL Show_Stats_Box Image_Opacity Corner_Image Background_Image Bot_Name ),3525,9230,-5705,1.61787905346188,-1540,21,0.523809523809524,
,1.61715160796325,True/2/0/3/0/7/165/300/False/False/1001/801/500/1/180/True/1.1/True/True/True/False/False/800/400/False/False/0.3/panthionIcon4.png/Oden2.png/PantheonMasterBotV01TesterV2 (Use_Time_Filter Start_Time_(HH) Start_Time_(mm) Duration_Time_(HH) Duration_Time_(mm) averageFast averageSlow averageTrend UseTrend UseTrendReverse ProfitStop LossStop MaxTrades Contracts MaxStop Use_MaxStop MaxTPRatio Use_MaxTP Long Short Reverse Use_Kill Kill_Profit_Stop Kill_Loss_Stop Show_Current_PNL Show_Stats_Box Image_Opacity Corner_Image Background_Image Bot_Name ),6045,15840,-9795,1.61715160796325,-2485,54,0.296296296296296,
,1.61705831157528,True/2/0/3/0/7/165/300/False/False/1001/801/500/1/180/True/1.4/True/True/False/False/False/800/400/False/False/0.3/panthionIcon4.png/Oden2.png/PantheonMasterBotV01TesterV2 (Use_Time_Filter Start_Time_(HH) Start_Time_(mm) Duration_Time_(HH) Duration_Time_(mm) averageFast averageSlow averageTrend UseTrend UseTrendReverse ProfitStop LossStop MaxTrades Contracts MaxStop Use_MaxStop MaxTPRatio Use_MaxTP Long Short Reverse Use_Kill Kill_Profit_Stop Kill_Loss_Stop Show_Current_PNL Show_Stats_Box Image_Opacity Corner_Image Background_Image Bot_Name ),3545,9290,-5745,1.61705831157528,-1800,18,0.555555555555556,
,1.61583734617442,True/2/0/3/0/10/175/300/False/False/1001/801/500/1/160/True/1.1/True/True/True/False/False/800/400/False/False/0.3/panthionIcon4.png/Oden2.png/PantheonMasterBotV01TesterV2 (Use_Time_Filter Start_Time_(HH) Start_Time_(mm) Duration_Time_(HH) Duration_Time_(mm) averageFast averageSlow averageTrend UseTrend UseTrendReverse ProfitStop LossStop MaxTrades Contracts MaxStop Use_MaxStop MaxTPRatio Use_MaxTP Long Short Reverse Use_Kill Kill_Profit_Stop Kill_Loss_Stop Show_Current_PNL Show_Stats_Box Image_Opacity Corner_Image Background_Image Bot_Name ),5755,15100,-9345,1.61583734617442,-2375,50,0.4,
,1.61483007209063,True/2/0/3/0/6/195/300/False/False/1001/801/500/1/140/True/1.4/True/False/True/False/False/800/400/False/False/0.3/panthionIcon4.png/Oden2.png/PantheonMasterBotV01TesterV2 (Use_Time_Filter Start_Time_(HH) Start_Time_(mm) Duration_Time_(HH) Duration_Time_(mm) averageFast averageSlow averageTrend UseTrend UseTrendReverse ProfitStop LossStop MaxTrades Contracts MaxStop Use_MaxStop MaxTPRatio Use_MaxTP Long Short Reverse Use_Kill Kill_Profit_Stop Kill_Loss_Stop Show_Current_PNL Show_Stats_Box Image_Opacity Corner_Image Background_Image Bot_Name ),2985,7840,-4855,1.61483007209063,-2080,19,0.421052631578947,
,1.61050724637681,True/2/0/3/0/7/175/300/False/False/1001/801/500/1/180/True/1.6/True/False/True/False/False/800/400/False/False/0.3/panthionIcon4.png/Oden2.png/PantheonMasterBotV01TesterV2 (Use_Time_Filter Start_Time_(HH) Start_Time_(mm) Duration_Time_(HH) Duration_Time_(mm) averageFast averageSlow averageTrend UseTrend UseTrendReverse ProfitStop LossStop MaxTrades Contracts MaxStop Use_MaxStop MaxTPRatio Use_MaxTP Long Short Reverse Use_Kill Kill_Profit_Stop Kill_Loss_Stop Show_Current_PNL Show_Stats_Box Image_Opacity Corner_Image Background_Image Bot_Name ),3370,8890,-5520,1.61050724637681,-2410,19,0.473684210526316,
,1.60861759425494,True/2/0/3/0/10/185/300/False/False/1001/801/500/1/140/True/1.6/True/False/True/False/False/800/400/False/False/0.3/panthionIcon4.png/Oden2.png/PantheonMasterBotV01TesterV2 (Use_Time_Filter Start_Time_(HH) Start_Time_(mm) Duration_Time_(HH) Duration_Time_(mm) averageFast averageSlow averageTrend UseTrend UseTrendReverse ProfitStop LossStop MaxTrades Contracts MaxStop Use_MaxStop MaxTPRatio Use_MaxTP Long Short Reverse Use_Kill Kill_Profit_Stop Kill_Loss_Stop Show_Current_PNL Show_Stats_Box Image_Opacity Corner_Image Background_Image Bot_Name ),3390,8960,-5570,1.60861759425494,-2275,18,0.444444444444444,
,1.60835509138381,True/2/0/3/0/7/165/300/False/False/1001/801/500/1/180/True/1.7/True/True/False/False/False/800/400/False/False/0.3/panthionIcon4.png/Oden2.png/PantheonMasterBotV01TesterV2 (Use_Time_Filter Start_Time_(HH) Start_Time_(mm) Duration_Time_(HH) Duration_Time_(mm) averageFast averageSlow averageTrend UseTrend UseTrendReverse ProfitStop LossStop MaxTrades Contracts MaxStop Use_MaxStop MaxTPRatio Use_MaxTP Long Short Reverse Use_Kill Kill_Profit_Stop Kill_Loss_Stop Show_Current_PNL Show_Stats_Box Image_Opacity Corner_Image Background_Image Bot_Name ),3495,9240,-5745,1.60835509138381,-1800,18,0.555555555555556,
,1.60568720379147,True/2/0/3/0/9/195/300/False/False/1001/801/500/1/140/True/1.1/True/False/True/False/False/800/400/False/False/0.3/panthionIcon4.png/Oden2.png/PantheonMasterBotV01TesterV2 (Use_Time_Filter Start_Time_(HH) Start_Time_(mm) Duration_Time_(HH) Duration_Time_(mm) averageFast averageSlow averageTrend UseTrend UseTrendReverse ProfitStop LossStop MaxTrades Contracts MaxStop Use_MaxStop MaxTPRatio Use_MaxTP Long Short Reverse Use_Kill Kill_Profit_Stop Kill_Loss_Stop Show_Current_PNL Show_Stats_Box Image_Opacity Corner_Image Background_Image Bot_Name ),3195,8470,-5275,1.60568720379147,-1460,20,0.55,
,1.60487380330722,True/2/0/3/0/7/165/300/False/False/1001/801/500/1/180/True/1.5/True/True/False/False/False/800/400/False/False/0.3/panthionIcon4.png/Oden2.png/PantheonMasterBotV01TesterV2 (Use_Time_Filter Start_Time_(HH) Start_Time_(mm) Duration_Time_(HH) Duration_Time_(mm) averageFast averageSlow averageTrend UseTrend UseTrendReverse ProfitStop LossStop MaxTrades Contracts MaxStop Use_MaxStop MaxTPRatio Use_MaxTP Long Short Reverse Use_Kill Kill_Profit_Stop Kill_Loss_Stop Show_Current_PNL Show_Stats_Box Image_Opacity Corner_Image Background_Image Bot_Name ),3475,9220,-5745,1.60487380330722,-1800,18,0.555555555555556,
,1.60480349344978,True/2/0/3/0/6/195/300/False/False/1001/801/500/1/140/True/1.5/True/False/True/False/False/800/400/False/False/0.3/panthionIcon4.png/Oden2.png/PantheonMasterBotV01TesterV2 (Use_Time_Filter Start_Time_(HH) Start_Time_(mm) Duration_Time_(HH) Duration_Time_(mm) averageFast averageSlow averageTrend UseTrend UseTrendReverse ProfitStop LossStop MaxTrades Contracts MaxStop Use_MaxStop MaxTPRatio Use_MaxTP Long Short Reverse Use_Kill Kill_Profit_Stop Kill_Loss_Stop Show_Current_PNL Show_Stats_Box Image_Opacity Corner_Image Background_Image Bot_Name ),2770,7350,-4580,1.60480349344978,-2055,18,0.388888888888889,
,1.60322580645161,True/2/0/3/0/7/155/300/False/False/1001/801/500/1/180/True/1.3/True/True/False/False/False/800/400/False/False/0.3/panthionIcon4.png/Oden2.png/PantheonMasterBotV01TesterV2 (Use_Time_Filter Start_Time_(HH) Start_Time_(mm) Duration_Time_(HH) Duration_Time_(mm) averageFast averageSlow averageTrend UseTrend UseTrendReverse ProfitStop LossStop MaxTrades Contracts MaxStop Use_MaxStop MaxTPRatio Use_MaxTP Long Short Reverse Use_Kill Kill_Profit_Stop Kill_Loss_Stop Show_Current_PNL Show_Stats_Box Image_Opacity Corner_Image Background_Image Bot_Name ),3740,9940,-6200,1.60322580645161,-2355,19,0.526315789473684,
,1.60173501577287,True/2/0/3/0/10/175/300/False/False/1001/801/500/1/140/True/1.6/True/False/True/False/False/800/400/False/False/0.3/panthionIcon4.png/Oden2.png/PantheonMasterBotV01TesterV2 (Use_Time_Filter Start_Time_(HH) Start_Time_(mm) Duration_Time_(HH) Duration_Time_(mm) averageFast averageSlow averageTrend UseTrend UseTrendReverse ProfitStop LossStop MaxTrades Contracts MaxStop Use_MaxStop MaxTPRatio Use_MaxTP Long Short Reverse Use_Kill Kill_Profit_Stop Kill_Loss_Stop Show_Current_PNL Show_Stats_Box Image_Opacity Corner_Image Background_Image Bot_Name ),3815,10155,-6340,1.60173501577287,-2345,21,0.476190476190476,
,1.60081674323635,True/2/0/3/0/7/165/300/False/False/1001/801/500/1/140/True/1.4/True/True/True/False/False/800/400/False/False/0.3/panthionIcon4.png/Oden2.png/PantheonMasterBotV01TesterV2 (Use_Time_Filter Start_Time_(HH) Start_Time_(mm) Duration_Time_(HH) Duration_Time_(mm) averageFast averageSlow averageTrend UseTrend UseTrendReverse ProfitStop LossStop MaxTrades Contracts MaxStop Use_MaxStop MaxTPRatio Use_MaxTP Long Short Reverse Use_Kill Kill_Profit_Stop Kill_Loss_Stop Show_Current_PNL Show_Stats_Box Image_Opacity Corner_Image Background_Image Bot_Name ),5885,15680,-9795,1.60081674323635,-2485,54,0.296296296296296,
,1.60069848661234,True/2/0/3/0/10/165/300/False/False/1001/801/500/1/140/True/1.5/True/True/True/False/False/800/400/False/False/0.3/panthionIcon4.png/Oden2.png/PantheonMasterBotV01TesterV2 (Use_Time_Filter Start_Time_(HH) Start_Time_(mm) Duration_Time_(HH) Duration_Time_(mm) averageFast averageSlow averageTrend UseTrend UseTrendReverse ProfitStop LossStop MaxTrades Contracts MaxStop Use_MaxStop MaxTPRatio Use_MaxTP Long Short Reverse Use_Kill Kill_Profit_Stop Kill_Loss_Stop Show_Current_PNL Show_Stats_Box Image_Opacity Corner_Image Background_Image Bot_Name ),5160,13750,-8590,1.60069848661234,-2690,39,0.384615384615385,
,1.59732824427481,True/2/0/3/0/5/195/300/False/False/1001/801/500/1/160/True/1.7/True/False/True/False/False/800/400/False/False/0.3/panthionIcon4.png/Oden2.png/PantheonMasterBotV01TesterV2 (Use_Time_Filter Start_Time_(HH) Start_Time_(mm) Duration_Time_(HH) Duration_Time_(mm) averageFast averageSlow averageTrend UseTrend UseTrendReverse ProfitStop LossStop MaxTrades Contracts MaxStop Use_MaxStop MaxTPRatio Use_MaxTP Long Short Reverse Use_Kill Kill_Profit_Stop Kill_Loss_Stop Show_Current_PNL Show_Stats_Box Image_Opacity Corner_Image Background_Image Bot_Name ),3130,8370,-5240,1.59732824427481,-2315,19,0.421052631578947,
,1.59151193633952,True/2/0/3/0/10/195/300/False/False/1001/801/500/1/180/True/1.7/True/True/True/False/False/800/400/False/False/0.3/panthionIcon4.png/Oden2.png/PantheonMasterBotV01TesterV2 (Use_Time_Filter Start_Time_(HH) Start_Time_(mm) Duration_Time_(HH) Duration_Time_(mm) averageFast averageSlow averageTrend UseTrend UseTrendReverse ProfitStop LossStop MaxTrades Contracts MaxStop Use_MaxStop MaxTPRatio Use_MaxTP Long Short Reverse Use_Kill Kill_Profit_Stop Kill_Loss_Stop Show_Current_PNL Show_Stats_Box Image_Opacity Corner_Image Background_Image Bot_Name ),5575,15000,-9425,1.59151193633952,-2555,45,0.311111111111111,
,1.58900279589935,True/2/0/3/0/7/195/300/False/False/1001/801/500/1/140/True/1.7/True/False/True/False/False/800/400/False/False/0.3/panthionIcon4.png/Oden2.png/PantheonMasterBotV01TesterV2 (Use_Time_Filter Start_Time_(HH) Start_Time_(mm) Duration_Time_(HH) Duration_Time_(mm) averageFast averageSlow averageTrend UseTrend UseTrendReverse ProfitStop LossStop MaxTrades Contracts MaxStop Use_MaxStop MaxTPRatio Use_MaxTP Long Short Reverse Use_Kill Kill_Profit_Stop Kill_Loss_Stop Show_Current_PNL Show_Stats_Box Image_Opacity Corner_Image Background_Image Bot_Name ),3160,8525,-5365,1.58900279589935,-1920,19,0.473684210526316,
,1.58885941644562,True/2/0/3/0/10/175/300/False/False/1001/801/500/1/160/True/1.6/True/True/True/False/False/800/400/False/False/0.3/panthionIcon4.png/Oden2.png/PantheonMasterBotV01TesterV2 (Use_Time_Filter Start_Time_(HH) Start_Time_(mm) Duration_Time_(HH) Duration_Time_(mm) averageFast averageSlow averageTrend UseTrend UseTrendReverse ProfitStop LossStop MaxTrades Contracts MaxStop Use_MaxStop MaxTPRatio Use_MaxTP Long Short Reverse Use_Kill Kill_Profit_Stop Kill_Loss_Stop Show_Current_PNL Show_Stats_Box Image_Opacity Corner_Image Background_Image Bot_Name ),5550,14975,-9425,1.58885941644562,-2400,49,0.36734693877551,
,1.58852459016393,True/2/0/3/0/8/155/300/False/False/1001/801/500/1/180/True/1.2/True/True/True/False/False/800/400/False/False/0.3/panthionIcon4.png/Oden2.png/PantheonMasterBotV01TesterV2 (Use_Time_Filter Start_Time_(HH) Start_Time_(mm) Duration_Time_(HH) Duration_Time_(mm) averageFast averageSlow averageTrend UseTrend UseTrendReverse ProfitStop LossStop MaxTrades Contracts MaxStop Use_MaxStop MaxTPRatio Use_MaxTP Long Short Reverse Use_Kill Kill_Profit_Stop Kill_Loss_Stop Show_Current_PNL Show_Stats_Box Image_Opacity Corner_Image Background_Image Bot_Name ),5385,14535,-9150,1.58852459016393,-2595,49,0.326530612244898,
,1.58779840848806,True/2/0/3/0/10/175/300/False/False/1001/801/500/1/160/True/1.7/True/True/True/False/False/800/400/False/False/0.3/panthionIcon4.png/Oden2.png/PantheonMasterBotV01TesterV2 (Use_Time_Filter Start_Time_(HH) Start_Time_(mm) Duration_Time_(HH) Duration_Time_(mm) averageFast averageSlow averageTrend UseTrend UseTrendReverse ProfitStop LossStop MaxTrades Contracts MaxStop Use_MaxStop MaxTPRatio Use_MaxTP Long Short Reverse Use_Kill Kill_Profit_Stop Kill_Loss_Stop Show_Current_PNL Show_Stats_Box Image_Opacity Corner_Image Background_Image Bot_Name ),5540,14965,-9425,1.58779840848806,-2400,49,0.36734693877551,
,1.5830258302583,True/2/0/3/0/8/195/300/False/False/1001/801/500/1/140/True/1.2/True/False/True/False/False/800/400/False/False/0.3/panthionIcon4.png/Oden2.png/PantheonMasterBotV01TesterV2 (Use_Time_Filter Start_Time_(HH) Start_Time_(mm) Duration_Time_(HH) Duration_Time_(mm) averageFast averageSlow averageTrend UseTrend UseTrendReverse ProfitStop LossStop MaxTrades Contracts MaxStop Use_MaxStop MaxTPRatio Use_MaxTP Long Short Reverse Use_Kill Kill_Profit_Stop Kill_Loss_Stop Show_Current_PNL Show_Stats_Box Image_Opacity Corner_Image Background_Image Bot_Name ),3160,8580,-5420,1.5830258302583,-1340,20,0.55,
,1.58175704077343,True/2/0/3/0/7/155/300/False/False/1001/801/500/1/180/True/1.1/True/True/True/False/False/800/400/False/False/0.3/panthionIcon4.png/Oden2.png/PantheonMasterBotV01TesterV2 (Use_Time_Filter Start_Time_(HH) Start_Time_(mm) Duration_Time_(HH) Duration_Time_(mm) averageFast averageSlow averageTrend UseTrend UseTrendReverse ProfitStop LossStop MaxTrades Contracts MaxStop Use_MaxStop MaxTPRatio Use_MaxTP Long Short Reverse Use_Kill Kill_Profit_Stop Kill_Loss_Stop Show_Current_PNL Show_Stats_Box Image_Opacity Corner_Image Background_Image Bot_Name ),6920,18815,-11895,1.58175704077343,-2465,66,0.303030303030303,
,1.58009708737864,True/2/0/3/0/8/155/300/False/False/1001/801/500/1/180/True/1.1/True/True/True/False/False/800/400/False/False/0.3/panthionIcon4.png/Oden2.png/PantheonMasterBotV01TesterV2 (Use_Time_Filter Start_Time_(HH) Start_Time_(mm) Duration_Time_(HH) Duration_Time_(mm) averageFast averageSlow averageTrend UseTrend UseTrendReverse ProfitStop LossStop MaxTrades Contracts MaxStop Use_MaxStop MaxTPRatio Use_MaxTP Long Short Reverse Use_Kill Kill_Profit_Stop Kill_Loss_Stop Show_Current_PNL Show_Stats_Box Image_Opacity Corner_Image Background_Image Bot_Name ),5975,16275,-10300,1.58009708737864,-2595,55,0.327272727272727,
,1.58007448789572,True/2/0/3/0/10/185/300/False/False/1001/801/500/1/160/True/1.3/True/False/True/False/False/800/400/False/False/0.3/panthionIcon4.png/Oden2.png/PantheonMasterBotV01TesterV2 (Use_Time_Filter Start_Time_(HH) Start_Time_(mm) Duration_Time_(HH) Duration_Time_(mm) averageFast averageSlow averageTrend UseTrend UseTrendReverse ProfitStop LossStop MaxTrades Contracts MaxStop Use_MaxStop MaxTPRatio Use_MaxTP Long Short Reverse Use_Kill Kill_Profit_Stop Kill_Loss_Stop Show_Current_PNL Show_Stats_Box Image_Opacity Corner_Image Background_Image Bot_Name ),3115,8485,-5370,1.58007448789572,-2310,18,0.5,
,1.57993730407524,True/2/0/3/0/6/195/300/False/False/1001/801/500/1/140/True/1.2/True/False/True/False/False/800/400/False/False/0.3/panthionIcon4.png/Oden2.png/PantheonMasterBotV01TesterV2 (Use_Time_Filter Start_Time_(HH) Start_Time_(mm) Duration_Time_(HH) Duration_Time_(mm) averageFast averageSlow averageTrend UseTrend UseTrendReverse ProfitStop LossStop MaxTrades Contracts MaxStop Use_MaxStop MaxTPRatio Use_MaxTP Long Short Reverse Use_Kill Kill_Profit_Stop Kill_Loss_Stop Show_Current_PNL Show_Stats_Box Image_Opacity Corner_Image Background_Image Bot_Name ),2775,7560,-4785,1.57993730407524,-1310,19,0.473684210526316,
,1.57734806629834,True/2/0/3/0/10/185/300/False/False/1001/801/500/1/160/True/1.5/True/False/True/False/False/800/400/False/False/0.3/panthionIcon4.png/Oden2.png/PantheonMasterBotV01TesterV2 (Use_Time_Filter Start_Time_(HH) Start_Time_(mm) Duration_Time_(HH) Duration_Time_(mm) averageFast averageSlow averageTrend UseTrend UseTrendReverse ProfitStop LossStop MaxTrades Contracts MaxStop Use_MaxStop MaxTPRatio Use_MaxTP Long Short Reverse Use_Kill Kill_Profit_Stop Kill_Loss_Stop Show_Current_PNL Show_Stats_Box Image_Opacity Corner_Image Background_Image Bot_Name ),3135,8565,-5430,1.57734806629834,-2310,18,0.444444444444444,
,1.57613535173642,True/2/0/3/0/5/195/300/False/False/1001/801/500/1/180/True/1.6/True/False/True/False/False/800/400/False/False/0.3/panthionIcon4.png/Oden2.png/PantheonMasterBotV01TesterV2 (Use_Time_Filter Start_Time_(HH) Start_Time_(mm) Duration_Time_(HH) Duration_Time_(mm) averageFast averageSlow averageTrend UseTrend UseTrendReverse ProfitStop LossStop MaxTrades Contracts MaxStop Use_MaxStop MaxTPRatio Use_MaxTP Long Short Reverse Use_Kill Kill_Profit_Stop Kill_Loss_Stop Show_Current_PNL Show_Stats_Box Image_Opacity Corner_Image Background_Image Bot_Name ),3235,8850,-5615,1.57613535173642,-2390,18,0.444444444444444,
,1.57242489270386,True/2/0/3/0/9/175/300/False/False/1001/801/500/1/180/True/1.3/True/True/True/False/False/800/400/False/False/0.3/panthionIcon4.png/Oden2.png/PantheonMasterBotV01TesterV2 (Use_Time_Filter Start_Time_(HH) Start_Time_(mm) Duration_Time_(HH) Duration_Time_(mm) averageFast averageSlow averageTrend UseTrend UseTrendReverse ProfitStop LossStop MaxTrades Contracts MaxStop Use_MaxStop MaxTPRatio Use_MaxTP Long Short Reverse Use_Kill Kill_Profit_Stop Kill_Loss_Stop Show_Current_PNL Show_Stats_Box Image_Opacity Corner_Image Background_Image Bot_Name ),5335,14655,-9320,1.57242489270386,-2625,46,0.369565217391304,
,1.57194244604317,True/2/0/3/0/9/175/300/False/False/1001/801/500/1/180/True/1.7/True/True/True/False/False/800/400/False/False/0.3/panthionIcon4.png/Oden2.png/PantheonMasterBotV01TesterV2 (Use_Time_Filter Start_Time_(HH) Start_Time_(mm) Duration_Time_(HH) Duration_Time_(mm) averageFast averageSlow averageTrend UseTrend UseTrendReverse ProfitStop LossStop MaxTrades Contracts MaxStop Use_MaxStop MaxTPRatio Use_MaxTP Long Short Reverse Use_Kill Kill_Profit_Stop Kill_Loss_Stop Show_Current_PNL Show_Stats_Box Image_Opacity Corner_Image Background_Image Bot_Name ),5565,15295,-9730,1.57194244604317,-2625,47,0.340425531914894,
,1.57142857142857,True/2/0/3/0/10/195/300/False/False/1001/801/500/1/140/True/1.2/True/True/True/False/False/800/400/False/False/0.3/panthionIcon4.png/Oden2.png/PantheonMasterBotV01TesterV2 (Use_Time_Filter Start_Time_(HH) Start_Time_(mm) Duration_Time_(HH) Duration_Time_(mm) averageFast averageSlow averageTrend UseTrend UseTrendReverse ProfitStop LossStop MaxTrades Contracts MaxStop Use_MaxStop MaxTPRatio Use_MaxTP Long Short Reverse Use_Kill Kill_Profit_Stop Kill_Loss_Stop Show_Current_PNL Show_Stats_Box Image_Opacity Corner_Image Background_Image Bot_Name ),5240,14410,-9170,1.57142857142857,-2555,48,0.395833333333333,
,1.56919060052219,True/2/0/3/0/7/165/300/False/False/1001/801/500/1/180/True/1.2/True/True/False/False/False/800/400/False/False/0.3/panthionIcon4.png/Oden2.png/PantheonMasterBotV01TesterV2 (Use_Time_Filter Start_Time_(HH) Start_Time_(mm) Duration_Time_(HH) Duration_Time_(mm) averageFast averageSlow averageTrend UseTrend UseTrendReverse ProfitStop LossStop MaxTrades Contracts MaxStop Use_MaxStop MaxTPRatio Use_MaxTP Long Short Reverse Use_Kill Kill_Profit_Stop Kill_Loss_Stop Show_Current_PNL Show_Stats_Box Image_Opacity Corner_Image Background_Image Bot_Name ),3270,9015,-5745,1.56919060052219,-2120,18,0.555555555555556,
,1.56814701378254,True/2/0/3/0/7/165/300/False/False/1001/801/500/1/160/True/1.2/True/True/True/False/False/800/400/False/False/0.3/panthionIcon4.png/Oden2.png/PantheonMasterBotV01TesterV2 (Use_Time_Filter Start_Time_(HH) Start_Time_(mm) Duration_Time_(HH) Duration_Time_(mm) averageFast averageSlow averageTrend UseTrend UseTrendReverse ProfitStop LossStop MaxTrades Contracts MaxStop Use_MaxStop MaxTPRatio Use_MaxTP Long Short Reverse Use_Kill Kill_Profit_Stop Kill_Loss_Stop Show_Current_PNL Show_Stats_Box Image_Opacity Corner_Image Background_Image Bot_Name ),5565,15360,-9795,1.56814701378254,-2485,54,0.296296296296296,
,1.56718948707079,True/2/0/3/0/7/155/300/False/False/1001/801/500/1/160/True/1.1/True/True/True/False/False/800/400/False/False/0.3/panthionIcon4.png/Oden2.png/PantheonMasterBotV01TesterV2 (Use_Time_Filter Start_Time_(HH) Start_Time_(mm) Duration_Time_(HH) Duration_Time_(mm) averageFast averageSlow averageTrend UseTrend UseTrendReverse ProfitStop LossStop MaxTrades Contracts MaxStop Use_MaxStop MaxTPRatio Use_MaxTP Long Short Reverse Use_Kill Kill_Profit_Stop Kill_Loss_Stop Show_Current_PNL Show_Stats_Box Image_Opacity Corner_Image Background_Image Bot_Name ),6690,18485,-11795,1.56718948707079,-2065,67,0.328358208955224,
,1.56690419635788,True/2/0/3/0/4/175/300/False/False/1001/801/500/1/180/True/1.2/True/False/True/False/False/800/400/False/False/0.3/panthionIcon4.png/Oden2.png/PantheonMasterBotV01TesterV2 (Use_Time_Filter Start_Time_(HH) Start_Time_(mm) Duration_Time_(HH) Duration_Time_(mm) averageFast averageSlow averageTrend UseTrend UseTrendReverse ProfitStop LossStop MaxTrades Contracts MaxStop Use_MaxStop MaxTPRatio Use_MaxTP Long Short Reverse Use_Kill Kill_Profit_Stop Kill_Loss_Stop Show_Current_PNL Show_Stats_Box Image_Opacity Corner_Image Background_Image Bot_Name ),3580,9895,-6315,1.56690419635788,-2700,20,0.6,
,1.56582343830666,True/2/0/3/0/8/155/300/False/False/1001/801/500/1/160/True/1.4/True/True/True/False/False/800/400/False/False/0.3/panthionIcon4.png/Oden2.png/PantheonMasterBotV01TesterV2 (Use_Time_Filter Start_Time_(HH) Start_Time_(mm) Duration_Time_(HH) Duration_Time_(mm) averageFast averageSlow averageTrend UseTrend UseTrendReverse ProfitStop LossStop MaxTrades Contracts MaxStop Use_MaxStop MaxTPRatio Use_MaxTP Long Short Reverse Use_Kill Kill_Profit_Stop Kill_Loss_Stop Show_Current_PNL Show_Stats_Box Image_Opacity Corner_Image Background_Image Bot_Name ),5480,15165,-9685,1.56582343830666,-2225,50,0.32,
,1.56578947368421,True/2/0/3/0/9/195/300/False/False/1001/801/500/1/160/True/1.7/True/False/True/False/False/800/400/False/False/0.3/panthionIcon4.png/Oden2.png/PantheonMasterBotV01TesterV2 (Use_Time_Filter Start_Time_(HH) Start_Time_(mm) Duration_Time_(HH) Duration_Time_(mm) averageFast averageSlow averageTrend UseTrend UseTrendReverse ProfitStop LossStop MaxTrades Contracts MaxStop Use_MaxStop MaxTPRatio Use_MaxTP Long Short Reverse Use_Kill Kill_Profit_Stop Kill_Loss_Stop Show_Current_PNL Show_Stats_Box Image_Opacity Corner_Image Background_Image Bot_Name ),3440,9520,-6080,1.56578947368421,-2330,18,0.388888888888889,
,1.56463675213675,True/2/0/3/0/10/185/300/False/False/1001/801/500/1/160/True/1.2/True/True/True/False/False/800/400/False/False/0.3/panthionIcon4.png/Oden2.png/PantheonMasterBotV01TesterV2 (Use_Time_Filter Start_Time_(HH) Start_Time_(mm) Duration_Time_(HH) Duration_Time_(mm) averageFast averageSlow averageTrend UseTrend UseTrendReverse ProfitStop LossStop MaxTrades Contracts MaxStop Use_MaxStop MaxTPRatio Use_MaxTP Long Short Reverse Use_Kill Kill_Profit_Stop Kill_Loss_Stop Show_Current_PNL Show_Stats_Box Image_Opacity Corner_Image Background_Image Bot_Name ),5285,14645,-9360,1.56463675213675,-3060,48,0.395833333333333,
,1.56407617086979,True/2/0/3/0/9/175/300/False/False/1001/801/500/1/160/True/1.1/True/True/True/False/False/800/400/False/False/0.3/panthionIcon4.png/Oden2.png/PantheonMasterBotV01TesterV2 (Use_Time_Filter Start_Time_(HH) Start_Time_(mm) Duration_Time_(HH) Duration_Time_(mm) averageFast averageSlow averageTrend UseTrend UseTrendReverse ProfitStop LossStop MaxTrades Contracts MaxStop Use_MaxStop MaxTPRatio Use_MaxTP Long Short Reverse Use_Kill Kill_Profit_Stop Kill_Loss_Stop Show_Current_PNL Show_Stats_Box Image_Opacity Corner_Image Background_Image Bot_Name ),5480,15195,-9715,1.56407617086979,-2455,50,0.4,
,1.56346441015431,True/2/0/3/0/3/165/300/False/False/1001/801/500/1/180/True/1.3/True/True/True/False/False/800/400/False/False/0.3/panthionIcon4.png/Oden2.png/PantheonMasterBotV01TesterV2 (Use_Time_Filter Start_Time_(HH) Start_Time_(mm) Duration_Time_(HH) Duration_Time_(mm) averageFast averageSlow averageTrend UseTrend UseTrendReverse ProfitStop LossStop MaxTrades Contracts MaxStop Use_MaxStop MaxTPRatio Use_MaxTP Long Short Reverse Use_Kill Kill_Profit_Stop Kill_Loss_Stop Show_Current_PNL Show_Stats_Box Image_Opacity Corner_Image Background_Image Bot_Name ),5660,15705,-10045,1.56346441015431,-3085,78,0.256410256410256,
,1.56276595744681,True/2/0/3/0/10/195/300/False/False/1001/801/500/1/140/True/1.6/True/True/True/False/False/800/400/False/False/0.3/panthionIcon4.png/Oden2.png/PantheonMasterBotV01TesterV2 (Use_Time_Filter Start_Time_(HH) Start_Time_(mm) Duration_Time_(HH) Duration_Time_(mm) averageFast averageSlow averageTrend UseTrend UseTrendReverse ProfitStop LossStop MaxTrades Contracts MaxStop Use_MaxStop MaxTPRatio Use_MaxTP Long Short Reverse Use_Kill Kill_Profit_Stop Kill_Loss_Stop Show_Current_PNL Show_Stats_Box Image_Opacity Corner_Image Background_Image Bot_Name ),5290,14690,-9400,1.56276595744681,-2555,45,0.333333333333333,
,1.56273062730627,True/2/0/3/0/8/195/300/False/False/1001/801/500/1/140/True/1.1/True/False/True/False/False/800/400/False/False/0.3/panthionIcon4.png/Oden2.png/PantheonMasterBotV01TesterV2 (Use_Time_Filter Start_Time_(HH) Start_Time_(mm) Duration_Time_(HH) Duration_Time_(mm) averageFast averageSlow averageTrend UseTrend UseTrendReverse ProfitStop LossStop MaxTrades Contracts MaxStop Use_MaxStop MaxTPRatio Use_MaxTP Long Short Reverse Use_Kill Kill_Profit_Stop Kill_Loss_Stop Show_Current_PNL Show_Stats_Box Image_Opacity Corner_Image Background_Image Bot_Name ),3050,8470,-5420,1.56273062730627,-1480,20,0.55,
,1.56243272335845,True/2/0/3/0/10/175/300/False/False/1001/801/500/1/140/True/1.7/True/True/True/False/False/800/400/False/False/0.3/panthionIcon4.png/Oden2.png/PantheonMasterBotV01TesterV2 (Use_Time_Filter Start_Time_(HH) Start_Time_(mm) Duration_Time_(HH) Duration_Time_(mm) averageFast averageSlow averageTrend UseTrend UseTrendReverse ProfitStop LossStop MaxTrades Contracts MaxStop Use_MaxStop MaxTPRatio Use_MaxTP Long Short Reverse Use_Kill Kill_Profit_Stop Kill_Loss_Stop Show_Current_PNL Show_Stats_Box Image_Opacity Corner_Image Background_Image Bot_Name ),5225,14515,-9290,1.56243272335845,-2400,46,0.369565217391304,
,1.56029882604056,True/2/0/3/0/10/175/300/False/False/1001/801/500/1/160/True/1.2/True/True/True/False/False/800/400/False/False/0.3/panthionIcon4.png/Oden2.png/PantheonMasterBotV01TesterV2 (Use_Time_Filter Start_Time_(HH) Start_Time_(mm) Duration_Time_(HH) Duration_Time_(mm) averageFast averageSlow averageTrend UseTrend UseTrendReverse ProfitStop LossStop MaxTrades Contracts MaxStop Use_MaxStop MaxTPRatio Use_MaxTP Long Short Reverse Use_Kill Kill_Profit_Stop Kill_Loss_Stop Show_Current_PNL Show_Stats_Box Image_Opacity Corner_Image Background_Image Bot_Name ),5250,14620,-9370,1.56029882604056,-2540,50,0.38,
,1.55755968169761,True/2/0/3/0/10/175/300/False/False/1001/801/500/1/160/True/1.5/True/True/True/False/False/800/400/False/False/0.3/panthionIcon4.png/Oden2.png/PantheonMasterBotV01TesterV2 (Use_Time_Filter Start_Time_(HH) Start_Time_(mm) Duration_Time_(HH) Duration_Time_(mm) averageFast averageSlow averageTrend UseTrend UseTrendReverse ProfitStop LossStop MaxTrades Contracts MaxStop Use_MaxStop MaxTPRatio Use_MaxTP Long Short Reverse Use_Kill Kill_Profit_Stop Kill_Loss_Stop Show_Current_PNL Show_Stats_Box Image_Opacity Corner_Image Background_Image Bot_Name ),5255,14680,-9425,1.55755968169761,-2400,49,0.36734693877551,
,1.55640744797371,True/2/0/3/0/10/195/300/False/False/1001/801/500/1/160/True/1.1/True/True/True/False/False/800/400/False/False/0.3/panthionIcon4.png/Oden2.png/PantheonMasterBotV01TesterV2 (Use_Time_Filter Start_Time_(HH) Start_Time_(mm) Duration_Time_(HH) Duration_Time_(mm) averageFast averageSlow averageTrend UseTrend UseTrendReverse ProfitStop LossStop MaxTrades Contracts MaxStop Use_MaxStop MaxTPRatio Use_MaxTP Long Short Reverse Use_Kill Kill_Profit_Stop Kill_Loss_Stop Show_Current_PNL Show_Stats_Box Image_Opacity Corner_Image Background_Image Bot_Name ),5080,14210,-9130,1.55640744797371,-2555,48,0.375,
,1.55614127569847,True/2/0/3/0/10/195/300/False/False/1001/801/500/1/160/True/1.4/True/True/True/False/False/800/400/False/False/0.3/panthionIcon4.png/Oden2.png/PantheonMasterBotV01TesterV2 (Use_Time_Filter Start_Time_(HH) Start_Time_(mm) Duration_Time_(HH) Duration_Time_(mm) averageFast averageSlow averageTrend UseTrend UseTrendReverse ProfitStop LossStop MaxTrades Contracts MaxStop Use_MaxStop MaxTPRatio Use_MaxTP Long Short Reverse Use_Kill Kill_Profit_Stop Kill_Loss_Stop Show_Current_PNL Show_Stats_Box Image_Opacity Corner_Image Background_Image Bot_Name ),5275,14760,-9485,1.55614127569847,-2555,47,0.340425531914894,
,1.55592377796189,True/2/0/3/0/5/195/300/False/False/1001/801/500/1/180/True/1.7/True/False/True/False/False/800/400/False/False/0.3/panthionIcon4.png/Oden2.png/PantheonMasterBotV01TesterV2 (Use_Time_Filter Start_Time_(HH) Start_Time_(mm) Duration_Time_(HH) Duration_Time_(mm) averageFast averageSlow averageTrend UseTrend UseTrendReverse ProfitStop LossStop MaxTrades Contracts MaxStop Use_MaxStop MaxTPRatio Use_MaxTP Long Short Reverse Use_Kill Kill_Profit_Stop Kill_Loss_Stop Show_Current_PNL Show_Stats_Box Image_Opacity Corner_Image Background_Image Bot_Name ),3355,9390,-6035,1.55592377796189,-2390,19,0.421052631578947,
,1.55315315315315,True/2/0/3/0/9/185/300/False/False/1001/801/500/1/140/True/1.1/True/False/True/False/False/800/400/False/False/0.3/panthionIcon4.png/Oden2.png/PantheonMasterBotV01TesterV2 (Use_Time_Filter Start_Time_(HH) Start_Time_(mm) Duration_Time_(HH) Duration_Time_(mm) averageFast averageSlow averageTrend UseTrend UseTrendReverse ProfitStop LossStop MaxTrades Contracts MaxStop Use_MaxStop MaxTPRatio Use_MaxTP Long Short Reverse Use_Kill Kill_Profit_Stop Kill_Loss_Stop Show_Current_PNL Show_Stats_Box Image_Opacity Corner_Image Background_Image Bot_Name ),3070,8620,-5550,1.55315315315315,-1400,22,0.545454545454545,
,1.54907161803714,True/2/0/3/0/10/195/300/False/False/1001/801/500/1/180/True/1.5/True/True/True/False/False/800/400/False/False/0.3/panthionIcon4.png/Oden2.png/PantheonMasterBotV01TesterV2 (Use_Time_Filter Start_Time_(HH) Start_Time_(mm) Duration_Time_(HH) Duration_Time_(mm) averageFast averageSlow averageTrend UseTrend UseTrendReverse ProfitStop LossStop MaxTrades Contracts MaxStop Use_MaxStop MaxTPRatio Use_MaxTP Long Short Reverse Use_Kill Kill_Profit_Stop Kill_Loss_Stop Show_Current_PNL Show_Stats_Box Image_Opacity Corner_Image Background_Image Bot_Name ),5175,14600,-9425,1.54907161803714,-2555,45,0.311111111111111,
,1.54695562435501,True/2/0/3/0/7/165/300/False/False/1001/801/500/1/180/True/1.7/True/True/True/False/False/800/400/False/False/0.3/panthionIcon4.png/Oden2.png/PantheonMasterBotV01TesterV2 (Use_Time_Filter Start_Time_(HH) Start_Time_(mm) Duration_Time_(HH) Duration_Time_(mm) averageFast averageSlow averageTrend UseTrend UseTrendReverse ProfitStop LossStop MaxTrades Contracts MaxStop Use_MaxStop MaxTPRatio Use_MaxTP Long Short Reverse Use_Kill Kill_Profit_Stop Kill_Loss_Stop Show_Current_PNL Show_Stats_Box Image_Opacity Corner_Image Background_Image Bot_Name ),5300,14990,-9690,1.54695562435501,-2610,51,0.235294117647059,
,1.54630136986301,True/2/0/3/0/8/185/300/False/False/1001/801/500/1/180/True/1.3/True/True/True/False/False/800/400/False/False/0.3/panthionIcon4.png/Oden2.png/PantheonMasterBotV01TesterV2 (Use_Time_Filter Start_Time_(HH) Start_Time_(mm) Duration_Time_(HH) Duration_Time_(mm) averageFast averageSlow averageTrend UseTrend UseTrendReverse ProfitStop LossStop MaxTrades Contracts MaxStop Use_MaxStop MaxTPRatio Use_MaxTP Long Short Reverse Use_Kill Kill_Profit_Stop Kill_Loss_Stop Show_Current_PNL Show_Stats_Box Image_Opacity Corner_Image Background_Image Bot_Name ),4985,14110,-9125,1.54630136986301,-2220,45,0.311111111111111,
,1.54489639293937,True/2/0/3/0/9/175/300/False/False/1001/801/500/1/140/True/1.3/True/False/True/False/False/800/400/False/False/0.3/panthionIcon4.png/Oden2.png/PantheonMasterBotV01TesterV2 (Use_Time_Filter Start_Time_(HH) Start_Time_(mm) Duration_Time_(HH) Duration_Time_(mm) averageFast averageSlow averageTrend UseTrend UseTrendReverse ProfitStop LossStop MaxTrades Contracts MaxStop Use_MaxStop MaxTPRatio Use_MaxTP Long Short Reverse Use_Kill Kill_Profit_Stop Kill_Loss_Stop Show_Current_PNL Show_Stats_Box Image_Opacity Corner_Image Background_Image Bot_Name ),3550,10065,-6515,1.54489639293937,-1560,23,0.521739130434783,
,1.54452926208651,True/2/0/3/0/4/195/300/False/False/1001/801/500/1/180/True/1.6/True/False/True/False/False/800/400/False/False/0.3/panthionIcon4.png/Oden2.png/PantheonMasterBotV01TesterV2 (Use_Time_Filter Start_Time_(HH) Start_Time_(mm) Duration_Time_(HH) Duration_Time_(mm) averageFast averageSlow averageTrend UseTrend UseTrendReverse ProfitStop LossStop MaxTrades Contracts MaxStop Use_MaxStop MaxTPRatio Use_MaxTP Long Short Reverse Use_Kill Kill_Profit_Stop Kill_Loss_Stop Show_Current_PNL Show_Stats_Box Image_Opacity Corner_Image Background_Image Bot_Name ),3210,9105,-5895,1.54452926208651,-2390,19,0.473684210526316,
,1.5434554973822,True/2/0/3/0/10/195/300/False/False/1001/801/500/1/160/True/1.7/True/True/True/False/False/800/400/False/False/0.3/panthionIcon4.png/Oden2.png/PantheonMasterBotV01TesterV2 (Use_Time_Filter Start_Time_(HH) Start_Time_(mm) Duration_Time_(HH) Duration_Time_(mm) averageFast averageSlow averageTrend UseTrend UseTrendReverse ProfitStop LossStop MaxTrades Contracts MaxStop Use_MaxStop MaxTPRatio Use_MaxTP Long Short Reverse Use_Kill Kill_Profit_Stop Kill_Loss_Stop Show_Current_PNL Show_Stats_Box Image_Opacity Corner_Image Background_Image Bot_Name ),5190,14740,-9550,1.5434554973822,-2555,47,0.319148936170213,
,1.54279661016949,True/2/0/3/0/7/155/300/False/False/1001/801/500/1/140/True/1.3/True/True/True/False/False/800/400/False/False/0.3/panthionIcon4.png/Oden2.png/PantheonMasterBotV01TesterV2 (Use_Time_Filter Start_Time_(HH) Start_Time_(mm) Duration_Time_(HH) Duration_Time_(mm) averageFast averageSlow averageTrend UseTrend UseTrendReverse ProfitStop LossStop MaxTrades Contracts MaxStop Use_MaxStop MaxTPRatio Use_MaxTP Long Short Reverse Use_Kill Kill_Profit_Stop Kill_Loss_Stop Show_Current_PNL Show_Stats_Box Image_Opacity Corner_Image Background_Image Bot_Name ),6405,18205,-11800,1.54279661016949,-2315,65,0.323076923076923,
,1.54276315789474,True/2/0/3/0/4/185/300/False/False/1001/801/500/1/180/True/1.7/True/False/True/False/False/800/400/False/False/0.3/panthionIcon4.png/Oden2.png/PantheonMasterBotV01TesterV2 (Use_Time_Filter Start_Time_(HH) Start_Time_(mm) Duration_Time_(HH) Duration_Time_(mm) averageFast averageSlow averageTrend UseTrend UseTrendReverse ProfitStop LossStop MaxTrades Contracts MaxStop Use_MaxStop MaxTPRatio Use_MaxTP Long Short Reverse Use_Kill Kill_Profit_Stop Kill_Loss_Stop Show_Current_PNL Show_Stats_Box Image_Opacity Corner_Image Background_Image Bot_Name ),3300,9380,-6080,1.54276315789474,-2750,20,0.35,
,1.53922651933702,True/2/0/3/0/8/185/300/False/False/1001/801/500/1/180/True/1.1/True/True/True/False/False/800/400/False/False/0.3/panthionIcon4.png/Oden2.png/PantheonMasterBotV01TesterV2 (Use_Time_Filter Start_Time_(HH) Start_Time_(mm) Duration_Time_(HH) Duration_Time_(mm) averageFast averageSlow averageTrend UseTrend UseTrendReverse ProfitStop LossStop MaxTrades Contracts MaxStop Use_MaxStop MaxTPRatio Use_MaxTP Long Short Reverse Use_Kill Kill_Profit_Stop Kill_Loss_Stop Show_Current_PNL Show_Stats_Box Image_Opacity Corner_Image Background_Image Bot_Name ),4880,13930,-9050,1.53922651933702,-2385,47,0.340425531914894,
,1.53854221289984,True/2/0/3/0/3/175/300/False/False/1001/801/500/1/160/True/1.2/True/True/True/False/False/800/400/False/False/0.3/panthionIcon4.png/Oden2.png/PantheonMasterBotV01TesterV2 (Use_Time_Filter Start_Time_(HH) Start_Time_(mm) Duration_Time_(HH) Duration_Time_(mm) averageFast averageSlow averageTrend UseTrend UseTrendReverse ProfitStop LossStop MaxTrades Contracts MaxStop Use_MaxStop MaxTPRatio Use_MaxTP Long Short Reverse Use_Kill Kill_Profit_Stop Kill_Loss_Stop Show_Current_PNL Show_Stats_Box Image_Opacity Corner_Image Background_Image Bot_Name ),5135,14670,-9535,1.53854221289984,-2305,76,0.276315789473684,
,1.53769633507853,True/2/0/3/0/10/195/300/False/False/1001/801/500/1/160/True/1.6/True/True/True/False/False/800/400/False/False/0.3/panthionIcon4.png/Oden2.png/PantheonMasterBotV01TesterV2 (Use_Time_Filter Start_Time_(HH) Start_Time_(mm) Duration_Time_(HH) Duration_Time_(mm) averageFast averageSlow averageTrend UseTrend UseTrendReverse ProfitStop LossStop MaxTrades Contracts MaxStop Use_MaxStop MaxTPRatio Use_MaxTP Long Short Reverse Use_Kill Kill_Profit_Stop Kill_Loss_Stop Show_Current_PNL Show_Stats_Box Image_Opacity Corner_Image Background_Image Bot_Name ),5135,14685,-9550,1.53769633507853,-2555,47,0.319148936170213,
,1.5374449339207,True/2/0/3/0/10/165/300/False/False/1001/801/500/1/140/True/1.1/True/True/True/False/False/800/400/False/False/0.3/panthionIcon4.png/Oden2.png/PantheonMasterBotV01TesterV2 (Use_Time_Filter Start_Time_(HH) Start_Time_(mm) Duration_Time_(HH) Duration_Time_(mm) averageFast averageSlow averageTrend UseTrend UseTrendReverse ProfitStop LossStop MaxTrades Contracts MaxStop Use_MaxStop MaxTPRatio Use_MaxTP Long Short Reverse Use_Kill Kill_Profit_Stop Kill_Loss_Stop Show_Current_PNL Show_Stats_Box Image_Opacity Corner_Image Background_Image Bot_Name ),4880,13960,-9080,1.5374449339207,-1720,44,0.454545454545455,
,1.53435114503817,True/2/0/3/0/5/195/300/False/False/1001/801/500/1/160/True/1.4/True/False/True/False/False/800/400/False/False/0.3/panthionIcon4.png/Oden2.png/PantheonMasterBotV01TesterV2 (Use_Time_Filter Start_Time_(HH) Start_Time_(mm) Duration_Time_(HH) Duration_Time_(mm) averageFast averageSlow averageTrend UseTrend UseTrendReverse ProfitStop LossStop MaxTrades Contracts MaxStop Use_MaxStop MaxTPRatio Use_MaxTP Long Short Reverse Use_Kill Kill_Profit_Stop Kill_Loss_Stop Show_Current_PNL Show_Stats_Box Image_Opacity Corner_Image Background_Image Bot_Name ),2800,8040,-5240,1.53435114503817,-2315,19,0.421052631578947,
,1.53226639132679,True/2/0/3/0/8/155/300/False/False/1001/801/500/1/160/True/1.3/True/True/True/False/False/800/400/False/False/0.3/panthionIcon4.png/Oden2.png/PantheonMasterBotV01TesterV2 (Use_Time_Filter Start_Time_(HH) Start_Time_(mm) Duration_Time_(HH) Duration_Time_(mm) averageFast averageSlow averageTrend UseTrend UseTrendReverse ProfitStop LossStop MaxTrades Contracts MaxStop Use_MaxStop MaxTPRatio Use_MaxTP Long Short Reverse Use_Kill Kill_Profit_Stop Kill_Loss_Stop Show_Current_PNL Show_Stats_Box Image_Opacity Corner_Image Background_Image Bot_Name ),5155,14840,-9685,1.53226639132679,-2305,50,0.32,
,1.53220524017467,True/2/0/3/0/8/185/300/False/False/1001/801/500/1/180/True/1.6/True/True/True/False/False/800/400/False/False/0.3/panthionIcon4.png/Oden2.png/PantheonMasterBotV01TesterV2 (Use_Time_Filter Start_Time_(HH) Start_Time_(mm) Duration_Time_(HH) Duration_Time_(mm) averageFast averageSlow averageTrend UseTrend UseTrendReverse ProfitStop LossStop MaxTrades Contracts MaxStop Use_MaxStop MaxTPRatio Use_MaxTP Long Short Reverse Use_Kill Kill_Profit_Stop Kill_Loss_Stop Show_Current_PNL Show_Stats_Box Image_Opacity Corner_Image Background_Image Bot_Name ),4875,14035,-9160,1.53220524017467,-2220,45,0.288888888888889,
,1.5319622012229,True/2/0/3/0/10/195/300/False/False/1001/801/500/1/140/True/1.5/True/True/True/False/False/800/400/False/False/0.3/panthionIcon4.png/Oden2.png/PantheonMasterBotV01TesterV2 (Use_Time_Filter Start_Time_(HH) Start_Time_(mm) Duration_Time_(HH) Duration_Time_(mm) averageFast averageSlow averageTrend UseTrend UseTrendReverse ProfitStop LossStop MaxTrades Contracts MaxStop Use_MaxStop MaxTPRatio Use_MaxTP Long Short Reverse Use_Kill Kill_Profit_Stop Kill_Loss_Stop Show_Current_PNL Show_Stats_Box Image_Opacity Corner_Image Background_Image Bot_Name ),4785,13780,-8995,1.5319622012229,-2555,43,0.348837209302326,
,1.53125,True/2/0/3/0/5/195/300/False/False/1001/801/500/1/140/True/1.7/True/False/True/False/False/800/400/False/False/0.3/panthionIcon4.png/Oden2.png/PantheonMasterBotV01TesterV2 (Use_Time_Filter Start_Time_(HH) Start_Time_(mm) Duration_Time_(HH) Duration_Time_(mm) averageFast averageSlow averageTrend UseTrend UseTrendReverse ProfitStop LossStop MaxTrades Contracts MaxStop Use_MaxStop MaxTPRatio Use_MaxTP Long Short Reverse Use_Kill Kill_Profit_Stop Kill_Loss_Stop Show_Current_PNL Show_Stats_Box Image_Opacity Corner_Image Background_Image Bot_Name ),2890,8330,-5440,1.53125,-2115,19,0.368421052631579,
,1.53069719042664,True/2/0/3/0/10/165/300/False/False/1001/801/500/1/160/True/1.7/True/True/True/False/False/800/400/False/False/0.3/panthionIcon4.png/Oden2.png/PantheonMasterBotV01TesterV2 (Use_Time_Filter Start_Time_(HH) Start_Time_(mm) Duration_Time_(HH) Duration_Time_(mm) averageFast averageSlow averageTrend UseTrend UseTrendReverse ProfitStop LossStop MaxTrades Contracts MaxStop Use_MaxStop MaxTPRatio Use_MaxTP Long Short Reverse Use_Kill Kill_Profit_Stop Kill_Loss_Stop Show_Current_PNL Show_Stats_Box Image_Opacity Corner_Image Background_Image Bot_Name ),5100,14710,-9610,1.53069719042664,-2630,45,0.355555555555556,
,1.53047210300429,True/2/0/3/0/8/155/300/False/False/1001/801/500/1/180/True/1.2/True/True/False/False/False/800/400/False/False/0.3/panthionIcon4.png/Oden2.png/PantheonMasterBotV01TesterV2 (Use_Time_Filter Start_Time_(HH) Start_Time_(mm) Duration_Time_(HH) Duration_Time_(mm) averageFast averageSlow averageTrend UseTrend UseTrendReverse ProfitStop LossStop MaxTrades Contracts MaxStop Use_MaxStop MaxTPRatio Use_MaxTP Long Short Reverse Use_Kill Kill_Profit_Stop Kill_Loss_Stop Show_Current_PNL Show_Stats_Box Image_Opacity Corner_Image Background_Image Bot_Name ),3090,8915,-5825,1.53047210300429,-1800,18,0.5,
,1.53002610966057,True/2/0/3/0/7/165/300/False/False/1001/801/500/1/180/True/1.6/True/True/False/False/False/800/400/False/False/0.3/panthionIcon4.png/Oden2.png/PantheonMasterBotV01TesterV2 (Use_Time_Filter Start_Time_(HH) Start_Time_(mm) Duration_Time_(HH) Duration_Time_(mm) averageFast averageSlow averageTrend UseTrend UseTrendReverse ProfitStop LossStop MaxTrades Contracts MaxStop Use_MaxStop MaxTPRatio Use_MaxTP Long Short Reverse Use_Kill Kill_Profit_Stop Kill_Loss_Stop Show_Current_PNL Show_Stats_Box Image_Opacity Corner_Image Background_Image Bot_Name ),3045,8790,-5745,1.53002610966057,-1800,18,0.555555555555556,
,1.52879581151832,True/2/0/3/0/10/195/300/False/False/1001/801/500/1/160/True/1.5/True/True/True/False/False/800/400/False/False/0.3/panthionIcon4.png/Oden2.png/PantheonMasterBotV01TesterV2 (Use_Time_Filter Start_Time_(HH) Start_Time_(mm) Duration_Time_(HH) Duration_Time_(mm) averageFast averageSlow averageTrend UseTrend UseTrendReverse ProfitStop LossStop MaxTrades Contracts MaxStop Use_MaxStop MaxTPRatio Use_MaxTP Long Short Reverse Use_Kill Kill_Profit_Stop Kill_Loss_Stop Show_Current_PNL Show_Stats_Box Image_Opacity Corner_Image Background_Image Bot_Name ),5050,14600,-9550,1.52879581151832,-2555,47,0.319148936170213,
,1.52731591448931,True/2/0/3/0/4/195/300/False/False/1001/801/500/1/180/True/1.7/True/False/True/False/False/800/400/False/False/0.3/panthionIcon4.png/Oden2.png/PantheonMasterBotV01TesterV2 (Use_Time_Filter Start_Time_(HH) Start_Time_(mm) Duration_Time_(HH) Duration_Time_(mm) averageFast averageSlow averageTrend UseTrend UseTrendReverse ProfitStop LossStop MaxTrades Contracts MaxStop Use_MaxStop MaxTPRatio Use_MaxTP Long Short Reverse Use_Kill Kill_Profit_Stop Kill_Loss_Stop Show_Current_PNL Show_Stats_Box Image_Opacity Corner_Image Background_Image Bot_Name ),3330,9645,-6315,1.52731591448931,-2390,20,0.45,
,1.52717391304348,True/2/0/3/0/9/165/300/False/False/1001/801/500/1/140/True/1.1/True/True/True/False/False/800/400/False/False/0.3/panthionIcon4.png/Oden2.png/PantheonMasterBotV01TesterV2 (Use_Time_Filter Start_Time_(HH) Start_Time_(mm) Duration_Time_(HH) Duration_Time_(mm) averageFast averageSlow averageTrend UseTrend UseTrendReverse ProfitStop LossStop MaxTrades Contracts MaxStop Use_MaxStop MaxTPRatio Use_MaxTP Long Short Reverse Use_Kill Kill_Profit_Stop Kill_Loss_Stop Show_Current_PNL Show_Stats_Box Image_Opacity Corner_Image Background_Image Bot_Name ),4850,14050,-9200,1.52717391304348,-2685,50,0.4,
,1.52653927813163,True/2/0/3/0/10/165/300/False/False/1001/801/500/1/140/True/1.7/True/True/True/False/False/800/400/False/False/0.3/panthionIcon4.png/Oden2.png/PantheonMasterBotV01TesterV2 (Use_Time_Filter Start_Time_(HH) Start_Time_(mm) Duration_Time_(HH) Duration_Time_(mm) averageFast averageSlow averageTrend UseTrend UseTrendReverse ProfitStop LossStop MaxTrades Contracts MaxStop Use_MaxStop MaxTPRatio Use_MaxTP Long Short Reverse Use_Kill Kill_Profit_Stop Kill_Loss_Stop Show_Current_PNL Show_Stats_Box Image_Opacity Corner_Image Background_Image Bot_Name ),4960,14380,-9420,1.52653927813163,-2530,40,0.35,
,1.52653437932626,True/2/0/3/0/8/155/300/False/False/1001/801/500/1/160/True/1.2/True/True/True/False/False/800/400/False/False/0.3/panthionIcon4.png/Oden2.png/PantheonMasterBotV01TesterV2 (Use_Time_Filter Start_Time_(HH) Start_Time_(mm) Duration_Time_(HH) Duration_Time_(mm) averageFast averageSlow averageTrend UseTrend UseTrendReverse ProfitStop LossStop MaxTrades Contracts MaxStop Use_MaxStop MaxTPRatio Use_MaxTP Long Short Reverse Use_Kill Kill_Profit_Stop Kill_Loss_Stop Show_Current_PNL Show_Stats_Box Image_Opacity Corner_Image Background_Image Bot_Name ),5705,16540,-10835,1.52653437932626,-2385,56,0.321428571428571,
,1.5256064690027,True/2/0/3/0/6/175/300/False/False/1001/801/500/1/180/True/1.3/True/True/False/False/False/800/400/False/False/0.3/panthionIcon4.png/Oden2.png/PantheonMasterBotV01TesterV2 (Use_Time_Filter Start_Time_(HH) Start_Time_(mm) Duration_Time_(HH) Duration_Time_(mm) averageFast averageSlow averageTrend UseTrend UseTrendReverse ProfitStop LossStop MaxTrades Contracts MaxStop Use_MaxStop MaxTPRatio Use_MaxTP Long Short Reverse Use_Kill Kill_Profit_Stop Kill_Loss_Stop Show_Current_PNL Show_Stats_Box Image_Opacity Corner_Image Background_Image Bot_Name ),2925,8490,-5565,1.5256064690027,-3185,17,0.529411764705882,
,1.52488262910798,True/2/0/3/0/5/195/300/False/False/1001/801/500/1/160/True/1.1/True/False/True/False/False/800/400/False/False/0.3/panthionIcon4.png/Oden2.png/PantheonMasterBotV01TesterV2 (Use_Time_Filter Start_Time_(HH) Start_Time_(mm) Duration_Time_(HH) Duration_Time_(mm) averageFast averageSlow averageTrend UseTrend UseTrendReverse ProfitStop LossStop MaxTrades Contracts MaxStop Use_MaxStop MaxTPRatio Use_MaxTP Long Short Reverse Use_Kill Kill_Profit_Stop Kill_Loss_Stop Show_Current_PNL Show_Stats_Box Image_Opacity Corner_Image Background_Image Bot_Name ),2795,8120,-5325,1.52488262910798,-1600,20,0.5,
,1.52466843501326,True/2/0/3/0/10/195/300/False/False/1001/801/500/1/180/True/1.4/True/True/True/False/False/800/400/False/False/0.3/panthionIcon4.png/Oden2.png/PantheonMasterBotV01TesterV2 (Use_Time_Filter Start_Time_(HH) Start_Time_(mm) Duration_Time_(HH) Duration_Time_(mm) averageFast averageSlow averageTrend UseTrend UseTrendReverse ProfitStop LossStop MaxTrades Contracts MaxStop Use_MaxStop MaxTPRatio Use_MaxTP Long Short Reverse Use_Kill Kill_Profit_Stop Kill_Loss_Stop Show_Current_PNL Show_Stats_Box Image_Opacity Corner_Image Background_Image Bot_Name ),4945,14370,-9425,1.52466843501326,-2555,45,0.311111111111111,
,1.52452202826268,True/2/0/3/0/8/165/300/False/False/1001/801/500/1/180/True/1.4/True/True/False/False/False/800/400/False/False/0.3/panthionIcon4.png/Oden2.png/PantheonMasterBotV01TesterV2 (Use_Time_Filter Start_Time_(HH) Start_Time_(mm) Duration_Time_(HH) Duration_Time_(mm) averageFast averageSlow averageTrend UseTrend UseTrendReverse ProfitStop LossStop MaxTrades Contracts MaxStop Use_MaxStop MaxTPRatio Use_MaxTP Long Short Reverse Use_Kill Kill_Profit_Stop Kill_Loss_Stop Show_Current_PNL Show_Stats_Box Image_Opacity Corner_Image Background_Image Bot_Name ),3155,9170,-6015,1.52452202826268,-1965,18,0.5,
,1.52433628318584,True/2/0/3/0/10/195/300/False/False/1001/801/500/1/140/True/1.3/True/True/True/False/False/800/400/False/False/0.3/panthionIcon4.png/Oden2.png/PantheonMasterBotV01TesterV2 (Use_Time_Filter Start_Time_(HH) Start_Time_(mm) Duration_Time_(HH) Duration_Time_(mm) averageFast averageSlow averageTrend UseTrend UseTrendReverse ProfitStop LossStop MaxTrades Contracts MaxStop Use_MaxStop MaxTPRatio Use_MaxTP Long Short Reverse Use_Kill Kill_Profit_Stop Kill_Loss_Stop Show_Current_PNL Show_Stats_Box Image_Opacity Corner_Image Background_Image Bot_Name ),4740,13780,-9040,1.52433628318584,-2555,45,0.377777777777778,
,1.52245113576334,True/2/0/3/0/10/195/300/False/False/1001/801/500/1/140/True/1.7/True/True/True/False/False/800/400/False/False/0.3/panthionIcon4.png/Oden2.png/PantheonMasterBotV01TesterV2 (Use_Time_Filter Start_Time_(HH) Start_Time_(mm) Duration_Time_(HH) Duration_Time_(mm) averageFast averageSlow averageTrend UseTrend UseTrendReverse ProfitStop LossStop MaxTrades Contracts MaxStop Use_MaxStop MaxTPRatio Use_MaxTP Long Short Reverse Use_Kill Kill_Profit_Stop Kill_Loss_Stop Show_Current_PNL Show_Stats_Box Image_Opacity Corner_Image Background_Image Bot_Name ),4945,14410,-9465,1.52245113576334,-2555,45,0.311111111111111,
,1.52067381316998,True/2/0/3/0/9/175/300/False/False/1001/801/500/1/140/True/1.7/True/True/True/False/False/800/400/False/False/0.3/panthionIcon4.png/Oden2.png/PantheonMasterBotV01TesterV2 (Use_Time_Filter Start_Time_(HH) Start_Time_(mm) Duration_Time_(HH) Duration_Time_(mm) averageFast averageSlow averageTrend UseTrend UseTrendReverse ProfitStop LossStop MaxTrades Contracts MaxStop Use_MaxStop MaxTPRatio Use_MaxTP Long Short Reverse Use_Kill Kill_Profit_Stop Kill_Loss_Stop Show_Current_PNL Show_Stats_Box Image_Opacity Corner_Image Background_Image Bot_Name ),5100,14895,-9795,1.52067381316998,-2625,46,0.369565217391304,
,1.52029136316337,True/2/0/3/0/10/165/300/False/False/1001/801/500/1/160/True/1.6/True/True/True/False/False/800/400/False/False/0.3/panthionIcon4.png/Oden2.png/PantheonMasterBotV01TesterV2 (Use_Time_Filter Start_Time_(HH) Start_Time_(mm) Duration_Time_(HH) Duration_Time_(mm) averageFast averageSlow averageTrend UseTrend UseTrendReverse ProfitStop LossStop MaxTrades Contracts MaxStop Use_MaxStop MaxTPRatio Use_MaxTP Long Short Reverse Use_Kill Kill_Profit_Stop Kill_Loss_Stop Show_Current_PNL Show_Stats_Box Image_Opacity Corner_Image Background_Image Bot_Name ),5000,14610,-9610,1.52029136316337,-2630,45,0.355555555555556,
,1.51992753623188,True/2/0/3/0/7/175/300/False/False/1001/801/500/1/180/True/1.3/True/False/True/False/False/800/400/False/False/0.3/panthionIcon4.png/Oden2.png/PantheonMasterBotV01TesterV2 (Use_Time_Filter Start_Time_(HH) Start_Time_(mm) Duration_Time_(HH) Duration_Time_(mm) averageFast averageSlow averageTrend UseTrend UseTrendReverse ProfitStop LossStop MaxTrades Contracts MaxStop Use_MaxStop MaxTPRatio Use_MaxTP Long Short Reverse Use_Kill Kill_Profit_Stop Kill_Loss_Stop Show_Current_PNL Show_Stats_Box Image_Opacity Corner_Image Background_Image Bot_Name ),2870,8390,-5520,1.51992753623188,-2410,19,0.473684210526316,
,1.51964418087472,True/2/0/3/0/4/175/300/False/False/1001/801/500/1/160/True/1.4/True/False/True/False/False/800/400/False/False/0.3/panthionIcon4.png/Oden2.png/PantheonMasterBotV01TesterV2 (Use_Time_Filter Start_Time_(HH) Start_Time_(mm) Duration_Time_(HH) Duration_Time_(mm) averageFast averageSlow averageTrend UseTrend UseTrendReverse ProfitStop LossStop MaxTrades Contracts MaxStop Use_MaxStop MaxTPRatio Use_MaxTP Long Short Reverse Use_Kill Kill_Profit_Stop Kill_Loss_Stop Show_Current_PNL Show_Stats_Box Image_Opacity Corner_Image Background_Image Bot_Name ),3505,10250,-6745,1.51964418087472,-2400,22,0.545454545454545,
,1.51895043731778,True/2/0/3/0/8/165/300/False/False/1001/801/500/1/140/True/1.3/True/True/True/False/False/800/400/False/False/0.3/panthionIcon4.png/Oden2.png/PantheonMasterBotV01TesterV2 (Use_Time_Filter Start_Time_(HH) Start_Time_(mm) Duration_Time_(HH) Duration_Time_(mm) averageFast averageSlow averageTrend UseTrend UseTrendReverse ProfitStop LossStop MaxTrades Contracts MaxStop Use_MaxStop MaxTPRatio Use_MaxTP Long Short Reverse Use_Kill Kill_Profit_Stop Kill_Loss_Stop Show_Current_PNL Show_Stats_Box Image_Opacity Corner_Image Background_Image Bot_Name ),5340,15630,-10290,1.51895043731778,-2515,54,0.37037037037037,
,1.51756685894074,True/2/0/3/0/10/155/300/False/False/1001/801/500/1/180/True/1.2/True/True/True/False/False/800/400/False/False/0.3/panthionIcon4.png/Oden2.png/PantheonMasterBotV01TesterV2 (Use_Time_Filter Start_Time_(HH) Start_Time_(mm) Duration_Time_(HH) Duration_Time_(mm) averageFast averageSlow averageTrend UseTrend UseTrendReverse ProfitStop LossStop MaxTrades Contracts MaxStop Use_MaxStop MaxTPRatio Use_MaxTP Long Short Reverse Use_Kill Kill_Profit_Stop Kill_Loss_Stop Show_Current_PNL Show_Stats_Box Image_Opacity Corner_Image Background_Image Bot_Name ),4935,14470,-9535,1.51756685894074,-2660,48,0.4375,
,1.51709401709402,True/2/0/3/0/10/195/300/False/False/1001/801/500/1/180/True/1.2/True/True/True/False/False/800/400/False/False/0.3/panthionIcon4.png/Oden2.png/PantheonMasterBotV01TesterV2 (Use_Time_Filter Start_Time_(HH) Start_Time_(mm) Duration_Time_(HH) Duration_Time_(mm) averageFast averageSlow averageTrend UseTrend UseTrendReverse ProfitStop LossStop MaxTrades Contracts MaxStop Use_MaxStop MaxTPRatio Use_MaxTP Long Short Reverse Use_Kill Kill_Profit_Stop Kill_Loss_Stop Show_Current_PNL Show_Stats_Box Image_Opacity Corner_Image Background_Image Bot_Name ),4840,14200,-9360,1.51709401709402,-2555,45,0.333333333333333,
,1.51670951156812,True/2/0/3/0/9/165/300/False/False/1001/801/500/1/140/True/1.3/True/True/True/False/False/800/400/False/False/0.3/panthionIcon4.png/Oden2.png/PantheonMasterBotV01TesterV2 (Use_Time_Filter Start_Time_(HH) Start_Time_(mm) Duration_Time_(HH) Duration_Time_(mm) averageFast averageSlow averageTrend UseTrend UseTrendReverse ProfitStop LossStop MaxTrades Contracts MaxStop Use_MaxStop MaxTPRatio Use_MaxTP Long Short Reverse Use_Kill Kill_Profit_Stop Kill_Loss_Stop Show_Current_PNL Show_Stats_Box Image_Opacity Corner_Image Background_Image Bot_Name ),5025,14750,-9725,1.51670951156812,-2685,50,0.36,
,1.51644444444444,True/2/0/3/0/7/175/300/False/False/1001/801/500/1/140/True/1.7/True/False/True/False/False/800/400/False/False/0.3/panthionIcon4.png/Oden2.png/PantheonMasterBotV01TesterV2 (Use_Time_Filter Start_Time_(HH) Start_Time_(mm) Duration_Time_(HH) Duration_Time_(mm) averageFast averageSlow averageTrend UseTrend UseTrendReverse ProfitStop LossStop MaxTrades Contracts MaxStop Use_MaxStop MaxTPRatio Use_MaxTP Long Short Reverse Use_Kill Kill_Profit_Stop Kill_Loss_Stop Show_Current_PNL Show_Stats_Box Image_Opacity Corner_Image Background_Image Bot_Name ),2905,8530,-5625,1.51644444444444,-2420,20,0.45,
,1.51360887096774,True/2/0/3/0/9/175/300/False/False/1001/801/500/1/160/True/1.5/True/True/True/False/False/800/400/False/False/0.3/panthionIcon4.png/Oden2.png/PantheonMasterBotV01TesterV2 (Use_Time_Filter Start_Time_(HH) Start_Time_(mm) Duration_Time_(HH) Duration_Time_(mm) averageFast averageSlow averageTrend UseTrend UseTrendReverse ProfitStop LossStop MaxTrades Contracts MaxStop Use_MaxStop MaxTPRatio Use_MaxTP Long Short Reverse Use_Kill Kill_Profit_Stop Kill_Loss_Stop Show_Current_PNL Show_Stats_Box Image_Opacity Corner_Image Background_Image Bot_Name ),5095,15015,-9920,1.51360887096774,-2625,48,0.354166666666667,
,1.51301684532925,True/2/0/3/0/8/165/300/False/False/1001/801/500/1/160/True/1.5/True/True/True/False/False/800/400/False/False/0.3/panthionIcon4.png/Oden2.png/PantheonMasterBotV01TesterV2 (Use_Time_Filter Start_Time_(HH) Start_Time_(mm) Duration_Time_(HH) Duration_Time_(mm) averageFast averageSlow averageTrend UseTrend UseTrendReverse ProfitStop LossStop MaxTrades Contracts MaxStop Use_MaxStop MaxTPRatio Use_MaxTP Long Short Reverse Use_Kill Kill_Profit_Stop Kill_Loss_Stop Show_Current_PNL Show_Stats_Box Image_Opacity Corner_Image Background_Image Bot_Name ),5025,14820,-9795,1.51301684532925,-2595,51,0.333333333333333,
,1.51280653950954,True/2/0/3/0/9/185/300/False/False/1001/801/500/1/160/True/1.2/True/True/True/False/False/800/400/False/False/0.3/panthionIcon4.png/Oden2.png/PantheonMasterBotV01TesterV2 (Use_Time_Filter Start_Time_(HH) Start_Time_(mm) Duration_Time_(HH) Duration_Time_(mm) averageFast averageSlow averageTrend UseTrend UseTrendReverse ProfitStop LossStop MaxTrades Contracts MaxStop Use_MaxStop MaxTPRatio Use_MaxTP Long Short Reverse Use_Kill Kill_Profit_Stop Kill_Loss_Stop Show_Current_PNL Show_Stats_Box Image_Opacity Corner_Image Background_Image Bot_Name ),4705,13880,-9175,1.51280653950954,-3430,49,0.36734693877551,
,1.51268115942029,True/2/0/3/0/7/175/300/False/False/1001/801/500/1/180/True/1.5/True/False/True/False/False/800/400/False/False/0.3/panthionIcon4.png/Oden2.png/PantheonMasterBotV01TesterV2 (Use_Time_Filter Start_Time_(HH) Start_Time_(mm) Duration_Time_(HH) Duration_Time_(mm) averageFast averageSlow averageTrend UseTrend UseTrendReverse ProfitStop LossStop MaxTrades Contracts MaxStop Use_MaxStop MaxTPRatio Use_MaxTP Long Short Reverse Use_Kill Kill_Profit_Stop Kill_Loss_Stop Show_Current_PNL Show_Stats_Box Image_Opacity Corner_Image Background_Image Bot_Name ),2830,8350,-5520,1.51268115942029,-2410,19,0.473684210526316,
,1.5125,True/2/0/3/0/8/175/300/False/False/1001/801/500/1/140/True/1.1/True/False/True/False/False/800/400/False/False/0.3/panthionIcon4.png/Oden2.png/PantheonMasterBotV01TesterV2 (Use_Time_Filter Start_Time_(HH) Start_Time_(mm) Duration_Time_(HH) Duration_Time_(mm) averageFast averageSlow averageTrend UseTrend UseTrendReverse ProfitStop LossStop MaxTrades Contracts MaxStop Use_MaxStop MaxTPRatio Use_MaxTP Long Short Reverse Use_Kill Kill_Profit_Stop Kill_Loss_Stop Show_Current_PNL Show_Stats_Box Image_Opacity Corner_Image Background_Image Bot_Name ),2870,8470,-5600,1.5125,-1470,22,0.5,
,1.51214771622935,True/2/0/3/0/8/165/300/False/False/1001/801/500/1/160/True/1.2/True/True/True/False/False/800/400/False/False/0.3/panthionIcon4.png/Oden2.png/PantheonMasterBotV01TesterV2 (Use_Time_Filter Start_Time_(HH) Start_Time_(mm) Duration_Time_(HH) Duration_Time_(mm) averageFast averageSlow averageTrend UseTrend UseTrendReverse ProfitStop LossStop MaxTrades Contracts MaxStop Use_MaxStop MaxTPRatio Use_MaxTP Long Short Reverse Use_Kill Kill_Profit_Stop Kill_Loss_Stop Show_Current_PNL Show_Stats_Box Image_Opacity Corner_Image Background_Image Bot_Name ),5270,15560,-10290,1.51214771622935,-2585,54,0.37037037037037,
,1.51205400192864,True/2/0/3/0/7/175/300/False/False/1001/801/500/1/180/True/1.2/True/True/False/False/False/800/400/False/False/0.3/panthionIcon4.png/Oden2.png/PantheonMasterBotV01TesterV2 (Use_Time_Filter Start_Time_(HH) Start_Time_(mm) Duration_Time_(HH) Duration_Time_(mm) averageFast averageSlow averageTrend UseTrend UseTrendReverse ProfitStop LossStop MaxTrades Contracts MaxStop Use_MaxStop MaxTPRatio Use_MaxTP Long Short Reverse Use_Kill Kill_Profit_Stop Kill_Loss_Stop Show_Current_PNL Show_Stats_Box Image_Opacity Corner_Image Background_Image Bot_Name ),2655,7840,-5185,1.51205400192864,-2735,17,0.529411764705882,
,1.51101321585903,True/2/0/3/0/10/195/300/False/False/1001/801/500/1/160/True/1.3/True/True/True/False/False/800/400/False/False/0.3/panthionIcon4.png/Oden2.png/PantheonMasterBotV01TesterV2 (Use_Time_Filter Start_Time_(HH) Start_Time_(mm) Duration_Time_(HH) Duration_Time_(mm) averageFast averageSlow averageTrend UseTrend UseTrendReverse ProfitStop LossStop MaxTrades Contracts MaxStop Use_MaxStop MaxTPRatio Use_MaxTP Long Short Reverse Use_Kill Kill_Profit_Stop Kill_Loss_Stop Show_Current_PNL Show_Stats_Box Image_Opacity Corner_Image Background_Image Bot_Name ),4640,13720,-9080,1.51101321585903,-2555,45,0.355555555555556,
,1.51045816733068,True/2/0/3/0/8/155/300/False/False/1001/801/500/1/140/True/1.6/True/True/True/False/False/800/400/False/False/0.3/panthionIcon4.png/Oden2.png/PantheonMasterBotV01TesterV2 (Use_Time_Filter Start_Time_(HH) Start_Time_(mm) Duration_Time_(HH) Duration_Time_(mm) averageFast averageSlow averageTrend UseTrend UseTrendReverse ProfitStop LossStop MaxTrades Contracts MaxStop Use_MaxStop MaxTPRatio Use_MaxTP Long Short Reverse Use_Kill Kill_Profit_Stop Kill_Loss_Stop Show_Current_PNL Show_Stats_Box Image_Opacity Corner_Image Background_Image Bot_Name ),5125,15165,-10040,1.51045816733068,-2125,48,0.333333333333333,
,1.51024734982332,True/2/0/3/0/8/155/300/False/False/1001/801/500/1/140/True/1.6/True/True/False/False/False/800/400/False/False/0.3/panthionIcon4.png/Oden2.png/PantheonMasterBotV01TesterV2 (Use_Time_Filter Start_Time_(HH) Start_Time_(mm) Duration_Time_(HH) Duration_Time_(mm) averageFast averageSlow averageTrend UseTrend UseTrendReverse ProfitStop LossStop MaxTrades Contracts MaxStop Use_MaxStop MaxTPRatio Use_MaxTP Long Short Reverse Use_Kill Kill_Profit_Stop Kill_Loss_Stop Show_Current_PNL Show_Stats_Box Image_Opacity Corner_Image Background_Image Bot_Name ),3610,10685,-7075,1.51024734982332,-1535,23,0.521739130434783,
,1.508078994614,True/2/0/3/0/10/185/300/False/False/1001/801/500/1/140/True/1.5/True/False/True/False/False/800/400/False/False/0.3/panthionIcon4.png/Oden2.png/PantheonMasterBotV01TesterV2 (Use_Time_Filter Start_Time_(HH) Start_Time_(mm) Duration_Time_(HH) Duration_Time_(mm) averageFast averageSlow averageTrend UseTrend UseTrendReverse ProfitStop LossStop MaxTrades Contracts MaxStop Use_MaxStop MaxTPRatio Use_MaxTP Long Short Reverse Use_Kill Kill_Profit_Stop Kill_Loss_Stop Show_Current_PNL Show_Stats_Box Image_Opacity Corner_Image Background_Image Bot_Name ),2830,8400,-5570,1.508078994614,-2345,18,0.444444444444444,
,1.50663129973475,True/2/0/3/0/10/195/300/False/False/1001/801/500/1/180/True/1.3/True/True/True/False/False/800/400/False/False/0.3/panthionIcon4.png/Oden2.png/PantheonMasterBotV01TesterV2 (Use_Time_Filter Start_Time_(HH) Start_Time_(mm) Duration_Time_(HH) Duration_Time_(mm) averageFast averageSlow averageTrend UseTrend UseTrendReverse ProfitStop LossStop MaxTrades Contracts MaxStop Use_MaxStop MaxTPRatio Use_MaxTP Long Short Reverse Use_Kill Kill_Profit_Stop Kill_Loss_Stop Show_Current_PNL Show_Stats_Box Image_Opacity Corner_Image Background_Image Bot_Name ),4775,14200,-9425,1.50663129973475,-2555,45,0.311111111111111,
,1.50572519083969,True/2/0/3/0/5/195/300/False/False/1001/801/500/1/160/True/1.6/True/False/True/False/False/800/400/False/False/0.3/panthionIcon4.png/Oden2.png/PantheonMasterBotV01TesterV2 (Use_Time_Filter Start_Time_(HH) Start_Time_(mm) Duration_Time_(HH) Duration_Time_(mm) averageFast averageSlow averageTrend UseTrend UseTrendReverse ProfitStop LossStop MaxTrades Contracts MaxStop Use_MaxStop MaxTPRatio Use_MaxTP Long Short Reverse Use_Kill Kill_Profit_Stop Kill_Loss_Stop Show_Current_PNL Show_Stats_Box Image_Opacity Corner_Image Background_Image Bot_Name ),2650,7890,-5240,1.50572519083969,-2315,19,0.421052631578947,
,1.50571131879543,True/2/0/3/0/10/165/300/False/False/1001/801/500/1/160/True/1.2/True/True/True/False/False/800/400/False/False/0.3/panthionIcon4.png/Oden2.png/PantheonMasterBotV01TesterV2 (Use_Time_Filter Start_Time_(HH) Start_Time_(mm) Duration_Time_(HH) Duration_Time_(mm) averageFast averageSlow averageTrend UseTrend UseTrendReverse ProfitStop LossStop MaxTrades Contracts MaxStop Use_MaxStop MaxTPRatio Use_MaxTP Long Short Reverse Use_Kill Kill_Profit_Stop Kill_Loss_Stop Show_Current_PNL Show_Stats_Box Image_Opacity Corner_Image Background_Image Bot_Name ),4870,14500,-9630,1.50571131879543,-2970,46,0.369565217391304,
,1.50468836183122,True/2/0/3/0/9/185/300/False/False/1001/801/500/1/160/True/1.1/True/True/True/False/False/800/400/False/False/0.3/panthionIcon4.png/Oden2.png/PantheonMasterBotV01TesterV2 (Use_Time_Filter Start_Time_(HH) Start_Time_(mm) Duration_Time_(HH) Duration_Time_(mm) averageFast averageSlow averageTrend UseTrend UseTrendReverse ProfitStop LossStop MaxTrades Contracts MaxStop Use_MaxStop MaxTPRatio Use_MaxTP Long Short Reverse Use_Kill Kill_Profit_Stop Kill_Loss_Stop Show_Current_PNL Show_Stats_Box Image_Opacity Corner_Image Background_Image Bot_Name ),4575,13640,-9065,1.50468836183122,-3135,49,0.387755102040816,
,1.50433526011561,True/2/0/3/0/3/165/300/False/False/1001/801/500/1/140/True/1.3/True/True/True/False/False/800/400/False/False/0.3/panthionIcon4.png/Oden2.png/PantheonMasterBotV01TesterV2 (Use_Time_Filter Start_Time_(HH) Start_Time_(mm) Duration_Time_(HH) Duration_Time_(mm) averageFast averageSlow averageTrend UseTrend UseTrendReverse ProfitStop LossStop MaxTrades Contracts MaxStop Use_MaxStop MaxTPRatio Use_MaxTP Long Short Reverse Use_Kill Kill_Profit_Stop Kill_Loss_Stop Show_Current_PNL Show_Stats_Box Image_Opacity Corner_Image Background_Image Bot_Name ),5235,15615,-10380,1.50433526011561,-1810,83,0.253012048192771,
,1.50337662337662,True/2/0/3/0/9/165/300/False/False/1001/801/500/1/140/True/1.2/True/True/True/False/False/800/400/False/False/0.3/panthionIcon4.png/Oden2.png/PantheonMasterBotV01TesterV2 (Use_Time_Filter Start_Time_(HH) Start_Time_(mm) Duration_Time_(HH) Duration_Time_(mm) averageFast averageSlow averageTrend UseTrend UseTrendReverse ProfitStop LossStop MaxTrades Contracts MaxStop Use_MaxStop MaxTPRatio Use_MaxTP Long Short Reverse Use_Kill Kill_Profit_Stop Kill_Loss_Stop Show_Current_PNL Show_Stats_Box Image_Opacity Corner_Image Background_Image Bot_Name ),4845,14470,-9625,1.50337662337662,-2685,50,0.38,
,1.50236593059937,True/2/0/3/0/10/175/300/False/False/1001/801/500/1/140/True/1.5/True/False/True/False/False/800/400/False/False/0.3/panthionIcon4.png/Oden2.png/PantheonMasterBotV01TesterV2 (Use_Time_Filter Start_Time_(HH) Start_Time_(mm) Duration_Time_(HH) Duration_Time_(mm) averageFast averageSlow averageTrend UseTrend UseTrendReverse ProfitStop LossStop MaxTrades Contracts MaxStop Use_MaxStop MaxTPRatio Use_MaxTP Long Short Reverse Use_Kill Kill_Profit_Stop Kill_Loss_Stop Show_Current_PNL Show_Stats_Box Image_Opacity Corner_Image Background_Image Bot_Name ),3185,9525,-6340,1.50236593059937,-2415,21,0.476190476190476,
,1.50107066381156,True/2/0/3/0/10/195/300/False/False/1001/801/500/1/180/True/1.1/True/True/True/False/False/800/400/False/False/0.3/panthionIcon4.png/Oden2.png/PantheonMasterBotV01TesterV2 (Use_Time_Filter Start_Time_(HH) Start_Time_(mm) Duration_Time_(HH) Duration_Time_(mm) averageFast averageSlow averageTrend UseTrend UseTrendReverse ProfitStop LossStop MaxTrades Contracts MaxStop Use_MaxStop MaxTPRatio Use_MaxTP Long Short Reverse Use_Kill Kill_Profit_Stop Kill_Loss_Stop Show_Current_PNL Show_Stats_Box Image_Opacity Corner_Image Background_Image Bot_Name ),4680,14020,-9340,1.50107066381156,-2555,45,0.355555555555556,
,1.50076569678407,True/2/0/3/0/8/165/300/False/False/1001/801/500/1/140/True/1.7/True/True/True/False/False/800/400/False/False/0.3/panthionIcon4.png/Oden2.png/PantheonMasterBotV01TesterV2 (Use_Time_Filter Start_Time_(HH) Start_Time_(mm) Duration_Time_(HH) Duration_Time_(mm) averageFast averageSlow averageTrend UseTrend UseTrendReverse ProfitStop LossStop MaxTrades Contracts MaxStop Use_MaxStop MaxTPRatio Use_MaxTP Long Short Reverse Use_Kill Kill_Profit_Stop Kill_Loss_Stop Show_Current_PNL Show_Stats_Box Image_Opacity Corner_Image Background_Image Bot_Name ),4905,14700,-9795,1.50076569678407,-2595,51,0.333333333333333,
,1.49975111996018,True/2/0/3/0/3/165/300/False/False/1001/801/500/1/160/True/1.5/True/True/True/False/False/800/400/False/False/0.3/panthionIcon4.png/Oden2.png/PantheonMasterBotV01TesterV2 (Use_Time_Filter Start_Time_(HH) Start_Time_(mm) Duration_Time_(HH) Duration_Time_(mm) averageFast averageSlow averageTrend UseTrend UseTrendReverse ProfitStop LossStop MaxTrades Contracts MaxStop Use_MaxStop MaxTPRatio Use_MaxTP Long Short Reverse Use_Kill Kill_Profit_Stop Kill_Loss_Stop Show_Current_PNL Show_Stats_Box Image_Opacity Corner_Image Background_Image Bot_Name ),5020,15065,-10045,1.49975111996018,-3395,78,0.256410256410256,
,1.49894291754757,True/2/0/3/0/10/165/300/False/False/1001/801/500/1/160/True/1.1/True/True/True/False/False/800/400/False/False/0.3/panthionIcon4.png/Oden2.png/PantheonMasterBotV01TesterV2 (Use_Time_Filter Start_Time_(HH) Start_Time_(mm) Duration_Time_(HH) Duration_Time_(mm) averageFast averageSlow averageTrend UseTrend UseTrendReverse ProfitStop LossStop MaxTrades Contracts MaxStop Use_MaxStop MaxTPRatio Use_MaxTP Long Short Reverse Use_Kill Kill_Profit_Stop Kill_Loss_Stop Show_Current_PNL Show_Stats_Box Image_Opacity Corner_Image Background_Image Bot_Name ),4720,14180,-9460,1.49894291754757,-2460,46,0.391304347826087,
,1.49893992932862,True/2/0/3/0/8/155/300/False/False/1001/801/500/1/140/True/1.7/True/True/False/False/False/800/400/False/False/0.3/panthionIcon4.png/Oden2.png/PantheonMasterBotV01TesterV2 (Use_Time_Filter Start_Time_(HH) Start_Time_(mm) Duration_Time_(HH) Duration_Time_(mm) averageFast averageSlow averageTrend UseTrend UseTrendReverse ProfitStop LossStop MaxTrades Contracts MaxStop Use_MaxStop MaxTPRatio Use_MaxTP Long Short Reverse Use_Kill Kill_Profit_Stop Kill_Loss_Stop Show_Current_PNL Show_Stats_Box Image_Opacity Corner_Image Background_Image Bot_Name ),3530,10605,-7075,1.49893992932862,-1465,23,0.521739130434783,
,1.4987555998009,True/2/0/3/0/3/165/300/False/False/1001/801/500/1/140/True/1.6/True/True/True/False/False/800/400/False/False/0.3/panthionIcon4.png/Oden2.png/PantheonMasterBotV01TesterV2 (Use_Time_Filter Start_Time_(HH) Start_Time_(mm) Duration_Time_(HH) Duration_Time_(mm) averageFast averageSlow averageTrend UseTrend UseTrendReverse ProfitStop LossStop MaxTrades Contracts MaxStop Use_MaxStop MaxTPRatio Use_MaxTP Long Short Reverse Use_Kill Kill_Profit_Stop Kill_Loss_Stop Show_Current_PNL Show_Stats_Box Image_Opacity Corner_Image Background_Image Bot_Name ),5010,15055,-10045,1.4987555998009,-3085,78,0.256410256410256,
,1.4987555998009,True/2/0/3/0/3/165/300/False/False/1001/801/500/1/160/True/1.4/True/True/True/False/False/800/400/False/False/0.3/panthionIcon4.png/Oden2.png/PantheonMasterBotV01TesterV2 (Use_Time_Filter Start_Time_(HH) Start_Time_(mm) Duration_Time_(HH) Duration_Time_(mm) averageFast averageSlow averageTrend UseTrend UseTrendReverse ProfitStop LossStop MaxTrades Contracts MaxStop Use_MaxStop MaxTPRatio Use_MaxTP Long Short Reverse Use_Kill Kill_Profit_Stop Kill_Loss_Stop Show_Current_PNL Show_Stats_Box Image_Opacity Corner_Image Background_Image Bot_Name ),5010,15055,-10045,1.4987555998009,-3085,78,0.256410256410256,
,1.4985549132948,True/2/0/3/0/3/165/300/False/False/1001/801/500/1/160/True/1.2/True/True/True/False/False/800/400/False/False/0.3/panthionIcon4.png/Oden2.png/PantheonMasterBotV01TesterV2 (Use_Time_Filter Start_Time_(HH) Start_Time_(mm) Duration_Time_(HH) Duration_Time_(mm) averageFast averageSlow averageTrend UseTrend UseTrendReverse ProfitStop LossStop MaxTrades Contracts MaxStop Use_MaxStop MaxTPRatio Use_MaxTP Long Short Reverse Use_Kill Kill_Profit_Stop Kill_Loss_Stop Show_Current_PNL Show_Stats_Box Image_Opacity Corner_Image Background_Image Bot_Name ),5175,15555,-10380,1.4985549132948,-1760,83,0.253012048192771,
,1.49778956675508,True/2/0/3/0/4/185/300/False/False/1001/801/500/1/140/True/1.1/True/False/True/False/False/800/400/False/False/0.3/panthionIcon4.png/Oden2.png/PantheonMasterBotV01TesterV2 (Use_Time_Filter Start_Time_(HH) Start_Time_(mm) Duration_Time_(HH) Duration_Time_(mm) averageFast averageSlow averageTrend UseTrend UseTrendReverse ProfitStop LossStop MaxTrades Contracts MaxStop Use_MaxStop MaxTPRatio Use_MaxTP Long Short Reverse Use_Kill Kill_Profit_Stop Kill_Loss_Stop Show_Current_PNL Show_Stats_Box Image_Opacity Corner_Image Background_Image Bot_Name ),2815,8470,-5655,1.49778956675508,-2100,22,0.5,
,1.49767008387698,True/2/0/3/0/7/195/300/False/False/1001/801/500/1/140/True/1.6/True/False/True/False/False/800/400/False/False/0.3/panthionIcon4.png/Oden2.png/PantheonMasterBotV01TesterV2 (Use_Time_Filter Start_Time_(HH) Start_Time_(mm) Duration_Time_(HH) Duration_Time_(mm) averageFast averageSlow averageTrend UseTrend UseTrendReverse ProfitStop LossStop MaxTrades Contracts MaxStop Use_MaxStop MaxTPRatio Use_MaxTP Long Short Reverse Use_Kill Kill_Profit_Stop Kill_Loss_Stop Show_Current_PNL Show_Stats_Box Image_Opacity Corner_Image Background_Image Bot_Name ),2670,8035,-5365,1.49767008387698,-1920,19,0.473684210526316,
,1.4958071278826,True/2/0/3/0/9/165/300/False/False/1001/801/500/1/160/True/1.1/True/True/True/False/False/800/400/False/False/0.3/panthionIcon4.png/Oden2.png/PantheonMasterBotV01TesterV2 (Use_Time_Filter Start_Time_(HH) Start_Time_(mm) Duration_Time_(HH) Duration_Time_(mm) averageFast averageSlow averageTrend UseTrend UseTrendReverse ProfitStop LossStop MaxTrades Contracts MaxStop Use_MaxStop MaxTPRatio Use_MaxTP Long Short Reverse Use_Kill Kill_Profit_Stop Kill_Loss_Stop Show_Current_PNL Show_Stats_Box Image_Opacity Corner_Image Background_Image Bot_Name ),4730,14270,-9540,1.4958071278826,-2685,50,0.36,
,1.49517966695881,True/2/0/3/0/7/175/300/False/False/1001/801/500/1/140/True/1.2/True/False/True/False/False/800/400/False/False/0.3/panthionIcon4.png/Oden2.png/PantheonMasterBotV01TesterV2 (Use_Time_Filter Start_Time_(HH) Start_Time_(mm) Duration_Time_(HH) Duration_Time_(mm) averageFast averageSlow averageTrend UseTrend UseTrendReverse ProfitStop LossStop MaxTrades Contracts MaxStop Use_MaxStop MaxTPRatio Use_MaxTP Long Short Reverse Use_Kill Kill_Profit_Stop Kill_Loss_Stop Show_Current_PNL Show_Stats_Box Image_Opacity Corner_Image Background_Image Bot_Name ),2825,8530,-5705,1.49517966695881,-1540,21,0.523809523809524,
,1.49421193232413,True/2/0/3/0/5/195/300/False/False/1001/801/500/1/180/True/1.3/True/False/True/False/False/800/400/False/False/0.3/panthionIcon4.png/Oden2.png/PantheonMasterBotV01TesterV2 (Use_Time_Filter Start_Time_(HH) Start_Time_(mm) Duration_Time_(HH) Duration_Time_(mm) averageFast averageSlow averageTrend UseTrend UseTrendReverse ProfitStop LossStop MaxTrades Contracts MaxStop Use_MaxStop MaxTPRatio Use_MaxTP Long Short Reverse Use_Kill Kill_Profit_Stop Kill_Loss_Stop Show_Current_PNL Show_Stats_Box Image_Opacity Corner_Image Background_Image Bot_Name ),2775,8390,-5615,1.49421193232413,-2390,18,0.444444444444444,
,1.49288617886179,True/2/0/3/0/3/165/300/False/False/1001/801/500/1/180/True/1.6/True/True/True/False/False/800/400/False/False/0.3/panthionIcon4.png/Oden2.png/PantheonMasterBotV01TesterV2 (Use_Time_Filter Start_Time_(HH) Start_Time_(mm) Duration_Time_(HH) Duration_Time_(mm) averageFast averageSlow averageTrend UseTrend UseTrendReverse ProfitStop LossStop MaxTrades Contracts MaxStop Use_MaxStop MaxTPRatio Use_MaxTP Long Short Reverse Use_Kill Kill_Profit_Stop Kill_Loss_Stop Show_Current_PNL Show_Stats_Box Image_Opacity Corner_Image Background_Image Bot_Name ),4850,14690,-9840,1.49288617886179,-3395,75,0.253333333333333,
,1.49210307564422,True/2/0/3/0/8/165/300/False/False/1001/801/500/1/180/True/1.7/True/True/False/False/False/800/400/False/False/0.3/panthionIcon4.png/Oden2.png/PantheonMasterBotV01TesterV2 (Use_Time_Filter Start_Time_(HH) Start_Time_(mm) Duration_Time_(HH) Duration_Time_(mm) averageFast averageSlow averageTrend UseTrend UseTrendReverse ProfitStop LossStop MaxTrades Contracts MaxStop Use_MaxStop MaxTPRatio Use_MaxTP Long Short Reverse Use_Kill Kill_Profit_Stop Kill_Loss_Stop Show_Current_PNL Show_Stats_Box Image_Opacity Corner_Image Background_Image Bot_Name ),2960,8975,-6015,1.49210307564422,-1800,18,0.5,
,1.49203187250996,True/2/0/3/0/8/155/300/False/False/1001/801/500/1/140/True/1.5/True/True/True/False/False/800/400/False/False/0.3/panthionIcon4.png/Oden2.png/PantheonMasterBotV01TesterV2 (Use_Time_Filter Start_Time_(HH) Start_Time_(mm) Duration_Time_(HH) Duration_Time_(mm) averageFast averageSlow averageTrend UseTrend UseTrendReverse ProfitStop LossStop MaxTrades Contracts MaxStop Use_MaxStop MaxTPRatio Use_MaxTP Long Short Reverse Use_Kill Kill_Profit_Stop Kill_Loss_Stop Show_Current_PNL Show_Stats_Box Image_Opacity Corner_Image Background_Image Bot_Name ),4940,14980,-10040,1.49203187250996,-2195,48,0.333333333333333,
,1.49182501104728,True/2/0/3/0/8/155/300/False/False/1001/801/500/1/140/True/1.4/True/True/True/False/False/800/400/False/False/0.3/panthionIcon4.png/Oden2.png/PantheonMasterBotV01TesterV2 (Use_Time_Filter Start_Time_(HH) Start_Time_(mm) Duration_Time_(HH) Duration_Time_(mm) averageFast averageSlow averageTrend UseTrend UseTrendReverse ProfitStop LossStop MaxTrades Contracts MaxStop Use_MaxStop MaxTPRatio Use_MaxTP Long Short Reverse Use_Kill Kill_Profit_Stop Kill_Loss_Stop Show_Current_PNL Show_Stats_Box Image_Opacity Corner_Image Background_Image Bot_Name ),5565,16880,-11315,1.49182501104728,-2290,55,0.327272727272727,
,1.49169435215947,True/2/0/3/0/8/195/300/False/False/1001/801/500/1/160/True/1.1/True/False/True/False/False/800/400/False/False/0.3/panthionIcon4.png/Oden2.png/PantheonMasterBotV01TesterV2 (Use_Time_Filter Start_Time_(HH) Start_Time_(mm) Duration_Time_(HH) Duration_Time_(mm) averageFast averageSlow averageTrend UseTrend UseTrendReverse ProfitStop LossStop MaxTrades Contracts MaxStop Use_MaxStop MaxTPRatio Use_MaxTP Long Short Reverse Use_Kill Kill_Profit_Stop Kill_Loss_Stop Show_Current_PNL Show_Stats_Box Image_Opacity Corner_Image Background_Image Bot_Name ),2960,8980,-6020,1.49169435215947,-1560,20,0.55,
,1.49055640632976,True/2/0/3/0/8/165/300/False/False/1001/801/500/1/160/True/1.6/True/True/True/False/False/800/400/False/False/0.3/panthionIcon4.png/Oden2.png/PantheonMasterBotV01TesterV2 (Use_Time_Filter Start_Time_(HH) Start_Time_(mm) Duration_Time_(HH) Duration_Time_(mm) averageFast averageSlow averageTrend UseTrend UseTrendReverse ProfitStop LossStop MaxTrades Contracts MaxStop Use_MaxStop MaxTPRatio Use_MaxTP Long Short Reverse Use_Kill Kill_Profit_Stop Kill_Loss_Stop Show_Current_PNL Show_Stats_Box Image_Opacity Corner_Image Background_Image Bot_Name ),4805,14600,-9795,1.49055640632976,-2595,51,0.333333333333333,
,1.49029889879392,True/2/0/3/0/3/175/300/False/False/1001/801/500/1/180/True/1.1/True/True/True/False/False/800/400/False/False/0.3/panthionIcon4.png/Oden2.png/PantheonMasterBotV01TesterV2 (Use_Time_Filter Start_Time_(HH) Start_Time_(mm) Duration_Time_(HH) Duration_Time_(mm) averageFast averageSlow averageTrend UseTrend UseTrendReverse ProfitStop LossStop MaxTrades Contracts MaxStop Use_MaxStop MaxTPRatio Use_MaxTP Long Short Reverse Use_Kill Kill_Profit_Stop Kill_Loss_Stop Show_Current_PNL Show_Stats_Box Image_Opacity Corner_Image Background_Image Bot_Name ),4675,14210,-9535,1.49029889879392,-2305,76,0.276315789473684,
,1.49016522423289,True/2/0/3/0/4/175/300/False/False/1001/801/500/1/180/True/1.7/True/False/True/False/False/800/400/False/False/0.3/panthionIcon4.png/Oden2.png/PantheonMasterBotV01TesterV2 (Use_Time_Filter Start_Time_(HH) Start_Time_(mm) Duration_Time_(HH) Duration_Time_(mm) averageFast averageSlow averageTrend UseTrend UseTrendReverse ProfitStop LossStop MaxTrades Contracts MaxStop Use_MaxStop MaxTPRatio Use_MaxTP Long Short Reverse Use_Kill Kill_Profit_Stop Kill_Loss_Stop Show_Current_PNL Show_Stats_Box Image_Opacity Corner_Image Background_Image Bot_Name ),3115,9470,-6355,1.49016522423289,-2700,20,0.55,
,1.48869475847893,True/2/0/3/0/9/175/300/False/False/1001/801/500/1/180/True/1.6/True/True/True/False/False/800/400/False/False/0.3/panthionIcon4.png/Oden2.png/PantheonMasterBotV01TesterV2 (Use_Time_Filter Start_Time_(HH) Start_Time_(mm) Duration_Time_(HH) Duration_Time_(mm) averageFast averageSlow averageTrend UseTrend UseTrendReverse ProfitStop LossStop MaxTrades Contracts MaxStop Use_MaxStop MaxTPRatio Use_MaxTP Long Short Reverse Use_Kill Kill_Profit_Stop Kill_Loss_Stop Show_Current_PNL Show_Stats_Box Image_Opacity Corner_Image Background_Image Bot_Name ),4755,14485,-9730,1.48869475847893,-2625,47,0.340425531914894,
,1.48837209302326,True/2/0/3/0/9/195/300/False/False/1001/801/500/1/160/True/1.4/True/False/True/False/False/800/400/False/False/0.3/panthionIcon4.png/Oden2.png/PantheonMasterBotV01TesterV2 (Use_Time_Filter Start_Time_(HH) Start_Time_(mm) Duration_Time_(HH) Duration_Time_(mm) averageFast averageSlow averageTrend UseTrend UseTrendReverse ProfitStop LossStop MaxTrades Contracts MaxStop Use_MaxStop MaxTPRatio Use_MaxTP Long Short Reverse Use_Kill Kill_Profit_Stop Kill_Loss_Stop Show_Current_PNL Show_Stats_Box Image_Opacity Corner_Image Background_Image Bot_Name ),2940,8960,-6020,1.48837209302326,-2340,18,0.444444444444444,
,1.48780487804878,True/2/0/3/0/3/165/300/False/False/1001/801/500/1/140/True/1.7/True/True/True/False/False/800/400/False/False/0.3/panthionIcon4.png/Oden2.png/PantheonMasterBotV01TesterV2 (Use_Time_Filter Start_Time_(HH) Start_Time_(mm) Duration_Time_(HH) Duration_Time_(mm) averageFast averageSlow averageTrend UseTrend UseTrendReverse ProfitStop LossStop MaxTrades Contracts MaxStop Use_MaxStop MaxTPRatio Use_MaxTP Long Short Reverse Use_Kill Kill_Profit_Stop Kill_Loss_Stop Show_Current_PNL Show_Stats_Box Image_Opacity Corner_Image Background_Image Bot_Name ),4900,14945,-10045,1.48780487804878,-3395,78,0.256410256410256,
,1.48709677419355,True/2/0/3/0/7/155/300/False/False/1001/801/500/1/180/True/1.2/True/True/False/False/False/800/400/False/False/0.3/panthionIcon4.png/Oden2.png/PantheonMasterBotV01TesterV2 (Use_Time_Filter Start_Time_(HH) Start_Time_(mm) Duration_Time_(HH) Duration_Time_(mm) averageFast averageSlow averageTrend UseTrend UseTrendReverse ProfitStop LossStop MaxTrades Contracts MaxStop Use_MaxStop MaxTPRatio Use_MaxTP Long Short Reverse Use_Kill Kill_Profit_Stop Kill_Loss_Stop Show_Current_PNL Show_Stats_Box Image_Opacity Corner_Image Background_Image Bot_Name ),3020,9220,-6200,1.48709677419355,-2455,19,0.526315789473684,
,1.48685540950455,True/2/0/3/0/3/165/300/False/False/1001/801/500/1/160/True/1.7/True/True/True/False/False/800/400/False/False/0.3/panthionIcon4.png/Oden2.png/PantheonMasterBotV01TesterV2 (Use_Time_Filter Start_Time_(HH) Start_Time_(mm) Duration_Time_(HH) Duration_Time_(mm) averageFast averageSlow averageTrend UseTrend UseTrendReverse ProfitStop LossStop MaxTrades Contracts MaxStop Use_MaxStop MaxTPRatio Use_MaxTP Long Short Reverse Use_Kill Kill_Profit_Stop Kill_Loss_Stop Show_Current_PNL Show_Stats_Box Image_Opacity Corner_Image Background_Image Bot_Name ),4815,14705,-9890,1.48685540950455,-3395,77,0.25974025974026,
,1.48648648648649,True/2/0/3/0/10/155/300/False/False/1001/801/500/1/140/True/1.6/True/False/True/False/False/800/400/False/False/0.3/panthionIcon4.png/Oden2.png/PantheonMasterBotV01TesterV2 (Use_Time_Filter Start_Time_(HH) Start_Time_(mm) Duration_Time_(HH) Duration_Time_(mm) averageFast averageSlow averageTrend UseTrend UseTrendReverse ProfitStop LossStop MaxTrades Contracts MaxStop Use_MaxStop MaxTPRatio Use_MaxTP Long Short Reverse Use_Kill Kill_Profit_Stop Kill_Loss_Stop Show_Current_PNL Show_Stats_Box Image_Opacity Corner_Image Background_Image Bot_Name ),3330,10175,-6845,1.48648648648649,-2100,21,0.476190476190476,
,1.48647269014803,True/2/0/3/0/7/165/300/False/False/1001/801/500/1/140/True/1.3/True/True/True/False/False/800/400/False/False/0.3/panthionIcon4.png/Oden2.png/PantheonMasterBotV01TesterV2 (Use_Time_Filter Start_Time_(HH) Start_Time_(mm) Duration_Time_(HH) Duration_Time_(mm) averageFast averageSlow averageTrend UseTrend UseTrendReverse ProfitStop LossStop MaxTrades Contracts MaxStop Use_MaxStop MaxTPRatio Use_MaxTP Long Short Reverse Use_Kill Kill_Profit_Stop Kill_Loss_Stop Show_Current_PNL Show_Stats_Box Image_Opacity Corner_Image Background_Image Bot_Name ),4765,14560,-9795,1.48647269014803,-2485,54,0.296296296296296,
,1.48344370860927,True/2/0/3/0/10/195/300/False/False/1001/801/500/1/140/True/1.6/True/False/True/False/False/800/400/False/False/0.3/panthionIcon4.png/Oden2.png/PantheonMasterBotV01TesterV2 (Use_Time_Filter Start_Time_(HH) Start_Time_(mm) Duration_Time_(HH) Duration_Time_(mm) averageFast averageSlow averageTrend UseTrend UseTrendReverse ProfitStop LossStop MaxTrades Contracts MaxStop Use_MaxStop MaxTPRatio Use_MaxTP Long Short Reverse Use_Kill Kill_Profit_Stop Kill_Loss_Stop Show_Current_PNL Show_Stats_Box Image_Opacity Corner_Image Background_Image Bot_Name ),2920,8960,-6040,1.48344370860927,-2170,19,0.421052631578947,
,1.48235294117647,True/2/0/3/0/5/195/300/False/False/1001/801/500/1/140/True/1.3/True/False/True/False/False/800/400/False/False/0.3/panthionIcon4.png/Oden2.png/PantheonMasterBotV01TesterV2 (Use_Time_Filter Start_Time_(HH) Start_Time_(mm) Duration_Time_(HH) Duration_Time_(mm) averageFast averageSlow averageTrend UseTrend UseTrendReverse ProfitStop LossStop MaxTrades Contracts MaxStop Use_MaxStop MaxTPRatio Use_MaxTP Long Short Reverse Use_Kill Kill_Profit_Stop Kill_Loss_Stop Show_Current_PNL Show_Stats_Box Image_Opacity Corner_Image Background_Image Bot_Name ),2665,8190,-5525,1.48235294117647,-1400,20,0.45,
,1.48135256091497,True/2/0/3/0/6/165/300/False/False/1001/801/500/1/140/True/1.4/True/True/True/False/False/800/400/False/False/0.3/panthionIcon4.png/Oden2.png/PantheonMasterBotV01TesterV2 (Use_Time_Filter Start_Time_(HH) Start_Time_(mm) Duration_Time_(HH) Duration_Time_(mm) averageFast averageSlow averageTrend UseTrend UseTrendReverse ProfitStop LossStop MaxTrades Contracts MaxStop Use_MaxStop MaxTPRatio Use_MaxTP Long Short Reverse Use_Kill Kill_Profit_Stop Kill_Loss_Stop Show_Current_PNL Show_Stats_Box Image_Opacity Corner_Image Background_Image Bot_Name ),4840,14895,-10055,1.48135256091497,-3020,56,0.303571428571429,
,1.48063781321185,True/2/0/3/0/3/175/300/False/False/1001/801/500/1/160/True/1.2/True/False/True/False/False/800/400/False/False/0.3/panthionIcon4.png/Oden2.png/PantheonMasterBotV01TesterV2 (Use_Time_Filter Start_Time_(HH) Start_Time_(mm) Duration_Time_(HH) Duration_Time_(mm) averageFast averageSlow averageTrend UseTrend UseTrendReverse ProfitStop LossStop MaxTrades Contracts MaxStop Use_MaxStop MaxTPRatio Use_MaxTP Long Short Reverse Use_Kill Kill_Profit_Stop Kill_Loss_Stop Show_Current_PNL Show_Stats_Box Image_Opacity Corner_Image Background_Image Bot_Name ),3165,9750,-6585,1.48063781321185,-2400,23,0.521739130434783,
,1.47996438112199,True/2/0/3/0/5/195/300/False/False/1001/801/500/1/180/True/1.5/True/False/True/False/False/800/400/False/False/0.3/panthionIcon4.png/Oden2.png/PantheonMasterBotV01TesterV2 (Use_Time_Filter Start_Time_(HH) Start_Time_(mm) Duration_Time_(HH) Duration_Time_(mm) averageFast averageSlow averageTrend UseTrend UseTrendReverse ProfitStop LossStop MaxTrades Contracts MaxStop Use_MaxStop MaxTPRatio Use_MaxTP Long Short Reverse Use_Kill Kill_Profit_Stop Kill_Loss_Stop Show_Current_PNL Show_Stats_Box Image_Opacity Corner_Image Background_Image Bot_Name ),2695,8310,-5615,1.47996438112199,-2390,18,0.444444444444444,
,1.47957371225577,True/2/0/3/0/10/185/300/False/False/1001/801/500/1/140/True/1.7/True/False/True/False/False/800/400/False/False/0.3/panthionIcon4.png/Oden2.png/PantheonMasterBotV01TesterV2 (Use_Time_Filter Start_Time_(HH) Start_Time_(mm) Duration_Time_(HH) Duration_Time_(mm) averageFast averageSlow averageTrend UseTrend UseTrendReverse ProfitStop LossStop MaxTrades Contracts MaxStop Use_MaxStop MaxTPRatio Use_MaxTP Long Short Reverse Use_Kill Kill_Profit_Stop Kill_Loss_Stop Show_Current_PNL Show_Stats_Box Image_Opacity Corner_Image Background_Image Bot_Name ),2700,8330,-5630,1.47957371225577,-2205,18,0.388888888888889,
,1.47729618163055,True/2/0/3/0/7/165/300/False/False/1001/801/500/1/160/True/1.6/True/True/True/False/False/800/400/False/False/0.3/panthionIcon4.png/Oden2.png/PantheonMasterBotV01TesterV2 (Use_Time_Filter Start_Time_(HH) Start_Time_(mm) Duration_Time_(HH) Duration_Time_(mm) averageFast averageSlow averageTrend UseTrend UseTrendReverse ProfitStop LossStop MaxTrades Contracts MaxStop Use_MaxStop MaxTPRatio Use_MaxTP Long Short Reverse Use_Kill Kill_Profit_Stop Kill_Loss_Stop Show_Current_PNL Show_Stats_Box Image_Opacity Corner_Image Background_Image Bot_Name ),4625,14315,-9690,1.47729618163055,-2610,51,0.235294117647059,
,1.47674418604651,True/2/0/3/0/3/165/300/False/False/1001/801/500/1/180/True/1.5/True/True/True/False/False/800/400/False/False/0.3/panthionIcon4.png/Oden2.png/PantheonMasterBotV01TesterV2 (Use_Time_Filter Start_Time_(HH) Start_Time_(mm) Duration_Time_(HH) Duration_Time_(mm) averageFast averageSlow averageTrend UseTrend UseTrendReverse ProfitStop LossStop MaxTrades Contracts MaxStop Use_MaxStop MaxTPRatio Use_MaxTP Long Short Reverse Use_Kill Kill_Profit_Stop Kill_Loss_Stop Show_Current_PNL Show_Stats_Box Image_Opacity Corner_Image Background_Image Bot_Name ),4715,14605,-9890,1.47674418604651,-3395,77,0.25974025974026,
,1.47654584221748,True/2/0/3/0/10/195/300/False/False/1001/801/500/1/140/True/1.4/True/True/True/False/False/800/400/False/False/0.3/panthionIcon4.png/Oden2.png/PantheonMasterBotV01TesterV2 (Use_Time_Filter Start_Time_(HH) Start_Time_(mm) Duration_Time_(HH) Duration_Time_(mm) averageFast averageSlow averageTrend UseTrend UseTrendReverse ProfitStop LossStop MaxTrades Contracts MaxStop Use_MaxStop MaxTPRatio Use_MaxTP Long Short Reverse Use_Kill Kill_Profit_Stop Kill_Loss_Stop Show_Current_PNL Show_Stats_Box Image_Opacity Corner_Image Background_Image Bot_Name ),4470,13850,-9380,1.47654584221748,-2555,45,0.355555555555556,
,1.47626339969372,True/2/0/3/0/8/165/300/False/False/1001/801/500/1/180/True/1.3/True/True/True/False/False/800/400/False/False/0.3/panthionIcon4.png/Oden2.png/PantheonMasterBotV01TesterV2 (Use_Time_Filter Start_Time_(HH) Start_Time_(mm) Duration_Time_(HH) Duration_Time_(mm) averageFast averageSlow averageTrend UseTrend UseTrendReverse ProfitStop LossStop MaxTrades Contracts MaxStop Use_MaxStop MaxTPRatio Use_MaxTP Long Short Reverse Use_Kill Kill_Profit_Stop Kill_Loss_Stop Show_Current_PNL Show_Stats_Box Image_Opacity Corner_Image Background_Image Bot_Name ),4665,14460,-9795,1.47626339969372,-2595,51,0.333333333333333,
,1.47561615102255,True/2/0/3/0/3/175/300/False/False/1001/801/500/1/140/True/1.4/True/True/True/False/False/800/400/False/False/0.3/panthionIcon4.png/Oden2.png/PantheonMasterBotV01TesterV2 (Use_Time_Filter Start_Time_(HH) Start_Time_(mm) Duration_Time_(HH) Duration_Time_(mm) averageFast averageSlow averageTrend UseTrend UseTrendReverse ProfitStop LossStop MaxTrades Contracts MaxStop Use_MaxStop MaxTPRatio Use_MaxTP Long Short Reverse Use_Kill Kill_Profit_Stop Kill_Loss_Stop Show_Current_PNL Show_Stats_Box Image_Opacity Corner_Image Background_Image Bot_Name ),4535,14070,-9535,1.47561615102255,-2305,76,0.276315789473684,
,1.4753036437247,True/2/0/3/0/4/185/300/False/False/1001/801/500/1/180/True/1.1/True/False/True/False/False/800/400/False/False/0.3/panthionIcon4.png/Oden2.png/PantheonMasterBotV01TesterV2 (Use_Time_Filter Start_Time_(HH) Start_Time_(mm) Duration_Time_(HH) Duration_Time_(mm) averageFast averageSlow averageTrend UseTrend UseTrendReverse ProfitStop LossStop MaxTrades Contracts MaxStop Use_MaxStop MaxTPRatio Use_MaxTP Long Short Reverse Use_Kill Kill_Profit_Stop Kill_Loss_Stop Show_Current_PNL Show_Stats_Box Image_Opacity Corner_Image Background_Image Bot_Name ),2935,9110,-6175,1.4753036437247,-2700,21,0.476190476190476,
,1.47446457990115,True/2/0/3/0/10/165/300/False/False/1001/801/500/1/160/True/1.5/True/True/False/False/False/800/400/False/False/0.3/panthionIcon4.png/Oden2.png/PantheonMasterBotV01TesterV2 (Use_Time_Filter Start_Time_(HH) Start_Time_(mm) Duration_Time_(HH) Duration_Time_(mm) averageFast averageSlow averageTrend UseTrend UseTrendReverse ProfitStop LossStop MaxTrades Contracts MaxStop Use_MaxStop MaxTPRatio Use_MaxTP Long Short Reverse Use_Kill Kill_Profit_Stop Kill_Loss_Stop Show_Current_PNL Show_Stats_Box Image_Opacity Corner_Image Background_Image Bot_Name ),2880,8950,-6070,1.47446457990115,-2655,20,0.5,
,1.47379912663755,True/2/0/3/0/8/185/300/False/False/1001/801/500/1/180/True/1.7/True/True/True/False/False/800/400/False/False/0.3/panthionIcon4.png/Oden2.png/PantheonMasterBotV01TesterV2 (Use_Time_Filter Start_Time_(HH) Start_Time_(mm) Duration_Time_(HH) Duration_Time_(mm) averageFast averageSlow averageTrend UseTrend UseTrendReverse ProfitStop LossStop MaxTrades Contracts MaxStop Use_MaxStop MaxTPRatio Use_MaxTP Long Short Reverse Use_Kill Kill_Profit_Stop Kill_Loss_Stop Show_Current_PNL Show_Stats_Box Image_Opacity Corner_Image Background_Image Bot_Name ),4340,13500,-9160,1.47379912663755,-2220,45,0.288888888888889,
,1.47368421052632,True/2/0/3/0/9/195/300/False/False/1001/801/500/1/160/True/1.6/True/False/True/False/False/800/400/False/False/0.3/panthionIcon4.png/Oden2.png/PantheonMasterBotV01TesterV2 (Use_Time_Filter Start_Time_(HH) Start_Time_(mm) Duration_Time_(HH) Duration_Time_(mm) averageFast averageSlow averageTrend UseTrend UseTrendReverse ProfitStop LossStop MaxTrades Contracts MaxStop Use_MaxStop MaxTPRatio Use_MaxTP Long Short Reverse Use_Kill Kill_Profit_Stop Kill_Loss_Stop Show_Current_PNL Show_Stats_Box Image_Opacity Corner_Image Background_Image Bot_Name ),2880,8960,-6080,1.47368421052632,-2330,18,0.388888888888889,
,1.47326203208556,True/2/0/3/0/7/195/300/False/False/1001/801/500/1/140/True/1.3/True/False/True/False/False/800/400/False/False/0.3/panthionIcon4.png/Oden2.png/PantheonMasterBotV01TesterV2 (Use_Time_Filter Start_Time_(HH) Start_Time_(mm) Duration_Time_(HH) Duration_Time_(mm) averageFast averageSlow averageTrend UseTrend UseTrendReverse ProfitStop LossStop MaxTrades Contracts MaxStop Use_MaxStop MaxTPRatio Use_MaxTP Long Short Reverse Use_Kill Kill_Profit_Stop Kill_Loss_Stop Show_Current_PNL Show_Stats_Box Image_Opacity Corner_Image Background_Image Bot_Name ),2655,8265,-5610,1.47326203208556,-1340,20,0.5,
,1.47325102880658,True/2/0/3/0/7/175/300/False/False/1001/801/500/1/140/True/1.1/True/True/True/False/False/800/400/False/False/0.3/panthionIcon4.png/Oden2.png/PantheonMasterBotV01TesterV2 (Use_Time_Filter Start_Time_(HH) Start_Time_(mm) Duration_Time_(HH) Duration_Time_(mm) averageFast averageSlow averageTrend UseTrend UseTrendReverse ProfitStop LossStop MaxTrades Contracts MaxStop Use_MaxStop MaxTPRatio Use_MaxTP Long Short Reverse Use_Kill Kill_Profit_Stop Kill_Loss_Stop Show_Current_PNL Show_Stats_Box Image_Opacity Corner_Image Background_Image Bot_Name ),4025,12530,-8505,1.47325102880658,-1800,52,0.365384615384615,
,1.47287735849057,True/2/0/3/0/7/155/300/False/False/1001/801/500/1/140/True/1.4/True/True/True/False/False/800/400/False/False/0.3/panthionIcon4.png/Oden2.png/PantheonMasterBotV01TesterV2 (Use_Time_Filter Start_Time_(HH) Start_Time_(mm) Duration_Time_(HH) Duration_Time_(mm) averageFast averageSlow averageTrend UseTrend UseTrendReverse ProfitStop LossStop MaxTrades Contracts MaxStop Use_MaxStop MaxTPRatio Use_MaxTP Long Short Reverse Use_Kill Kill_Profit_Stop Kill_Loss_Stop Show_Current_PNL Show_Stats_Box Image_Opacity Corner_Image Background_Image Bot_Name ),6015,18735,-12720,1.47287735849057,-2820,70,0.3,
,1.472179683512,True/2/0/3/0/8/165/300/False/False/1001/801/500/1/180/True/1.6/True/True/True/False/False/800/400/False/False/0.3/panthionIcon4.png/Oden2.png/PantheonMasterBotV01TesterV2 (Use_Time_Filter Start_Time_(HH) Start_Time_(mm) Duration_Time_(HH) Duration_Time_(mm) averageFast averageSlow averageTrend UseTrend UseTrendReverse ProfitStop LossStop MaxTrades Contracts MaxStop Use_MaxStop MaxTPRatio Use_MaxTP Long Short Reverse Use_Kill Kill_Profit_Stop Kill_Loss_Stop Show_Current_PNL Show_Stats_Box Image_Opacity Corner_Image Background_Image Bot_Name ),4625,14420,-9795,1.472179683512,-2810,51,0.333333333333333,
,1.47159376571141,True/2/0/3/0/7/165/300/False/False/1001/801/500/1/160/True/1.5/True/True/True/False/False/800/400/False/False/0.3/panthionIcon4.png/Oden2.png/PantheonMasterBotV01TesterV2 (Use_Time_Filter Start_Time_(HH) Start_Time_(mm) Duration_Time_(HH) Duration_Time_(mm) averageFast averageSlow averageTrend UseTrend UseTrendReverse ProfitStop LossStop MaxTrades Contracts MaxStop Use_MaxStop MaxTPRatio Use_MaxTP Long Short Reverse Use_Kill Kill_Profit_Stop Kill_Loss_Stop Show_Current_PNL Show_Stats_Box Image_Opacity Corner_Image Background_Image Bot_Name ),4690,14635,-9945,1.47159376571141,-2610,52,0.25,
,1.47142857142857,True/2/0/3/0/9/185/300/False/False/1001/801/500/1/180/True/1.3/True/True/True/False/False/800/400/False/False/0.3/panthionIcon4.png/Oden2.png/PantheonMasterBotV01TesterV2 (Use_Time_Filter Start_Time_(HH) Start_Time_(mm) Duration_Time_(HH) Duration_Time_(mm) averageFast averageSlow averageTrend UseTrend UseTrendReverse ProfitStop LossStop MaxTrades Contracts MaxStop Use_MaxStop MaxTPRatio Use_MaxTP Long Short Reverse Use_Kill Kill_Profit_Stop Kill_Loss_Stop Show_Current_PNL Show_Stats_Box Image_Opacity Corner_Image Background_Image Bot_Name ),4290,13390,-9100,1.47142857142857,-3135,45,0.355555555555556,
,1.47032967032967,True/2/0/3/0/9/185/300/False/False/1001/801/500/1/180/True/1.1/True/True/True/False/False/800/400/False/False/0.3/panthionIcon4.png/Oden2.png/PantheonMasterBotV01TesterV2 (Use_Time_Filter Start_Time_(HH) Start_Time_(mm) Duration_Time_(HH) Duration_Time_(mm) averageFast averageSlow averageTrend UseTrend UseTrendReverse ProfitStop LossStop MaxTrades Contracts MaxStop Use_MaxStop MaxTPRatio Use_MaxTP Long Short Reverse Use_Kill Kill_Profit_Stop Kill_Loss_Stop Show_Current_PNL Show_Stats_Box Image_Opacity Corner_Image Background_Image Bot_Name ),4280,13380,-9100,1.47032967032967,-3370,46,0.369565217391304,
,1.46960167714885,True/2/0/3/0/9/165/300/False/False/1001/801/500/1/160/True/1.2/True/True/True/False/False/800/400/False/False/0.3/panthionIcon4.png/Oden2.png/PantheonMasterBotV01TesterV2 (Use_Time_Filter Start_Time_(HH) Start_Time_(mm) Duration_Time_(HH) Duration_Time_(mm) averageFast averageSlow averageTrend UseTrend UseTrendReverse ProfitStop LossStop MaxTrades Contracts MaxStop Use_MaxStop MaxTPRatio Use_MaxTP Long Short Reverse Use_Kill Kill_Profit_Stop Kill_Loss_Stop Show_Current_PNL Show_Stats_Box Image_Opacity Corner_Image Background_Image Bot_Name ),4480,14020,-9540,1.46960167714885,-2955,50,0.36,
,1.46938775510204,True/2/0/3/0/8/165/300/False/False/1001/801/500/1/160/True/1.1/True/True/True/False/False/800/400/False/False/0.3/panthionIcon4.png/Oden2.png/PantheonMasterBotV01TesterV2 (Use_Time_Filter Start_Time_(HH) Start_Time_(mm) Duration_Time_(HH) Duration_Time_(mm) averageFast averageSlow averageTrend UseTrend UseTrendReverse ProfitStop LossStop MaxTrades Contracts MaxStop Use_MaxStop MaxTPRatio Use_MaxTP Long Short Reverse Use_Kill Kill_Profit_Stop Kill_Loss_Stop Show_Current_PNL Show_Stats_Box Image_Opacity Corner_Image Background_Image Bot_Name ),4830,15120,-10290,1.46938775510204,-2545,54,0.37037037037037,
,1.46829268292683,True/2/0/3/0/9/185/300/False/False/1001/801/500/1/160/True/1.1/True/False/True/False/False/800/400/False/False/0.3/panthionIcon4.png/Oden2.png/PantheonMasterBotV01TesterV2 (Use_Time_Filter Start_Time_(HH) Start_Time_(mm) Duration_Time_(HH) Duration_Time_(mm) averageFast averageSlow averageTrend UseTrend UseTrendReverse ProfitStop LossStop MaxTrades Contracts MaxStop Use_MaxStop MaxTPRatio Use_MaxTP Long Short Reverse Use_Kill Kill_Profit_Stop Kill_Loss_Stop Show_Current_PNL Show_Stats_Box Image_Opacity Corner_Image Background_Image Bot_Name ),2880,9030,-6150,1.46829268292683,-1600,22,0.545454545454545,
,1.46491697911087,True/2/0/3/0/9/175/300/False/False/1001/801/500/1/180/True/1.5/True/True/True/False/False/800/400/False/False/0.3/panthionIcon4.png/Oden2.png/PantheonMasterBotV01TesterV2 (Use_Time_Filter Start_Time_(HH) Start_Time_(mm) Duration_Time_(HH) Duration_Time_(mm) averageFast averageSlow averageTrend UseTrend UseTrendReverse ProfitStop LossStop MaxTrades Contracts MaxStop Use_MaxStop MaxTPRatio Use_MaxTP Long Short Reverse Use_Kill Kill_Profit_Stop Kill_Loss_Stop Show_Current_PNL Show_Stats_Box Image_Opacity Corner_Image Background_Image Bot_Name ),4340,13675,-9335,1.46491697911087,-2625,46,0.347826086956522,
,1.46456692913386,True/2/0/3/0/10/155/300/False/False/1001/801/500/1/140/True/1.6/True/True/True/False/False/800/400/False/False/0.3/panthionIcon4.png/Oden2.png/PantheonMasterBotV01TesterV2 (Use_Time_Filter Start_Time_(HH) Start_Time_(mm) Duration_Time_(HH) Duration_Time_(mm) averageFast averageSlow averageTrend UseTrend UseTrendReverse ProfitStop LossStop MaxTrades Contracts MaxStop Use_MaxStop MaxTPRatio Use_MaxTP Long Short Reverse Use_Kill Kill_Profit_Stop Kill_Loss_Stop Show_Current_PNL Show_Stats_Box Image_Opacity Corner_Image Background_Image Bot_Name ),4720,14880,-10160,1.46456692913386,-3160,47,0.425531914893617,
,1.46336429308566,True/2/0/3/0/7/165/300/False/False/1001/801/500/1/180/True/1.6/True/True/True/False/False/800/400/False/False/0.3/panthionIcon4.png/Oden2.png/PantheonMasterBotV01TesterV2 (Use_Time_Filter Start_Time_(HH) Start_Time_(mm) Duration_Time_(HH) Duration_Time_(mm) averageFast averageSlow averageTrend UseTrend UseTrendReverse ProfitStop LossStop MaxTrades Contracts MaxStop Use_MaxStop MaxTPRatio Use_MaxTP Long Short Reverse Use_Kill Kill_Profit_Stop Kill_Loss_Stop Show_Current_PNL Show_Stats_Box Image_Opacity Corner_Image Background_Image Bot_Name ),4490,14180,-9690,1.46336429308566,-2610,51,0.235294117647059,
,1.4624808575804,True/2/0/3/0/8/165/300/False/False/1001/801/500/1/180/True/1.4/True/True/True/False/False/800/400/False/False/0.3/panthionIcon4.png/Oden2.png/PantheonMasterBotV01TesterV2 (Use_Time_Filter Start_Time_(HH) Start_Time_(mm) Duration_Time_(HH) Duration_Time_(mm) averageFast averageSlow averageTrend UseTrend UseTrendReverse ProfitStop LossStop MaxTrades Contracts MaxStop Use_MaxStop MaxTPRatio Use_MaxTP Long Short Reverse Use_Kill Kill_Profit_Stop Kill_Loss_Stop Show_Current_PNL Show_Stats_Box Image_Opacity Corner_Image Background_Image Bot_Name ),4530,14325,-9795,1.4624808575804,-2595,51,0.333333333333333,
,1.4617032672737,True/2/0/3/0/9/175/300/False/False/1001/801/500/1/180/True/1.4/True/True/True/False/False/800/400/False/False/0.3/panthionIcon4.png/Oden2.png/PantheonMasterBotV01TesterV2 (Use_Time_Filter Start_Time_(HH) Start_Time_(mm) Duration_Time_(HH) Duration_Time_(mm) averageFast averageSlow averageTrend UseTrend UseTrendReverse ProfitStop LossStop MaxTrades Contracts MaxStop Use_MaxStop MaxTPRatio Use_MaxTP Long Short Reverse Use_Kill Kill_Profit_Stop Kill_Loss_Stop Show_Current_PNL Show_Stats_Box Image_Opacity Corner_Image Background_Image Bot_Name ),4310,13645,-9335,1.4617032672737,-2625,46,0.347826086956522,
,1.46118251928021,True/2/0/3/0/10/165/300/False/False/1001/801/500/1/180/True/1.3/True/True/True/False/False/800/400/False/False/0.3/panthionIcon4.png/Oden2.png/PantheonMasterBotV01TesterV2 (Use_Time_Filter Start_Time_(HH) Start_Time_(mm) Duration_Time_(HH) Duration_Time_(mm) averageFast averageSlow averageTrend UseTrend UseTrendReverse ProfitStop LossStop MaxTrades Contracts MaxStop Use_MaxStop MaxTPRatio Use_MaxTP Long Short Reverse Use_Kill Kill_Profit_Stop Kill_Loss_Stop Show_Current_PNL Show_Stats_Box Image_Opacity Corner_Image Background_Image Bot_Name ),4485,14210,-9725,1.46118251928021,-2645,45,0.355555555555556,
,1.46047269763651,True/2/0/3/0/9/195/300/False/False/1001/801/500/1/140/True/1.6/True/False/True/False/False/800/400/False/False/0.3/panthionIcon4.png/Oden2.png/PantheonMasterBotV01TesterV2 (Use_Time_Filter Start_Time_(HH) Start_Time_(mm) Duration_Time_(HH) Duration_Time_(mm) averageFast averageSlow averageTrend UseTrend UseTrendReverse ProfitStop LossStop MaxTrades Contracts MaxStop Use_MaxStop MaxTPRatio Use_MaxTP Long Short Reverse Use_Kill Kill_Profit_Stop Kill_Loss_Stop Show_Current_PNL Show_Stats_Box Image_Opacity Corner_Image Background_Image Bot_Name ),2825,8960,-6135,1.46047269763651,-2130,19,0.421052631578947,
,1.46026490066225,True/2/0/3/0/10/195/300/False/False/1001/801/500/1/140/True/1.4/True/False/True/False/False/800/400/False/False/0.3/panthionIcon4.png/Oden2.png/PantheonMasterBotV01TesterV2 (Use_Time_Filter Start_Time_(HH) Start_Time_(mm) Duration_Time_(HH) Duration_Time_(mm) averageFast averageSlow averageTrend UseTrend UseTrendReverse ProfitStop LossStop MaxTrades Contracts MaxStop Use_MaxStop MaxTPRatio Use_MaxTP Long Short Reverse Use_Kill Kill_Profit_Stop Kill_Loss_Stop Show_Current_PNL Show_Stats_Box Image_Opacity Corner_Image Background_Image Bot_Name ),2780,8820,-6040,1.46026490066225,-2400,20,0.45,
,1.45988463555322,True/2/0/3/0/3/175/300/False/False/1001/801/500/1/140/True/1.3/True/True/True/False/False/800/400/False/False/0.3/panthionIcon4.png/Oden2.png/PantheonMasterBotV01TesterV2 (Use_Time_Filter Start_Time_(HH) Start_Time_(mm) Duration_Time_(HH) Duration_Time_(mm) averageFast averageSlow averageTrend UseTrend UseTrendReverse ProfitStop LossStop MaxTrades Contracts MaxStop Use_MaxStop MaxTPRatio Use_MaxTP Long Short Reverse Use_Kill Kill_Profit_Stop Kill_Loss_Stop Show_Current_PNL Show_Stats_Box Image_Opacity Corner_Image Background_Image Bot_Name ),4385,13920,-9535,1.45988463555322,-2305,76,0.276315789473684,
,1.45952740070387,True/2/0/3/0/7/165/300/False/False/1001/801/500/1/140/True/1.7/True/True/True/False/False/800/400/False/False/0.3/panthionIcon4.png/Oden2.png/PantheonMasterBotV01TesterV2 (Use_Time_Filter Start_Time_(HH) Start_Time_(mm) Duration_Time_(HH) Duration_Time_(mm) averageFast averageSlow averageTrend UseTrend UseTrendReverse ProfitStop LossStop MaxTrades Contracts MaxStop Use_MaxStop MaxTPRatio Use_MaxTP Long Short Reverse Use_Kill Kill_Profit_Stop Kill_Loss_Stop Show_Current_PNL Show_Stats_Box Image_Opacity Corner_Image Background_Image Bot_Name ),4570,14515,-9945,1.45952740070387,-2610,52,0.25,
,1.45806451612903,True/2/0/3/0/7/155/300/False/False/1001/801/500/1/180/True/1.5/True/True/False/False/False/800/400/False/False/0.3/panthionIcon4.png/Oden2.png/PantheonMasterBotV01TesterV2 (Use_Time_Filter Start_Time_(HH) Start_Time_(mm) Duration_Time_(HH) Duration_Time_(mm) averageFast averageSlow averageTrend UseTrend UseTrendReverse ProfitStop LossStop MaxTrades Contracts MaxStop Use_MaxStop MaxTPRatio Use_MaxTP Long Short Reverse Use_Kill Kill_Profit_Stop Kill_Loss_Stop Show_Current_PNL Show_Stats_Box Image_Opacity Corner_Image Background_Image Bot_Name ),2840,9040,-6200,1.45806451612903,-3035,19,0.526315789473684,
,1.45712909441233,True/2/0/3/0/3/165/300/False/False/1001/801/500/1/180/True/1.1/True/True/True/False/False/800/400/False/False/0.3/panthionIcon4.png/Oden2.png/PantheonMasterBotV01TesterV2 (Use_Time_Filter Start_Time_(HH) Start_Time_(mm) Duration_Time_(HH) Duration_Time_(mm) averageFast averageSlow averageTrend UseTrend UseTrendReverse ProfitStop LossStop MaxTrades Contracts MaxStop Use_MaxStop MaxTPRatio Use_MaxTP Long Short Reverse Use_Kill Kill_Profit_Stop Kill_Loss_Stop Show_Current_PNL Show_Stats_Box Image_Opacity Corner_Image Background_Image Bot_Name ),4745,15125,-10380,1.45712909441233,-2010,83,0.253012048192771,
,1.45654506437768,True/2/0/3/0/9/175/300/False/False/1001/801/500/1/180/True/1.2/True/True/True/False/False/800/400/False/False/0.3/panthionIcon4.png/Oden2.png/PantheonMasterBotV01TesterV2 (Use_Time_Filter Start_Time_(HH) Start_Time_(mm) Duration_Time_(HH) Duration_Time_(mm) averageFast averageSlow averageTrend UseTrend UseTrendReverse ProfitStop LossStop MaxTrades Contracts MaxStop Use_MaxStop MaxTPRatio Use_MaxTP Long Short Reverse Use_Kill Kill_Profit_Stop Kill_Loss_Stop Show_Current_PNL Show_Stats_Box Image_Opacity Corner_Image Background_Image Bot_Name ),4255,13575,-9320,1.45654506437768,-2680,46,0.369565217391304,
,1.45621394861038,True/2/0/3/0/3/175/300/False/False/1001/801/500/1/160/True/1.3/True/True/True/False/False/800/400/False/False/0.3/panthionIcon4.png/Oden2.png/PantheonMasterBotV01TesterV2 (Use_Time_Filter Start_Time_(HH) Start_Time_(mm) Duration_Time_(HH) Duration_Time_(mm) averageFast averageSlow averageTrend UseTrend UseTrendReverse ProfitStop LossStop MaxTrades Contracts MaxStop Use_MaxStop MaxTPRatio Use_MaxTP Long Short Reverse Use_Kill Kill_Profit_Stop Kill_Loss_Stop Show_Current_PNL Show_Stats_Box Image_Opacity Corner_Image Background_Image Bot_Name ),4350,13885,-9535,1.45621394861038,-2305,76,0.276315789473684,
,1.45556032632031,True/2/0/3/0/7/155/300/False/False/1001/801/500/1/160/True/1.3/True/True/True/False/False/800/400/False/False/0.3/panthionIcon4.png/Oden2.png/PantheonMasterBotV01TesterV2 (Use_Time_Filter Start_Time_(HH) Start_Time_(mm) Duration_Time_(HH) Duration_Time_(mm) averageFast averageSlow averageTrend UseTrend UseTrendReverse ProfitStop LossStop MaxTrades Contracts MaxStop Use_MaxStop MaxTPRatio Use_MaxTP Long Short Reverse Use_Kill Kill_Profit_Stop Kill_Loss_Stop Show_Current_PNL Show_Stats_Box Image_Opacity Corner_Image Background_Image Bot_Name ),5305,16950,-11645,1.45556032632031,-2460,65,0.307692307692308,
,1.45520231213873,True/2/0/3/0/3/165/300/False/False/1001/801/500/1/160/True/1.1/True/True/True/False/False/800/400/False/False/0.3/panthionIcon4.png/Oden2.png/PantheonMasterBotV01TesterV2 (Use_Time_Filter Start_Time_(HH) Start_Time_(mm) Duration_Time_(HH) Duration_Time_(mm) averageFast averageSlow averageTrend UseTrend UseTrendReverse ProfitStop LossStop MaxTrades Contracts MaxStop Use_MaxStop MaxTPRatio Use_MaxTP Long Short Reverse Use_Kill Kill_Profit_Stop Kill_Loss_Stop Show_Current_PNL Show_Stats_Box Image_Opacity Corner_Image Background_Image Bot_Name ),4725,15105,-10380,1.45520231213873,-1840,83,0.253012048192771,
,1.45420857596612,True/2/0/3/0/9/195/300/False/False/1001/801/500/1/160/True/1.2/True/True/True/False/False/800/400/False/False/0.3/panthionIcon4.png/Oden2.png/PantheonMasterBotV01TesterV2 (Use_Time_Filter Start_Time_(HH) Start_Time_(mm) Duration_Time_(HH) Duration_Time_(mm) averageFast averageSlow averageTrend UseTrend UseTrendReverse ProfitStop LossStop MaxTrades Contracts MaxStop Use_MaxStop MaxTPRatio Use_MaxTP Long Short Reverse Use_Kill Kill_Profit_Stop Kill_Loss_Stop Show_Current_PNL Show_Stats_Box Image_Opacity Corner_Image Background_Image Bot_Name ),4290,13735,-9445,1.45420857596612,-2750,47,0.361702127659574,
,1.45394736842105,True/2/0/3/0/4/185/300/False/False/1001/801/500/1/180/True/1.6/True/False/True/False/False/800/400/False/False/0.3/panthionIcon4.png/Oden2.png/PantheonMasterBotV01TesterV2 (Use_Time_Filter Start_Time_(HH) Start_Time_(mm) Duration_Time_(HH) Duration_Time_(mm) averageFast averageSlow averageTrend UseTrend UseTrendReverse ProfitStop LossStop MaxTrades Contracts MaxStop Use_MaxStop MaxTPRatio Use_MaxTP Long Short Reverse Use_Kill Kill_Profit_Stop Kill_Loss_Stop Show_Current_PNL Show_Stats_Box Image_Opacity Corner_Image Background_Image Bot_Name ),2760,8840,-6080,1.45394736842105,-2750,20,0.35,
,1.4535274356103,True/2/0/3/0/7/175/300/False/False/1001/801/500/1/140/True/1.3/True/True/True/False/False/800/400/False/False/0.3/panthionIcon4.png/Oden2.png/PantheonMasterBotV01TesterV2 (Use_Time_Filter Start_Time_(HH) Start_Time_(mm) Duration_Time_(HH) Duration_Time_(mm) averageFast averageSlow averageTrend UseTrend UseTrendReverse ProfitStop LossStop MaxTrades Contracts MaxStop Use_MaxStop MaxTPRatio Use_MaxTP Long Short Reverse Use_Kill Kill_Profit_Stop Kill_Loss_Stop Show_Current_PNL Show_Stats_Box Image_Opacity Corner_Image Background_Image Bot_Name ),4050,12980,-8930,1.4535274356103,-2555,52,0.346153846153846,
,1.4534967555876,True/2/0/3/0/9/165/300/False/False/1001/801/500/1/140/True/1.2/True/False/True/False/False/800/400/False/False/0.3/panthionIcon4.png/Oden2.png/PantheonMasterBotV01TesterV2 (Use_Time_Filter Start_Time_(HH) Start_Time_(mm) Duration_Time_(HH) Duration_Time_(mm) averageFast averageSlow averageTrend UseTrend UseTrendReverse ProfitStop LossStop MaxTrades Contracts MaxStop Use_MaxStop MaxTPRatio Use_MaxTP Long Short Reverse Use_Kill Kill_Profit_Stop Kill_Loss_Stop Show_Current_PNL Show_Stats_Box Image_Opacity Corner_Image Background_Image Bot_Name ),3145,10080,-6935,1.4534967555876,-1515,25,0.48,
,1.4529262086514,True/2/0/3/0/4/195/300/False/False/1001/801/500/1/180/True/1.5/True/False/True/False/False/800/400/False/False/0.3/panthionIcon4.png/Oden2.png/PantheonMasterBotV01TesterV2 (Use_Time_Filter Start_Time_(HH) Start_Time_(mm) Duration_Time_(HH) Duration_Time_(mm) averageFast averageSlow averageTrend UseTrend UseTrendReverse ProfitStop LossStop MaxTrades Contracts MaxStop Use_MaxStop MaxTPRatio Use_MaxTP Long Short Reverse Use_Kill Kill_Profit_Stop Kill_Loss_Stop Show_Current_PNL Show_Stats_Box Image_Opacity Corner_Image Background_Image Bot_Name ),2670,8565,-5895,1.4529262086514,-2390,19,0.473684210526316,
,1.45151665837892,True/2/0/3/0/6/165/300/False/False/1001/801/500/1/160/True/1.2/True/True/True/False/False/800/400/False/False/0.3/panthionIcon4.png/Oden2.png/PantheonMasterBotV01TesterV2 (Use_Time_Filter Start_Time_(HH) Start_Time_(mm) Duration_Time_(HH) Duration_Time_(mm) averageFast averageSlow averageTrend UseTrend UseTrendReverse ProfitStop LossStop MaxTrades Contracts MaxStop Use_MaxStop MaxTPRatio Use_MaxTP Long Short Reverse Use_Kill Kill_Profit_Stop Kill_Loss_Stop Show_Current_PNL Show_Stats_Box Image_Opacity Corner_Image Background_Image Bot_Name ),4540,14595,-10055,1.45151665837892,-3100,56,0.303571428571429,
,1.44938585345193,True/2/0/3/0/7/155/300/False/False/1001/801/500/1/160/True/1.4/True/True/True/False/False/800/400/False/False/0.3/panthionIcon4.png/Oden2.png/PantheonMasterBotV01TesterV2 (Use_Time_Filter Start_Time_(HH) Start_Time_(mm) Duration_Time_(HH) Duration_Time_(mm) averageFast averageSlow averageTrend UseTrend UseTrendReverse ProfitStop LossStop MaxTrades Contracts MaxStop Use_MaxStop MaxTPRatio Use_MaxTP Long Short Reverse Use_Kill Kill_Profit_Stop Kill_Loss_Stop Show_Current_PNL Show_Stats_Box Image_Opacity Corner_Image Background_Image Bot_Name ),5305,17110,-11805,1.44938585345193,-3420,65,0.292307692307692,
,1.44867807153966,True/2/0/3/0/10/175/300/False/False/1001/801/500/1/140/True/1.2/True/False/True/False/False/800/400/False/False/0.3/panthionIcon4.png/Oden2.png/PantheonMasterBotV01TesterV2 (Use_Time_Filter Start_Time_(HH) Start_Time_(mm) Duration_Time_(HH) Duration_Time_(mm) averageFast averageSlow averageTrend UseTrend UseTrendReverse ProfitStop LossStop MaxTrades Contracts MaxStop Use_MaxStop MaxTPRatio Use_MaxTP Long Short Reverse Use_Kill Kill_Profit_Stop Kill_Loss_Stop Show_Current_PNL Show_Stats_Box Image_Opacity Corner_Image Background_Image Bot_Name ),2885,9315,-6430,1.44867807153966,-1530,23,0.521739130434783,
,1.44766260162602,True/2/0/3/0/3/165/300/False/False/1001/801/500/1/180/True/1.7/True/True/True/False/False/800/400/False/False/0.3/panthionIcon4.png/Oden2.png/PantheonMasterBotV01TesterV2 (Use_Time_Filter Start_Time_(HH) Start_Time_(mm) Duration_Time_(HH) Duration_Time_(mm) averageFast averageSlow averageTrend UseTrend UseTrendReverse ProfitStop LossStop MaxTrades Contracts MaxStop Use_MaxStop MaxTPRatio Use_MaxTP Long Short Reverse Use_Kill Kill_Profit_Stop Kill_Loss_Stop Show_Current_PNL Show_Stats_Box Image_Opacity Corner_Image Background_Image Bot_Name ),4405,14245,-9840,1.44766260162602,-3395,75,0.253333333333333,
,1.44748631159781,True/2/0/3/0/3/165/300/False/False/1001/801/500/1/180/True/1.2/True/True/True/False/False/800/400/False/False/0.3/panthionIcon4.png/Oden2.png/PantheonMasterBotV01TesterV2 (Use_Time_Filter Start_Time_(HH) Start_Time_(mm) Duration_Time_(HH) Duration_Time_(mm) averageFast averageSlow averageTrend UseTrend UseTrendReverse ProfitStop LossStop MaxTrades Contracts MaxStop Use_MaxStop MaxTPRatio Use_MaxTP Long Short Reverse Use_Kill Kill_Profit_Stop Kill_Loss_Stop Show_Current_PNL Show_Stats_Box Image_Opacity Corner_Image Background_Image Bot_Name ),4495,14540,-10045,1.44748631159781,-3085,78,0.256410256410256,
,1.44740853658537,True/2/0/3/0/3/175/300/False/False/1001/801/500/1/180/True/1.7/True/False/True/False/False/800/400/False/False/0.3/panthionIcon4.png/Oden2.png/PantheonMasterBotV01TesterV2 (Use_Time_Filter Start_Time_(HH) Start_Time_(mm) Duration_Time_(HH) Duration_Time_(mm) averageFast averageSlow averageTrend UseTrend UseTrendReverse ProfitStop LossStop MaxTrades Contracts MaxStop Use_MaxStop MaxTPRatio Use_MaxTP Long Short Reverse Use_Kill Kill_Profit_Stop Kill_Loss_Stop Show_Current_PNL Show_Stats_Box Image_Opacity Corner_Image Background_Image Bot_Name ),2935,9495,-6560,1.44740853658537,-2760,20,0.5,
,1.44698897370653,True/2/0/3/0/4/195/300/False/False/1001/801/500/1/180/True/1.3/True/False/True/False/False/800/400/False/False/0.3/panthionIcon4.png/Oden2.png/PantheonMasterBotV01TesterV2 (Use_Time_Filter Start_Time_(HH) Start_Time_(mm) Duration_Time_(HH) Duration_Time_(mm) averageFast averageSlow averageTrend UseTrend UseTrendReverse ProfitStop LossStop MaxTrades Contracts MaxStop Use_MaxStop MaxTPRatio Use_MaxTP Long Short Reverse Use_Kill Kill_Profit_Stop Kill_Loss_Stop Show_Current_PNL Show_Stats_Box Image_Opacity Corner_Image Background_Image Bot_Name ),2635,8530,-5895,1.44698897370653,-2390,19,0.473684210526316,
,1.44688841201717,True/2/0/3/0/9/175/300/False/False/1001/801/500/1/180/True/1.1/True/True/True/False/False/800/400/False/False/0.3/panthionIcon4.png/Oden2.png/PantheonMasterBotV01TesterV2 (Use_Time_Filter Start_Time_(HH) Start_Time_(mm) Duration_Time_(HH) Duration_Time_(mm) averageFast averageSlow averageTrend UseTrend UseTrendReverse ProfitStop LossStop MaxTrades Contracts MaxStop Use_MaxStop MaxTPRatio Use_MaxTP Long Short Reverse Use_Kill Kill_Profit_Stop Kill_Loss_Stop Show_Current_PNL Show_Stats_Box Image_Opacity Corner_Image Background_Image Bot_Name ),4165,13485,-9320,1.44688841201717,-2860,47,0.382978723404255,
,1.44665012406948,True/2/0/3/0/9/185/300/False/False/1001/801/500/1/160/True/1.5/True/True/False/False/False/800/400/False/False/0.3/panthionIcon4.png/Oden2.png/PantheonMasterBotV01TesterV2 (Use_Time_Filter Start_Time_(HH) Start_Time_(mm) Duration_Time_(HH) Duration_Time_(mm) averageFast averageSlow averageTrend UseTrend UseTrendReverse ProfitStop LossStop MaxTrades Contracts MaxStop Use_MaxStop MaxTPRatio Use_MaxTP Long Short Reverse Use_Kill Kill_Profit_Stop Kill_Loss_Stop Show_Current_PNL Show_Stats_Box Image_Opacity Corner_Image Background_Image Bot_Name ),2700,8745,-6045,1.44665012406948,-2795,20,0.55,
,1.44571690334402,True/2/0/3/0/7/155/300/False/False/1001/801/500/1/140/True/1.7/True/True/True/False/False/800/400/False/False/0.3/panthionIcon4.png/Oden2.png/PantheonMasterBotV01TesterV2 (Use_Time_Filter Start_Time_(HH) Start_Time_(mm) Duration_Time_(HH) Duration_Time_(mm) averageFast averageSlow averageTrend UseTrend UseTrendReverse ProfitStop LossStop MaxTrades Contracts MaxStop Use_MaxStop MaxTPRatio Use_MaxTP Long Short Reverse Use_Kill Kill_Profit_Stop Kill_Loss_Stop Show_Current_PNL Show_Stats_Box Image_Opacity Corner_Image Background_Image Bot_Name ),4865,15780,-10915,1.44571690334402,-3085,62,0.274193548387097,
,1.44444444444444,True/2/0/3/0/8/175/300/False/False/1001/801/500/1/140/True/1.3/True/False/True/False/False/800/400/False/False/0.3/panthionIcon4.png/Oden2.png/PantheonMasterBotV01TesterV2 (Use_Time_Filter Start_Time_(HH) Start_Time_(mm) Duration_Time_(HH) Duration_Time_(mm) averageFast averageSlow averageTrend UseTrend UseTrendReverse ProfitStop LossStop MaxTrades Contracts MaxStop Use_MaxStop MaxTPRatio Use_MaxTP Long Short Reverse Use_Kill Kill_Profit_Stop Kill_Loss_Stop Show_Current_PNL Show_Stats_Box Image_Opacity Corner_Image Background_Image Bot_Name ),2800,9100,-6300,1.44444444444444,-1470,22,0.454545454545455,
,1.44403765690377,True/2/0/3/0/3/175/300/False/False/1001/801/500/1/140/True/1.6/True/True/True/False/False/800/400/False/False/0.3/panthionIcon4.png/Oden2.png/PantheonMasterBotV01TesterV2 (Use_Time_Filter Start_Time_(HH) Start_Time_(mm) Duration_Time_(HH) Duration_Time_(mm) averageFast averageSlow averageTrend UseTrend UseTrendReverse ProfitStop LossStop MaxTrades Contracts MaxStop Use_MaxStop MaxTPRatio Use_MaxTP Long Short Reverse Use_Kill Kill_Profit_Stop Kill_Loss_Stop Show_Current_PNL Show_Stats_Box Image_Opacity Corner_Image Background_Image Bot_Name ),4245,13805,-9560,1.44403765690377,-2855,76,0.263157894736842,
,1.44403765690377,True/2/0/3/0/3/175/300/False/False/1001/801/500/1/160/True/1.4/True/True/True/False/False/800/400/False/False/0.3/panthionIcon4.png/Oden2.png/PantheonMasterBotV01TesterV2 (Use_Time_Filter Start_Time_(HH) Start_Time_(mm) Duration_Time_(HH) Duration_Time_(mm) averageFast averageSlow averageTrend UseTrend UseTrendReverse ProfitStop LossStop MaxTrades Contracts MaxStop Use_MaxStop MaxTPRatio Use_MaxTP Long Short Reverse Use_Kill Kill_Profit_Stop Kill_Loss_Stop Show_Current_PNL Show_Stats_Box Image_Opacity Corner_Image Background_Image Bot_Name ),4245,13805,-9560,1.44403765690377,-2855,76,0.263157894736842,
,1.44386422976501,True/2/0/3/0/7/165/300/False/False/1001/801/500/1/180/True/1.1/True/True/False/False/False/800/400/False/False/0.3/panthionIcon4.png/Oden2.png/PantheonMasterBotV01TesterV2 (Use_Time_Filter Start_Time_(HH) Start_Time_(mm) Duration_Time_(HH) Duration_Time_(mm) averageFast averageSlow averageTrend UseTrend UseTrendReverse ProfitStop LossStop MaxTrades Contracts MaxStop Use_MaxStop MaxTPRatio Use_MaxTP Long Short Reverse Use_Kill Kill_Profit_Stop Kill_Loss_Stop Show_Current_PNL Show_Stats_Box Image_Opacity Corner_Image Background_Image Bot_Name ),2550,8295,-5745,1.44386422976501,-2300,18,0.555555555555556,
,1.44377729257642,True/2/0/3/0/8/185/300/False/False/1001/801/500/1/180/True/1.5/True/True/True/False/False/800/400/False/False/0.3/panthionIcon4.png/Oden2.png/PantheonMasterBotV01TesterV2 (Use_Time_Filter Start_Time_(HH) Start_Time_(mm) Duration_Time_(HH) Duration_Time_(mm) averageFast averageSlow averageTrend UseTrend UseTrendReverse ProfitStop LossStop MaxTrades Contracts MaxStop Use_MaxStop MaxTPRatio Use_MaxTP Long Short Reverse Use_Kill Kill_Profit_Stop Kill_Loss_Stop Show_Current_PNL Show_Stats_Box Image_Opacity Corner_Image Background_Image Bot_Name ),4065,13225,-9160,1.44377729257642,-2220,45,0.288888888888889,
,1.44338807260156,True/2/0/3/0/6/155/300/False/False/1001/801/500/1/160/True/1.3/True/True/True/False/False/800/400/False/False/0.3/panthionIcon4.png/Oden2.png/PantheonMasterBotV01TesterV2 (Use_Time_Filter Start_Time_(HH) Start_Time_(mm) Duration_Time_(HH) Duration_Time_(mm) averageFast averageSlow averageTrend UseTrend UseTrendReverse ProfitStop LossStop MaxTrades Contracts MaxStop Use_MaxStop MaxTPRatio Use_MaxTP Long Short Reverse Use_Kill Kill_Profit_Stop Kill_Loss_Stop Show_Current_PNL Show_Stats_Box Image_Opacity Corner_Image Background_Image Bot_Name ),5130,16700,-11570,1.44338807260156,-3750,58,0.327586206896552,
,1.44267822736031,True/2/0/3/0/3/165/300/False/False/1001/801/500/1/140/True/1.4/True/True/True/False/False/800/400/False/False/0.3/panthionIcon4.png/Oden2.png/PantheonMasterBotV01TesterV2 (Use_Time_Filter Start_Time_(HH) Start_Time_(mm) Duration_Time_(HH) Duration_Time_(mm) averageFast averageSlow averageTrend UseTrend UseTrendReverse ProfitStop LossStop MaxTrades Contracts MaxStop Use_MaxStop MaxTPRatio Use_MaxTP Long Short Reverse Use_Kill Kill_Profit_Stop Kill_Loss_Stop Show_Current_PNL Show_Stats_Box Image_Opacity Corner_Image Background_Image Bot_Name ),4595,14975,-10380,1.44267822736031,-2020,83,0.253012048192771,
,1.44257274119449,True/2/0/3/0/10/165/300/False/False/1001/801/500/1/180/True/1.6/True/True/True/False/False/800/400/False/False/0.3/panthionIcon4.png/Oden2.png/PantheonMasterBotV01TesterV2 (Use_Time_Filter Start_Time_(HH) Start_Time_(mm) Duration_Time_(HH) Duration_Time_(mm) averageFast averageSlow averageTrend UseTrend UseTrendReverse ProfitStop LossStop MaxTrades Contracts MaxStop Use_MaxStop MaxTPRatio Use_MaxTP Long Short Reverse Use_Kill Kill_Profit_Stop Kill_Loss_Stop Show_Current_PNL Show_Stats_Box Image_Opacity Corner_Image Background_Image Bot_Name ),4335,14130,-9795,1.44257274119449,-2645,46,0.347826086956522,
,1.44247159090909,True/2/0/3/0/10/175/300/False/False/1001/801/500/1/160/True/1.4/True/False/True/False/False/800/400/False/False/0.3/panthionIcon4.png/Oden2.png/PantheonMasterBotV01TesterV2 (Use_Time_Filter Start_Time_(HH) Start_Time_(mm) Duration_Time_(HH) Duration_Time_(mm) averageFast averageSlow averageTrend UseTrend UseTrendReverse ProfitStop LossStop MaxTrades Contracts MaxStop Use_MaxStop MaxTPRatio Use_MaxTP Long Short Reverse Use_Kill Kill_Profit_Stop Kill_Loss_Stop Show_Current_PNL Show_Stats_Box Image_Opacity Corner_Image Background_Image Bot_Name ),3115,10155,-7040,1.44247159090909,-2645,21,0.476190476190476,
,1.44165757906216,True/2/0/3/0/10/195/300/False/False/1001/801/500/1/140/True/1.1/True/True/True/False/False/800/400/False/False/0.3/panthionIcon4.png/Oden2.png/PantheonMasterBotV01TesterV2 (Use_Time_Filter Start_Time_(HH) Start_Time_(mm) Duration_Time_(HH) Duration_Time_(mm) averageFast averageSlow averageTrend UseTrend UseTrendReverse ProfitStop LossStop MaxTrades Contracts MaxStop Use_MaxStop MaxTPRatio Use_MaxTP Long Short Reverse Use_Kill Kill_Profit_Stop Kill_Loss_Stop Show_Current_PNL Show_Stats_Box Image_Opacity Corner_Image Background_Image Bot_Name ),4050,13220,-9170,1.44165757906216,-2555,48,0.395833333333333,
,1.44125326370757,True/2/0/3/0/10/195/300/False/False/1001/801/500/1/180/True/1.5/True/False/True/False/False/800/400/False/False/0.3/panthionIcon4.png/Oden2.png/PantheonMasterBotV01TesterV2 (Use_Time_Filter Start_Time_(HH) Start_Time_(mm) Duration_Time_(HH) Duration_Time_(mm) averageFast averageSlow averageTrend UseTrend UseTrendReverse ProfitStop LossStop MaxTrades Contracts MaxStop Use_MaxStop MaxTPRatio Use_MaxTP Long Short Reverse Use_Kill Kill_Profit_Stop Kill_Loss_Stop Show_Current_PNL Show_Stats_Box Image_Opacity Corner_Image Background_Image Bot_Name ),2535,8280,-5745,1.44125326370757,-2570,17,0.411764705882353,
,1.44117647058824,True/2/0/3/0/5/195/300/False/False/1001/801/500/1/140/True/1.6/True/False/True/False/False/800/400/False/False/0.3/panthionIcon4.png/Oden2.png/PantheonMasterBotV01TesterV2 (Use_Time_Filter Start_Time_(HH) Start_Time_(mm) Duration_Time_(HH) Duration_Time_(mm) averageFast averageSlow averageTrend UseTrend UseTrendReverse ProfitStop LossStop MaxTrades Contracts MaxStop Use_MaxStop MaxTPRatio Use_MaxTP Long Short Reverse Use_Kill Kill_Profit_Stop Kill_Loss_Stop Show_Current_PNL Show_Stats_Box Image_Opacity Corner_Image Background_Image Bot_Name ),2400,7840,-5440,1.44117647058824,-2115,19,0.368421052631579,
,1.44109878499736,True/2/0/3/0/10/195/300/False/False/1001/801/500/1/160/True/1.2/True/True/True/False/False/800/400/False/False/0.3/panthionIcon4.png/Oden2.png/PantheonMasterBotV01TesterV2 (Use_Time_Filter Start_Time_(HH) Start_Time_(mm) Duration_Time_(HH) Duration_Time_(mm) averageFast averageSlow averageTrend UseTrend UseTrendReverse ProfitStop LossStop MaxTrades Contracts MaxStop Use_MaxStop MaxTPRatio Use_MaxTP Long Short Reverse Use_Kill Kill_Profit_Stop Kill_Loss_Stop Show_Current_PNL Show_Stats_Box Image_Opacity Corner_Image Background_Image Bot_Name ),4175,13640,-9465,1.44109878499736,-2555,47,0.361702127659574,
,1.44090528080469,True/2/0/3/0/7/195/300/False/False/1001/801/500/1/160/True/1.5/True/False/True/False/False/800/400/False/False/0.3/panthionIcon4.png/Oden2.png/PantheonMasterBotV01TesterV2 (Use_Time_Filter Start_Time_(HH) Start_Time_(mm) Duration_Time_(HH) Duration_Time_(mm) averageFast averageSlow averageTrend UseTrend UseTrendReverse ProfitStop LossStop MaxTrades Contracts MaxStop Use_MaxStop MaxTPRatio Use_MaxTP Long Short Reverse Use_Kill Kill_Profit_Stop Kill_Loss_Stop Show_Current_PNL Show_Stats_Box Image_Opacity Corner_Image Background_Image Bot_Name ),2630,8595,-5965,1.44090528080469,-2120,19,0.473684210526316,
,1.43868650590046,True/2/0/3/0/10/165/300/False/False/1001/801/500/1/180/True/1.1/True/True/True/False/False/800/400/False/False/0.3/panthionIcon4.png/Oden2.png/PantheonMasterBotV01TesterV2 (Use_Time_Filter Start_Time_(HH) Start_Time_(mm) Duration_Time_(HH) Duration_Time_(mm) averageFast averageSlow averageTrend UseTrend UseTrendReverse ProfitStop LossStop MaxTrades Contracts MaxStop Use_MaxStop MaxTPRatio Use_MaxTP Long Short Reverse Use_Kill Kill_Profit_Stop Kill_Loss_Stop Show_Current_PNL Show_Stats_Box Image_Opacity Corner_Image Background_Image Bot_Name ),4275,14020,-9745,1.43868650590046,-2925,46,0.369565217391304,
,1.43851717902351,True/2/0/3/0/7/155/300/False/False/1001/801/500/1/160/True/1.5/True/True/True/False/False/800/400/False/False/0.3/panthionIcon4.png/Oden2.png/PantheonMasterBotV01TesterV2 (Use_Time_Filter Start_Time_(HH) Start_Time_(mm) Duration_Time_(HH) Duration_Time_(mm) averageFast averageSlow averageTrend UseTrend UseTrendReverse ProfitStop LossStop MaxTrades Contracts MaxStop Use_MaxStop MaxTPRatio Use_MaxTP Long Short Reverse Use_Kill Kill_Profit_Stop Kill_Loss_Stop Show_Current_PNL Show_Stats_Box Image_Opacity Corner_Image Background_Image Bot_Name ),4850,15910,-11060,1.43851717902351,-3185,62,0.274193548387097,
,1.43765281173594,True/2/0/3/0/9/195/300/False/False/1001/801/500/1/140/True/1.4/True/False/True/False/False/800/400/False/False/0.3/panthionIcon4.png/Oden2.png/PantheonMasterBotV01TesterV2 (Use_Time_Filter Start_Time_(HH) Start_Time_(mm) Duration_Time_(HH) Duration_Time_(mm) averageFast averageSlow averageTrend UseTrend UseTrendReverse ProfitStop LossStop MaxTrades Contracts MaxStop Use_MaxStop MaxTPRatio Use_MaxTP Long Short Reverse Use_Kill Kill_Profit_Stop Kill_Loss_Stop Show_Current_PNL Show_Stats_Box Image_Opacity Corner_Image Background_Image Bot_Name ),2685,8820,-6135,1.43765281173594,-2495,20,0.45,
,1.43746809596733,True/2/0/3/0/7/165/300/False/False/1001/801/500/1/160/True/1.1/True/True/True/False/False/800/400/False/False/0.3/panthionIcon4.png/Oden2.png/PantheonMasterBotV01TesterV2 (Use_Time_Filter Start_Time_(HH) Start_Time_(mm) Duration_Time_(HH) Duration_Time_(mm) averageFast averageSlow averageTrend UseTrend UseTrendReverse ProfitStop LossStop MaxTrades Contracts MaxStop Use_MaxStop MaxTPRatio Use_MaxTP Long Short Reverse Use_Kill Kill_Profit_Stop Kill_Loss_Stop Show_Current_PNL Show_Stats_Box Image_Opacity Corner_Image Background_Image Bot_Name ),4285,14080,-9795,1.43746809596733,-2485,54,0.296296296296296,
,1.43615591397849,True/2/0/3/0/8/155/300/False/False/1001/801/500/1/160/True/1.4/True/True/False/False/False/800/400/False/False/0.3/panthionIcon4.png/Oden2.png/PantheonMasterBotV01TesterV2 (Use_Time_Filter Start_Time_(HH) Start_Time_(mm) Duration_Time_(HH) Duration_Time_(mm) averageFast averageSlow averageTrend UseTrend UseTrendReverse ProfitStop LossStop MaxTrades Contracts MaxStop Use_MaxStop MaxTPRatio Use_MaxTP Long Short Reverse Use_Kill Kill_Profit_Stop Kill_Loss_Stop Show_Current_PNL Show_Stats_Box Image_Opacity Corner_Image Background_Image Bot_Name ),3245,10685,-7440,1.43615591397849,-1935,22,0.545454545454545,
,1.43615591397849,True/2/0/3/0/8/155/300/False/False/1001/801/500/1/160/True/1.5/True/True/False/False/False/800/400/False/False/0.3/panthionIcon4.png/Oden2.png/PantheonMasterBotV01TesterV2 (Use_Time_Filter Start_Time_(HH) Start_Time_(mm) Duration_Time_(HH) Duration_Time_(mm) averageFast averageSlow averageTrend UseTrend UseTrendReverse ProfitStop LossStop MaxTrades Contracts MaxStop Use_MaxStop MaxTPRatio Use_MaxTP Long Short Reverse Use_Kill Kill_Profit_Stop Kill_Loss_Stop Show_Current_PNL Show_Stats_Box Image_Opacity Corner_Image Background_Image Bot_Name ),3245,10685,-7440,1.43615591397849,-1855,22,0.545454545454545,
,1.43539467068879,True/2/0/3/0/7/165/300/False/False/1001/801/500/1/180/True/1.3/True/True/True/False/False/800/400/False/False/0.3/panthionIcon4.png/Oden2.png/PantheonMasterBotV01TesterV2 (Use_Time_Filter Start_Time_(HH) Start_Time_(mm) Duration_Time_(HH) Duration_Time_(mm) averageFast averageSlow averageTrend UseTrend UseTrendReverse ProfitStop LossStop MaxTrades Contracts MaxStop Use_MaxStop MaxTPRatio Use_MaxTP Long Short Reverse Use_Kill Kill_Profit_Stop Kill_Loss_Stop Show_Current_PNL Show_Stats_Box Image_Opacity Corner_Image Background_Image Bot_Name ),4330,14275,-9945,1.43539467068879,-2610,52,0.25,
,1.43521594684385,True/2/0/3/0/9/195/300/False/False/1001/801/500/1/160/True/1.2/True/False/True/False/False/800/400/False/False/0.3/panthionIcon4.png/Oden2.png/PantheonMasterBotV01TesterV2 (Use_Time_Filter Start_Time_(HH) Start_Time_(mm) Duration_Time_(HH) Duration_Time_(mm) averageFast averageSlow averageTrend UseTrend UseTrendReverse ProfitStop LossStop MaxTrades Contracts MaxStop Use_MaxStop MaxTPRatio Use_MaxTP Long Short Reverse Use_Kill Kill_Profit_Stop Kill_Loss_Stop Show_Current_PNL Show_Stats_Box Image_Opacity Corner_Image Background_Image Bot_Name ),2620,8640,-6020,1.43521594684385,-2500,19,0.473684210526316,
,1.43491577335375,True/2/0/3/0/9/175/300/False/False/1001/801/500/1/140/True/1.6/True/True/True/False/False/800/400/False/False/0.3/panthionIcon4.png/Oden2.png/PantheonMasterBotV01TesterV2 (Use_Time_Filter Start_Time_(HH) Start_Time_(mm) Duration_Time_(HH) Duration_Time_(mm) averageFast averageSlow averageTrend UseTrend UseTrendReverse ProfitStop LossStop MaxTrades Contracts MaxStop Use_MaxStop MaxTPRatio Use_MaxTP Long Short Reverse Use_Kill Kill_Profit_Stop Kill_Loss_Stop Show_Current_PNL Show_Stats_Box Image_Opacity Corner_Image Background_Image Bot_Name ),4260,14055,-9795,1.43491577335375,-2625,46,0.369565217391304,
,1.43449048152296,True/2/0/3/0/7/175/300/False/False/1001/801/500/1/140/True/1.2/True/True/True/False/False/800/400/False/False/0.3/panthionIcon4.png/Oden2.png/PantheonMasterBotV01TesterV2 (Use_Time_Filter Start_Time_(HH) Start_Time_(mm) Duration_Time_(HH) Duration_Time_(mm) averageFast averageSlow averageTrend UseTrend UseTrendReverse ProfitStop LossStop MaxTrades Contracts MaxStop Use_MaxStop MaxTPRatio Use_MaxTP Long Short Reverse Use_Kill Kill_Profit_Stop Kill_Loss_Stop Show_Current_PNL Show_Stats_Box Image_Opacity Corner_Image Background_Image Bot_Name ),3880,12810,-8930,1.43449048152296,-2555,52,0.346153846153846,
,1.43335103558152,True/2/0/3/0/9/195/300/False/False/1001/801/500/1/160/True/1.1/True/True/True/False/False/800/400/False/False/0.3/panthionIcon4.png/Oden2.png/PantheonMasterBotV01TesterV2 (Use_Time_Filter Start_Time_(HH) Start_Time_(mm) Duration_Time_(HH) Duration_Time_(mm) averageFast averageSlow averageTrend UseTrend UseTrendReverse ProfitStop LossStop MaxTrades Contracts MaxStop Use_MaxStop MaxTPRatio Use_MaxTP Long Short Reverse Use_Kill Kill_Profit_Stop Kill_Loss_Stop Show_Current_PNL Show_Stats_Box Image_Opacity Corner_Image Background_Image Bot_Name ),4080,13495,-9415,1.43335103558152,-2880,49,0.36734693877551,
,1.43226381461676,True/2/0/3/0/7/195/300/False/False/1001/801/500/1/140/True/1.4/True/False/True/False/False/800/400/False/False/0.3/panthionIcon4.png/Oden2.png/PantheonMasterBotV01TesterV2 (Use_Time_Filter Start_Time_(HH) Start_Time_(mm) Duration_Time_(HH) Duration_Time_(mm) averageFast averageSlow averageTrend UseTrend UseTrendReverse ProfitStop LossStop MaxTrades Contracts MaxStop Use_MaxStop MaxTPRatio Use_MaxTP Long Short Reverse Use_Kill Kill_Profit_Stop Kill_Loss_Stop Show_Current_PNL Show_Stats_Box Image_Opacity Corner_Image Background_Image Bot_Name ),2425,8035,-5610,1.43226381461676,-2025,20,0.5,
,1.43225083986562,True/2/0/3/0/7/175/300/False/False/1001/801/500/1/160/True/1.2/True/True/True/False/False/800/400/False/False/0.3/panthionIcon4.png/Oden2.png/PantheonMasterBotV01TesterV2 (Use_Time_Filter Start_Time_(HH) Start_Time_(mm) Duration_Time_(HH) Duration_Time_(mm) averageFast averageSlow averageTrend UseTrend UseTrendReverse ProfitStop LossStop MaxTrades Contracts MaxStop Use_MaxStop MaxTPRatio Use_MaxTP Long Short Reverse Use_Kill Kill_Profit_Stop Kill_Loss_Stop Show_Current_PNL Show_Stats_Box Image_Opacity Corner_Image Background_Image Bot_Name ),3860,12790,-8930,1.43225083986562,-2775,52,0.346153846153846,
,1.43141361256545,True/2/0/3/0/9/165/300/False/False/1001/801/500/1/140/True/1.7/True/True/True/False/False/800/400/False/False/0.3/panthionIcon4.png/Oden2.png/PantheonMasterBotV01TesterV2 (Use_Time_Filter Start_Time_(HH) Start_Time_(mm) Duration_Time_(HH) Duration_Time_(mm) averageFast averageSlow averageTrend UseTrend UseTrendReverse ProfitStop LossStop MaxTrades Contracts MaxStop Use_MaxStop MaxTPRatio Use_MaxTP Long Short Reverse Use_Kill Kill_Profit_Stop Kill_Loss_Stop Show_Current_PNL Show_Stats_Box Image_Opacity Corner_Image Background_Image Bot_Name ),4120,13670,-9550,1.43141361256545,-2955,46,0.326086956521739,
,1.4303683737646,True/2/0/3/0/6/175/300/False/False/1001/801/500/1/180/True/1.4/True/True/False/False/False/800/400/False/False/0.3/panthionIcon4.png/Oden2.png/PantheonMasterBotV01TesterV2 (Use_Time_Filter Start_Time_(HH) Start_Time_(mm) Duration_Time_(HH) Duration_Time_(mm) averageFast averageSlow averageTrend UseTrend UseTrendReverse ProfitStop LossStop MaxTrades Contracts MaxStop Use_MaxStop MaxTPRatio Use_MaxTP Long Short Reverse Use_Kill Kill_Profit_Stop Kill_Loss_Stop Show_Current_PNL Show_Stats_Box Image_Opacity Corner_Image Background_Image Bot_Name ),2395,7960,-5565,1.4303683737646,-3100,17,0.529411764705882,
,1.42993630573248,True/2/0/3/0/4/195/300/False/False/1001/801/500/1/160/True/1.2/True/False/True/False/False/800/400/False/False/0.3/panthionIcon4.png/Oden2.png/PantheonMasterBotV01TesterV2 (Use_Time_Filter Start_Time_(HH) Start_Time_(mm) Duration_Time_(HH) Duration_Time_(mm) averageFast averageSlow averageTrend UseTrend UseTrendReverse ProfitStop LossStop MaxTrades Contracts MaxStop Use_MaxStop MaxTPRatio Use_MaxTP Long Short Reverse Use_Kill Kill_Profit_Stop Kill_Loss_Stop Show_Current_PNL Show_Stats_Box Image_Opacity Corner_Image Background_Image Bot_Name ),2700,8980,-6280,1.42993630573248,-2030,21,0.523809523809524,
,1.42933333333333,True/2/0/3/0/7/175/300/False/False/1001/801/500/1/140/True/1.6/True/False/True/False/False/800/400/False/False/0.3/panthionIcon4.png/Oden2.png/PantheonMasterBotV01TesterV2 (Use_Time_Filter Start_Time_(HH) Start_Time_(mm) Duration_Time_(HH) Duration_Time_(mm) averageFast averageSlow averageTrend UseTrend UseTrendReverse ProfitStop LossStop MaxTrades Contracts MaxStop Use_MaxStop MaxTPRatio Use_MaxTP Long Short Reverse Use_Kill Kill_Profit_Stop Kill_Loss_Stop Show_Current_PNL Show_Stats_Box Image_Opacity Corner_Image Background_Image Bot_Name ),2415,8040,-5625,1.42933333333333,-2420,20,0.45,
,1.42887029288703,True/2/0/3/0/3/175/300/False/False/1001/801/500/1/160/True/1.5/True/True/True/False/False/800/400/False/False/0.3/panthionIcon4.png/Oden2.png/PantheonMasterBotV01TesterV2 (Use_Time_Filter Start_Time_(HH) Start_Time_(mm) Duration_Time_(HH) Duration_Time_(mm) averageFast averageSlow averageTrend UseTrend UseTrendReverse ProfitStop LossStop MaxTrades Contracts MaxStop Use_MaxStop MaxTPRatio Use_MaxTP Long Short Reverse Use_Kill Kill_Profit_Stop Kill_Loss_Stop Show_Current_PNL Show_Stats_Box Image_Opacity Corner_Image Background_Image Bot_Name ),4100,13660,-9560,1.42887029288703,-3720,76,0.263157894736842,
,1.42849315068493,True/2/0/3/0/8/185/300/False/False/1001/801/500/1/180/True/1.2/True/True/True/False/False/800/400/False/False/0.3/panthionIcon4.png/Oden2.png/PantheonMasterBotV01TesterV2 (Use_Time_Filter Start_Time_(HH) Start_Time_(mm) Duration_Time_(HH) Duration_Time_(mm) averageFast averageSlow averageTrend UseTrend UseTrendReverse ProfitStop LossStop MaxTrades Contracts MaxStop Use_MaxStop MaxTPRatio Use_MaxTP Long Short Reverse Use_Kill Kill_Profit_Stop Kill_Loss_Stop Show_Current_PNL Show_Stats_Box Image_Opacity Corner_Image Background_Image Bot_Name ),3910,13035,-9125,1.42849315068493,-2220,45,0.311111111111111,
,1.42796610169492,True/2/0/3/0/8/165/300/False/False/1001/801/500/1/140/True/1.3/True/False/True/False/False/800/400/False/False/0.3/panthionIcon4.png/Oden2.png/PantheonMasterBotV01TesterV2 (Use_Time_Filter Start_Time_(HH) Start_Time_(mm) Duration_Time_(HH) Duration_Time_(mm) averageFast averageSlow averageTrend UseTrend UseTrendReverse ProfitStop LossStop MaxTrades Contracts MaxStop Use_MaxStop MaxTPRatio Use_MaxTP Long Short Reverse Use_Kill Kill_Profit_Stop Kill_Loss_Stop Show_Current_PNL Show_Stats_Box Image_Opacity Corner_Image Background_Image Bot_Name ),3030,10110,-7080,1.42796610169492,-1980,24,0.5,
,1.42670759785111,True/2/0/3/0/9/175/300/False/False/1001/801/500/1/140/True/1.2/True/False/True/False/False/800/400/False/False/0.3/panthionIcon4.png/Oden2.png/PantheonMasterBotV01TesterV2 (Use_Time_Filter Start_Time_(HH) Start_Time_(mm) Duration_Time_(HH) Duration_Time_(mm) averageFast averageSlow averageTrend UseTrend UseTrendReverse ProfitStop LossStop MaxTrades Contracts MaxStop Use_MaxStop MaxTPRatio Use_MaxTP Long Short Reverse Use_Kill Kill_Profit_Stop Kill_Loss_Stop Show_Current_PNL Show_Stats_Box Image_Opacity Corner_Image Background_Image Bot_Name ),2780,9295,-6515,1.42670759785111,-1560,23,0.521739130434783,
,1.42605633802817,True/2/0/3/0/10/195/300/False/False/1001/801/500/1/180/True/1.1/True/False/True/False/False/800/400/False/False/0.3/panthionIcon4.png/Oden2.png/PantheonMasterBotV01TesterV2 (Use_Time_Filter Start_Time_(HH) Start_Time_(mm) Duration_Time_(HH) Duration_Time_(mm) averageFast averageSlow averageTrend UseTrend UseTrendReverse ProfitStop LossStop MaxTrades Contracts MaxStop Use_MaxStop MaxTPRatio Use_MaxTP Long Short Reverse Use_Kill Kill_Profit_Stop Kill_Loss_Stop Show_Current_PNL Show_Stats_Box Image_Opacity Corner_Image Background_Image Bot_Name ),2420,8100,-5680,1.42605633802817,-2570,18,0.5,
,1.42591773551526,True/2/0/3/0/9/155/300/False/False/1001/801/500/1/160/True/1.2/True/True/True/False/False/800/400/False/False/0.3/panthionIcon4.png/Oden2.png/PantheonMasterBotV01TesterV2 (Use_Time_Filter Start_Time_(HH) Start_Time_(mm) Duration_Time_(HH) Duration_Time_(mm) averageFast averageSlow averageTrend UseTrend UseTrendReverse ProfitStop LossStop MaxTrades Contracts MaxStop Use_MaxStop MaxTPRatio Use_MaxTP Long Short Reverse Use_Kill Kill_Profit_Stop Kill_Loss_Stop Show_Current_PNL Show_Stats_Box Image_Opacity Corner_Image Background_Image Bot_Name ),4815,16120,-11305,1.42591773551526,-2935,58,0.310344827586207,
,1.42560266001663,True/2/0/3/0/8/165/300/False/False/1001/801/500/1/180/True/1.3/True/True/False/False/False/800/400/False/False/0.3/panthionIcon4.png/Oden2.png/PantheonMasterBotV01TesterV2 (Use_Time_Filter Start_Time_(HH) Start_Time_(mm) Duration_Time_(HH) Duration_Time_(mm) averageFast averageSlow averageTrend UseTrend UseTrendReverse ProfitStop LossStop MaxTrades Contracts MaxStop Use_MaxStop MaxTPRatio Use_MaxTP Long Short Reverse Use_Kill Kill_Profit_Stop Kill_Loss_Stop Show_Current_PNL Show_Stats_Box Image_Opacity Corner_Image Background_Image Bot_Name ),2560,8575,-6015,1.42560266001663,-2135,18,0.5,
,1.424,True/2/0/3/0/9/175/300/False/False/1001/801/500/1/160/True/1.5/True/True/False/False/False/800/400/False/False/0.3/panthionIcon4.png/Oden2.png/PantheonMasterBotV01TesterV2 (Use_Time_Filter Start_Time_(HH) Start_Time_(mm) Duration_Time_(HH) Duration_Time_(mm) averageFast averageSlow averageTrend UseTrend UseTrendReverse ProfitStop LossStop MaxTrades Contracts MaxStop Use_MaxStop MaxTPRatio Use_MaxTP Long Short Reverse Use_Kill Kill_Profit_Stop Kill_Loss_Stop Show_Current_PNL Show_Stats_Box Image_Opacity Corner_Image Background_Image Bot_Name ),2650,8900,-6250,1.424,-2825,20,0.5,
,1.42330877427997,True/2/0/3/0/8/165/300/False/False/1001/801/500/1/160/True/1.6/True/True/False/False/False/800/400/False/False/0.3/panthionIcon4.png/Oden2.png/PantheonMasterBotV01TesterV2 (Use_Time_Filter Start_Time_(HH) Start_Time_(mm) Duration_Time_(HH) Duration_Time_(mm) averageFast averageSlow averageTrend UseTrend UseTrendReverse ProfitStop LossStop MaxTrades Contracts MaxStop Use_MaxStop MaxTPRatio Use_MaxTP Long Short Reverse Use_Kill Kill_Profit_Stop Kill_Loss_Stop Show_Current_PNL Show_Stats_Box Image_Opacity Corner_Image Background_Image Bot_Name ),3160,10625,-7465,1.42330877427997,-1995,21,0.476190476190476,
,1.42305570876999,True/2/0/3/0/9/185/300/False/False/1001/801/500/1/140/True/1.6/True/True/True/False/False/800/400/False/False/0.3/panthionIcon4.png/Oden2.png/PantheonMasterBotV01TesterV2 (Use_Time_Filter Start_Time_(HH) Start_Time_(mm) Duration_Time_(HH) Duration_Time_(mm) averageFast averageSlow averageTrend UseTrend UseTrendReverse ProfitStop LossStop MaxTrades Contracts MaxStop Use_MaxStop MaxTPRatio Use_MaxTP Long Short Reverse Use_Kill Kill_Profit_Stop Kill_Loss_Stop Show_Current_PNL Show_Stats_Box Image_Opacity Corner_Image Background_Image Bot_Name ),3835,12900,-9065,1.42305570876999,-3135,47,0.361702127659574,
,1.4225621414914,True/2/0/3/0/10/155/300/False/False/1001/801/500/1/160/True/1.4/True/True/True/False/False/800/400/False/False/0.3/panthionIcon4.png/Oden2.png/PantheonMasterBotV01TesterV2 (Use_Time_Filter Start_Time_(HH) Start_Time_(mm) Duration_Time_(HH) Duration_Time_(mm) averageFast averageSlow averageTrend UseTrend UseTrendReverse ProfitStop LossStop MaxTrades Contracts MaxStop Use_MaxStop MaxTPRatio Use_MaxTP Long Short Reverse Use_Kill Kill_Profit_Stop Kill_Loss_Stop Show_Current_PNL Show_Stats_Box Image_Opacity Corner_Image Background_Image Bot_Name ),4420,14880,-10460,1.4225621414914,-3360,47,0.425531914893617,
,1.42214532871972,True/2/0/3/0/9/195/300/False/False/1001/801/500/1/180/True/1.5/True/False/True/False/False/800/400/False/False/0.3/panthionIcon4.png/Oden2.png/PantheonMasterBotV01TesterV2 (Use_Time_Filter Start_Time_(HH) Start_Time_(mm) Duration_Time_(HH) Duration_Time_(mm) averageFast averageSlow averageTrend UseTrend UseTrendReverse ProfitStop LossStop MaxTrades Contracts MaxStop Use_MaxStop MaxTPRatio Use_MaxTP Long Short Reverse Use_Kill Kill_Profit_Stop Kill_Loss_Stop Show_Current_PNL Show_Stats_Box Image_Opacity Corner_Image Background_Image Bot_Name ),2440,8220,-5780,1.42214532871972,-2530,17,0.411764705882353,
,1.42185128983308,True/2/0/3/0/9/175/300/False/False/1001/801/500/1/160/True/1.2/True/True/True/False/False/800/400/False/False/0.3/panthionIcon4.png/Oden2.png/PantheonMasterBotV01TesterV2 (Use_Time_Filter Start_Time_(HH) Start_Time_(mm) Duration_Time_(HH) Duration_Time_(mm) averageFast averageSlow averageTrend UseTrend UseTrendReverse ProfitStop LossStop MaxTrades Contracts MaxStop Use_MaxStop MaxTPRatio Use_MaxTP Long Short Reverse Use_Kill Kill_Profit_Stop Kill_Loss_Stop Show_Current_PNL Show_Stats_Box Image_Opacity Corner_Image Background_Image Bot_Name ),4170,14055,-9885,1.42185128983308,-3120,50,0.38,
,1.42140790742527,True/2/0/3/0/7/175/300/False/False/1001/801/500/1/180/True/1.7/True/True/False/False/False/800/400/False/False/0.3/panthionIcon4.png/Oden2.png/PantheonMasterBotV01TesterV2 (Use_Time_Filter Start_Time_(HH) Start_Time_(mm) Duration_Time_(HH) Duration_Time_(mm) averageFast averageSlow averageTrend UseTrend UseTrendReverse ProfitStop LossStop MaxTrades Contracts MaxStop Use_MaxStop MaxTPRatio Use_MaxTP Long Short Reverse Use_Kill Kill_Profit_Stop Kill_Loss_Stop Show_Current_PNL Show_Stats_Box Image_Opacity Corner_Image Background_Image Bot_Name ),2185,7370,-5185,1.42140790742527,-2295,17,0.529411764705882,
,1.42137877614253,True/2/0/3/0/10/175/300/False/False/1001/801/500/1/140/True/1.3/True/False/True/False/False/800/400/False/False/0.3/panthionIcon4.png/Oden2.png/PantheonMasterBotV01TesterV2 (Use_Time_Filter Start_Time_(HH) Start_Time_(mm) Duration_Time_(HH) Duration_Time_(mm) averageFast averageSlow averageTrend UseTrend UseTrendReverse ProfitStop LossStop MaxTrades Contracts MaxStop Use_MaxStop MaxTPRatio Use_MaxTP Long Short Reverse Use_Kill Kill_Profit_Stop Kill_Loss_Stop Show_Current_PNL Show_Stats_Box Image_Opacity Corner_Image Background_Image Bot_Name ),2720,9175,-6455,1.42137877614253,-2255,23,0.478260869565217,
,1.42120141342756,True/2/0/3/0/8/155/300/False/False/1001/801/500/1/140/True/1.5/True/True/False/False/False/800/400/False/False/0.3/panthionIcon4.png/Oden2.png/PantheonMasterBotV01TesterV2 (Use_Time_Filter Start_Time_(HH) Start_Time_(mm) Duration_Time_(HH) Duration_Time_(mm) averageFast averageSlow averageTrend UseTrend UseTrendReverse ProfitStop LossStop MaxTrades Contracts MaxStop Use_MaxStop MaxTPRatio Use_MaxTP Long Short Reverse Use_Kill Kill_Profit_Stop Kill_Loss_Stop Show_Current_PNL Show_Stats_Box Image_Opacity Corner_Image Background_Image Bot_Name ),2980,10055,-7075,1.42120141342756,-1605,23,0.521739130434783,
,1.42118601115053,True/2/0/3/0/8/165/300/False/False/1001/801/500/1/140/True/1.1/True/True/True/False/False/800/400/False/False/0.3/panthionIcon4.png/Oden2.png/PantheonMasterBotV01TesterV2 (Use_Time_Filter Start_Time_(HH) Start_Time_(mm) Duration_Time_(HH) Duration_Time_(mm) averageFast averageSlow averageTrend UseTrend UseTrendReverse ProfitStop LossStop MaxTrades Contracts MaxStop Use_MaxStop MaxTPRatio Use_MaxTP Long Short Reverse Use_Kill Kill_Profit_Stop Kill_Loss_Stop Show_Current_PNL Show_Stats_Box Image_Opacity Corner_Image Background_Image Bot_Name ),4155,14020,-9865,1.42118601115053,-2725,54,0.388888888888889,
,1.42026825633383,True/2/0/3/0/2/175/300/False/False/1001/801/500/1/180/True/1.7/True/False/True/False/False/800/400/False/False/0.3/panthionIcon4.png/Oden2.png/PantheonMasterBotV01TesterV2 (Use_Time_Filter Start_Time_(HH) Start_Time_(mm) Duration_Time_(HH) Duration_Time_(mm) averageFast averageSlow averageTrend UseTrend UseTrendReverse ProfitStop LossStop MaxTrades Contracts MaxStop Use_MaxStop MaxTPRatio Use_MaxTP Long Short Reverse Use_Kill Kill_Profit_Stop Kill_Loss_Stop Show_Current_PNL Show_Stats_Box Image_Opacity Corner_Image Background_Image Bot_Name ),2820,9530,-6710,1.42026825633383,-2700,20,0.55,
,1.42018196856907,True/2/0/3/0/9/185/300/False/False/1001/801/500/1/160/True/1.6/True/True/False/False/False/800/400/False/False/0.3/panthionIcon4.png/Oden2.png/PantheonMasterBotV01TesterV2 (Use_Time_Filter Start_Time_(HH) Start_Time_(mm) Duration_Time_(HH) Duration_Time_(mm) averageFast averageSlow averageTrend UseTrend UseTrendReverse ProfitStop LossStop MaxTrades Contracts MaxStop Use_MaxStop MaxTPRatio Use_MaxTP Long Short Reverse Use_Kill Kill_Profit_Stop Kill_Loss_Stop Show_Current_PNL Show_Stats_Box Image_Opacity Corner_Image Background_Image Bot_Name ),2540,8585,-6045,1.42018196856907,-2715,20,0.55,
,1.4173640167364,True/2/0/3/0/3/175/300/False/False/1001/801/500/1/140/True/1.7/True/True/True/False/False/800/400/False/False/0.3/panthionIcon4.png/Oden2.png/PantheonMasterBotV01TesterV2 (Use_Time_Filter Start_Time_(HH) Start_Time_(mm) Duration_Time_(HH) Duration_Time_(mm) averageFast averageSlow averageTrend UseTrend UseTrendReverse ProfitStop LossStop MaxTrades Contracts MaxStop Use_MaxStop MaxTPRatio Use_MaxTP Long Short Reverse Use_Kill Kill_Profit_Stop Kill_Loss_Stop Show_Current_PNL Show_Stats_Box Image_Opacity Corner_Image Background_Image Bot_Name ),3990,13550,-9560,1.4173640167364,-3740,76,0.263157894736842,
,1.41729010806318,True/2/0/3/0/8/165/300/False/False/1001/801/500/1/180/True/1.6/True/True/False/False/False/800/400/False/False/0.3/panthionIcon4.png/Oden2.png/PantheonMasterBotV01TesterV2 (Use_Time_Filter Start_Time_(HH) Start_Time_(mm) Duration_Time_(HH) Duration_Time_(mm) averageFast averageSlow averageTrend UseTrend UseTrendReverse ProfitStop LossStop MaxTrades Contracts MaxStop Use_MaxStop MaxTPRatio Use_MaxTP Long Short Reverse Use_Kill Kill_Profit_Stop Kill_Loss_Stop Show_Current_PNL Show_Stats_Box Image_Opacity Corner_Image Background_Image Bot_Name ),2510,8525,-6015,1.41729010806318,-1800,18,0.5,
,1.41693290734824,True/2/0/3/0/9/185/300/False/False/1001/801/500/1/160/True/1.2/True/False/True/False/False/800/400/False/False/0.3/panthionIcon4.png/Oden2.png/PantheonMasterBotV01TesterV2 (Use_Time_Filter Start_Time_(HH) Start_Time_(mm) Duration_Time_(HH) Duration_Time_(mm) averageFast averageSlow averageTrend UseTrend UseTrendReverse ProfitStop LossStop MaxTrades Contracts MaxStop Use_MaxStop MaxTPRatio Use_MaxTP Long Short Reverse Use_Kill Kill_Profit_Stop Kill_Loss_Stop Show_Current_PNL Show_Stats_Box Image_Opacity Corner_Image Background_Image Bot_Name ),2610,8870,-6260,1.41693290734824,-2280,22,0.5,
,1.41683467741935,True/2/0/3/0/9/175/300/False/False/1001/801/500/1/160/True/1.4/True/True/True/False/False/800/400/False/False/0.3/panthionIcon4.png/Oden2.png/PantheonMasterBotV01TesterV2 (Use_Time_Filter Start_Time_(HH) Start_Time_(mm) Duration_Time_(HH) Duration_Time_(mm) averageFast averageSlow averageTrend UseTrend UseTrendReverse ProfitStop LossStop MaxTrades Contracts MaxStop Use_MaxStop MaxTPRatio Use_MaxTP Long Short Reverse Use_Kill Kill_Profit_Stop Kill_Loss_Stop Show_Current_PNL Show_Stats_Box Image_Opacity Corner_Image Background_Image Bot_Name ),4135,14055,-9920,1.41683467741935,-2665,48,0.354166666666667,
,1.41680129240711,True/2/0/3/0/10/185/300/False/False/1001/801/500/1/160/True/1.5/True/True/False/False/False/800/400/False/False/0.3/panthionIcon4.png/Oden2.png/PantheonMasterBotV01TesterV2 (Use_Time_Filter Start_Time_(HH) Start_Time_(mm) Duration_Time_(HH) Duration_Time_(mm) averageFast averageSlow averageTrend UseTrend UseTrendReverse ProfitStop LossStop MaxTrades Contracts MaxStop Use_MaxStop MaxTPRatio Use_MaxTP Long Short Reverse Use_Kill Kill_Profit_Stop Kill_Loss_Stop Show_Current_PNL Show_Stats_Box Image_Opacity Corner_Image Background_Image Bot_Name ),2580,8770,-6190,1.41680129240711,-2750,18,0.5,
,1.41633624107851,True/2/0/3/0/7/175/300/False/False/1001/801/500/1/160/True/1.1/True/False/True/False/False/800/400/False/False/0.3/panthionIcon4.png/Oden2.png/PantheonMasterBotV01TesterV2 (Use_Time_Filter Start_Time_(HH) Start_Time_(mm) Duration_Time_(HH) Duration_Time_(mm) averageFast averageSlow averageTrend UseTrend UseTrendReverse ProfitStop LossStop MaxTrades Contracts MaxStop Use_MaxStop MaxTPRatio Use_MaxTP Long Short Reverse Use_Kill Kill_Profit_Stop Kill_Loss_Stop Show_Current_PNL Show_Stats_Box Image_Opacity Corner_Image Background_Image Bot_Name ),2625,8930,-6305,1.41633624107851,-1775,21,0.523809523809524,
,1.41551104262969,True/2/0/3/0/9/165/300/False/False/1001/801/500/1/160/True/1.5/True/True/True/False/False/800/400/False/False/0.3/panthionIcon4.png/Oden2.png/PantheonMasterBotV01TesterV2 (Use_Time_Filter Start_Time_(HH) Start_Time_(mm) Duration_Time_(HH) Duration_Time_(mm) averageFast averageSlow averageTrend UseTrend UseTrendReverse ProfitStop LossStop MaxTrades Contracts MaxStop Use_MaxStop MaxTPRatio Use_MaxTP Long Short Reverse Use_Kill Kill_Profit_Stop Kill_Loss_Stop Show_Current_PNL Show_Stats_Box Image_Opacity Corner_Image Background_Image Bot_Name ),4045,13780,-9735,1.41551104262969,-2955,48,0.3125,
,1.41420118343195,True/2/0/3/0/10/185/300/False/False/1001/801/500/1/180/True/1.1/True/True/True/False/False/800/400/False/False/0.3/panthionIcon4.png/Oden2.png/PantheonMasterBotV01TesterV2 (Use_Time_Filter Start_Time_(HH) Start_Time_(mm) Duration_Time_(HH) Duration_Time_(mm) averageFast averageSlow averageTrend UseTrend UseTrendReverse ProfitStop LossStop MaxTrades Contracts MaxStop Use_MaxStop MaxTPRatio Use_MaxTP Long Short Reverse Use_Kill Kill_Profit_Stop Kill_Loss_Stop Show_Current_PNL Show_Stats_Box Image_Opacity Corner_Image Background_Image Bot_Name ),3850,13145,-9295,1.41420118343195,-3060,45,0.377777777777778,
,1.41269008914525,True/2/0/3/0/3/175/300/False/False/1001/801/500/1/160/True/1.1/True/True/True/False/False/800/400/False/False/0.3/panthionIcon4.png/Oden2.png/PantheonMasterBotV01TesterV2 (Use_Time_Filter Start_Time_(HH) Start_Time_(mm) Duration_Time_(HH) Duration_Time_(mm) averageFast averageSlow averageTrend UseTrend UseTrendReverse ProfitStop LossStop MaxTrades Contracts MaxStop Use_MaxStop MaxTPRatio Use_MaxTP Long Short Reverse Use_Kill Kill_Profit_Stop Kill_Loss_Stop Show_Current_PNL Show_Stats_Box Image_Opacity Corner_Image Background_Image Bot_Name ),3935,13470,-9535,1.41269008914525,-2450,76,0.276315789473684,
,1.41239892183288,True/2/0/3/0/6/175/300/False/False/1001/801/500/1/180/True/1.2/True/True/False/False/False/800/400/False/False/0.3/panthionIcon4.png/Oden2.png/PantheonMasterBotV01TesterV2 (Use_Time_Filter Start_Time_(HH) Start_Time_(mm) Duration_Time_(HH) Duration_Time_(mm) averageFast averageSlow averageTrend UseTrend UseTrendReverse ProfitStop LossStop MaxTrades Contracts MaxStop Use_MaxStop MaxTPRatio Use_MaxTP Long Short Reverse Use_Kill Kill_Profit_Stop Kill_Loss_Stop Show_Current_PNL Show_Stats_Box Image_Opacity Corner_Image Background_Image Bot_Name ),2295,7860,-5565,1.41239892183288,-3275,17,0.529411764705882,
,1.41239892183288,True/2/0/3/0/6/175/300/False/False/1001/801/500/1/180/True/1.5/True/True/False/False/False/800/400/False/False/0.3/panthionIcon4.png/Oden2.png/PantheonMasterBotV01TesterV2 (Use_Time_Filter Start_Time_(HH) Start_Time_(mm) Duration_Time_(HH) Duration_Time_(mm) averageFast averageSlow averageTrend UseTrend UseTrendReverse ProfitStop LossStop MaxTrades Contracts MaxStop Use_MaxStop MaxTPRatio Use_MaxTP Long Short Reverse Use_Kill Kill_Profit_Stop Kill_Loss_Stop Show_Current_PNL Show_Stats_Box Image_Opacity Corner_Image Background_Image Bot_Name ),2295,7860,-5565,1.41239892183288,-3005,18,0.555555555555556,
,1.41223529411765,True/2/0/3/0/8/155/300/False/False/1001/801/500/1/160/True/1.5/True/True/True/False/False/800/400/False/False/0.3/panthionIcon4.png/Oden2.png/PantheonMasterBotV01TesterV2 (Use_Time_Filter Start_Time_(HH) Start_Time_(mm) Duration_Time_(HH) Duration_Time_(mm) averageFast averageSlow averageTrend UseTrend UseTrendReverse ProfitStop LossStop MaxTrades Contracts MaxStop Use_MaxStop MaxTPRatio Use_MaxTP Long Short Reverse Use_Kill Kill_Profit_Stop Kill_Loss_Stop Show_Current_PNL Show_Stats_Box Image_Opacity Corner_Image Background_Image Bot_Name ),4380,15005,-10625,1.41223529411765,-3260,53,0.283018867924528,
,1.41176470588235,True/2/0/3/0/7/165/300/False/False/1001/801/500/1/180/True/1.2/True/True/True/False/False/800/400/False/False/0.3/panthionIcon4.png/Oden2.png/PantheonMasterBotV01TesterV2 (Use_Time_Filter Start_Time_(HH) Start_Time_(mm) Duration_Time_(HH) Duration_Time_(mm) averageFast averageSlow averageTrend UseTrend UseTrendReverse ProfitStop LossStop MaxTrades Contracts MaxStop Use_MaxStop MaxTPRatio Use_MaxTP Long Short Reverse Use_Kill Kill_Profit_Stop Kill_Loss_Stop Show_Current_PNL Show_Stats_Box Image_Opacity Corner_Image Background_Image Bot_Name ),4095,14040,-9945,1.41176470588235,-2870,52,0.25,
,1.41081517352704,True/2/0/3/0/4/195/300/False/False/1001/801/500/1/160/True/1.5/True/False/True/False/False/800/400/False/False/0.3/panthionIcon4.png/Oden2.png/PantheonMasterBotV01TesterV2 (Use_Time_Filter Start_Time_(HH) Start_Time_(mm) Duration_Time_(HH) Duration_Time_(mm) averageFast averageSlow averageTrend UseTrend UseTrendReverse ProfitStop LossStop MaxTrades Contracts MaxStop Use_MaxStop MaxTPRatio Use_MaxTP Long Short Reverse Use_Kill Kill_Profit_Stop Kill_Loss_Stop Show_Current_PNL Show_Stats_Box Image_Opacity Corner_Image Background_Image Bot_Name ),2545,8740,-6195,1.41081517352704,-2990,20,0.45,
,1.41059094397544,True/2/0/3/0/3/175/300/False/False/1001/801/500/1/160/True/1.4/True/False/True/False/False/800/400/False/False/0.3/panthionIcon4.png/Oden2.png/PantheonMasterBotV01TesterV2 (Use_Time_Filter Start_Time_(HH) Start_Time_(mm) Duration_Time_(HH) Duration_Time_(mm) averageFast averageSlow averageTrend UseTrend UseTrendReverse ProfitStop LossStop MaxTrades Contracts MaxStop Use_MaxStop MaxTPRatio Use_MaxTP Long Short Reverse Use_Kill Kill_Profit_Stop Kill_Loss_Stop Show_Current_PNL Show_Stats_Box Image_Opacity Corner_Image Background_Image Bot_Name ),2675,9190,-6515,1.41059094397544,-2460,22,0.5,
,1.41059094397544,True/2/0/3/0/5/175/300/False/False/1001/801/500/1/140/True/1.3/True/False/True/False/False/800/400/False/False/0.3/panthionIcon4.png/Oden2.png/PantheonMasterBotV01TesterV2 (Use_Time_Filter Start_Time_(HH) Start_Time_(mm) Duration_Time_(HH) Duration_Time_(mm) averageFast averageSlow averageTrend UseTrend UseTrendReverse ProfitStop LossStop MaxTrades Contracts MaxStop Use_MaxStop MaxTPRatio Use_MaxTP Long Short Reverse Use_Kill Kill_Profit_Stop Kill_Loss_Stop Show_Current_PNL Show_Stats_Box Image_Opacity Corner_Image Background_Image Bot_Name ),2675,9190,-6515,1.41059094397544,-2100,22,0.5,
,1.41037735849057,True/2/0/3/0/9/185/300/False/False/1001/801/500/1/140/True/1.4/True/False/True/False/False/800/400/False/False/0.3/panthionIcon4.png/Oden2.png/PantheonMasterBotV01TesterV2 (Use_Time_Filter Start_Time_(HH) Start_Time_(mm) Duration_Time_(HH) Duration_Time_(mm) averageFast averageSlow averageTrend UseTrend UseTrendReverse ProfitStop LossStop MaxTrades Contracts MaxStop Use_MaxStop MaxTPRatio Use_MaxTP Long Short Reverse Use_Kill Kill_Profit_Stop Kill_Loss_Stop Show_Current_PNL Show_Stats_Box Image_Opacity Corner_Image Background_Image Bot_Name ),2610,8970,-6360,1.41037735849057,-2425,22,0.454545454545455,
,1.40942028985507,True/2/0/3/0/7/175/300/False/False/1001/801/500/1/180/True/1.4/True/False/True/False/False/800/400/False/False/0.3/panthionIcon4.png/Oden2.png/PantheonMasterBotV01TesterV2 (Use_Time_Filter Start_Time_(HH) Start_Time_(mm) Duration_Time_(HH) Duration_Time_(mm) averageFast averageSlow averageTrend UseTrend UseTrendReverse ProfitStop LossStop MaxTrades Contracts MaxStop Use_MaxStop MaxTPRatio Use_MaxTP Long Short Reverse Use_Kill Kill_Profit_Stop Kill_Loss_Stop Show_Current_PNL Show_Stats_Box Image_Opacity Corner_Image Background_Image Bot_Name ),2260,7780,-5520,1.40942028985507,-2410,19,0.473684210526316,
,1.40912730184147,True/2/0/3/0/8/175/300/False/False/1001/801/500/1/160/True/1.2/True/False/True/False/False/800/400/False/False/0.3/panthionIcon4.png/Oden2.png/PantheonMasterBotV01TesterV2 (Use_Time_Filter Start_Time_(HH) Start_Time_(mm) Duration_Time_(HH) Duration_Time_(mm) averageFast averageSlow averageTrend UseTrend UseTrendReverse ProfitStop LossStop MaxTrades Contracts MaxStop Use_MaxStop MaxTPRatio Use_MaxTP Long Short Reverse Use_Kill Kill_Profit_Stop Kill_Loss_Stop Show_Current_PNL Show_Stats_Box Image_Opacity Corner_Image Background_Image Bot_Name ),2555,8800,-6245,1.40912730184147,-1600,22,0.454545454545455,
,1.40912730184147,True/2/0/3/0/8/175/300/False/False/1001/801/500/1/160/True/1.1/True/False/True/False/False/800/400/False/False/0.3/panthionIcon4.png/Oden2.png/PantheonMasterBotV01TesterV2 (Use_Time_Filter Start_Time_(HH) Start_Time_(mm) Duration_Time_(HH) Duration_Time_(mm) averageFast averageSlow averageTrend UseTrend UseTrendReverse ProfitStop LossStop MaxTrades Contracts MaxStop Use_MaxStop MaxTPRatio Use_MaxTP Long Short Reverse Use_Kill Kill_Profit_Stop Kill_Loss_Stop Show_Current_PNL Show_Stats_Box Image_Opacity Corner_Image Background_Image Bot_Name ),2555,8800,-6245,1.40912730184147,-1600,22,0.454545454545455,
,1.40905280804694,True/2/0/3/0/7/195/300/False/False/1001/801/500/1/160/True/1.7/True/False/True/False/False/800/400/False/False/0.3/panthionIcon4.png/Oden2.png/PantheonMasterBotV01TesterV2 (Use_Time_Filter Start_Time_(HH) Start_Time_(mm) Duration_Time_(HH) Duration_Time_(mm) averageFast averageSlow averageTrend UseTrend UseTrendReverse ProfitStop LossStop MaxTrades Contracts MaxStop Use_MaxStop MaxTPRatio Use_MaxTP Long Short Reverse Use_Kill Kill_Profit_Stop Kill_Loss_Stop Show_Current_PNL Show_Stats_Box Image_Opacity Corner_Image Background_Image Bot_Name ),2440,8405,-5965,1.40905280804694,-2120,19,0.473684210526316,
,1.40834057341442,True/2/0/3/0/7/185/300/False/False/1001/801/500/1/160/True/1.4/True/True/False/False/False/800/400/False/False/0.3/panthionIcon4.png/Oden2.png/PantheonMasterBotV01TesterV2 (Use_Time_Filter Start_Time_(HH) Start_Time_(mm) Duration_Time_(HH) Duration_Time_(mm) averageFast averageSlow averageTrend UseTrend UseTrendReverse ProfitStop LossStop MaxTrades Contracts MaxStop Use_MaxStop MaxTPRatio Use_MaxTP Long Short Reverse Use_Kill Kill_Profit_Stop Kill_Loss_Stop Show_Current_PNL Show_Stats_Box Image_Opacity Corner_Image Background_Image Bot_Name ),2350,8105,-5755,1.40834057341442,-3560,19,0.473684210526316,
,1.40816326530612,True/2/0/3/0/3/165/300/False/False/1001/801/500/1/140/True/1.5/True/True/True/False/False/800/400/False/False/0.3/panthionIcon4.png/Oden2.png/PantheonMasterBotV01TesterV2 (Use_Time_Filter Start_Time_(HH) Start_Time_(mm) Duration_Time_(HH) Duration_Time_(mm) averageFast averageSlow averageTrend UseTrend UseTrendReverse ProfitStop LossStop MaxTrades Contracts MaxStop Use_MaxStop MaxTPRatio Use_MaxTP Long Short Reverse Use_Kill Kill_Profit_Stop Kill_Loss_Stop Show_Current_PNL Show_Stats_Box Image_Opacity Corner_Image Background_Image Bot_Name ),4100,14145,-10045,1.40816326530612,-3085,78,0.256410256410256,
,1.40752864157119,True/2/0/3/0/9/185/300/False/False/1001/801/500/1/160/True/1.4/True/True/True/False/False/800/400/False/False/0.3/panthionIcon4.png/Oden2.png/PantheonMasterBotV01TesterV2 (Use_Time_Filter Start_Time_(HH) Start_Time_(mm) Duration_Time_(HH) Duration_Time_(mm) averageFast averageSlow averageTrend UseTrend UseTrendReverse ProfitStop LossStop MaxTrades Contracts MaxStop Use_MaxStop MaxTPRatio Use_MaxTP Long Short Reverse Use_Kill Kill_Profit_Stop Kill_Loss_Stop Show_Current_PNL Show_Stats_Box Image_Opacity Corner_Image Background_Image Bot_Name ),3735,12900,-9165,1.40752864157119,-3135,47,0.361702127659574,
,1.40649496080627,True/2/0/3/0/7/175/300/False/False/1001/801/500/1/160/True/1.1/True/True/True/False/False/800/400/False/False/0.3/panthionIcon4.png/Oden2.png/PantheonMasterBotV01TesterV2 (Use_Time_Filter Start_Time_(HH) Start_Time_(mm) Duration_Time_(HH) Duration_Time_(mm) averageFast averageSlow averageTrend UseTrend UseTrendReverse ProfitStop LossStop MaxTrades Contracts MaxStop Use_MaxStop MaxTPRatio Use_MaxTP Long Short Reverse Use_Kill Kill_Profit_Stop Kill_Loss_Stop Show_Current_PNL Show_Stats_Box Image_Opacity Corner_Image Background_Image Bot_Name ),3630,12560,-8930,1.40649496080627,-2590,52,0.346153846153846,
,1.40633737185461,True/2/0/3/0/7/195/300/False/False/1001/801/500/1/140/True/1.5/True/False/True/False/False/800/400/False/False/0.3/panthionIcon4.png/Oden2.png/PantheonMasterBotV01TesterV2 (Use_Time_Filter Start_Time_(HH) Start_Time_(mm) Duration_Time_(HH) Duration_Time_(mm) averageFast averageSlow averageTrend UseTrend UseTrendReverse ProfitStop LossStop MaxTrades Contracts MaxStop Use_MaxStop MaxTPRatio Use_MaxTP Long Short Reverse Use_Kill Kill_Profit_Stop Kill_Loss_Stop Show_Current_PNL Show_Stats_Box Image_Opacity Corner_Image Background_Image Bot_Name ),2180,7545,-5365,1.40633737185461,-1955,19,0.473684210526316,
,1.40596562184024,True/2/0/3/0/3/165/300/False/False/1001/801/500/1/160/True/1.6/True/True/True/False/False/800/400/False/False/0.3/panthionIcon4.png/Oden2.png/PantheonMasterBotV01TesterV2 (Use_Time_Filter Start_Time_(HH) Start_Time_(mm) Duration_Time_(HH) Duration_Time_(mm) averageFast averageSlow averageTrend UseTrend UseTrendReverse ProfitStop LossStop MaxTrades Contracts MaxStop Use_MaxStop MaxTPRatio Use_MaxTP Long Short Reverse Use_Kill Kill_Profit_Stop Kill_Loss_Stop Show_Current_PNL Show_Stats_Box Image_Opacity Corner_Image Background_Image Bot_Name ),4015,13905,-9890,1.40596562184024,-3395,77,0.25974025974026,
,1.40579710144928,True/2/0/3/0/7/175/300/False/False/1001/801/500/1/180/True/1.2/True/False/True/False/False/800/400/False/False/0.3/panthionIcon4.png/Oden2.png/PantheonMasterBotV01TesterV2 (Use_Time_Filter Start_Time_(HH) Start_Time_(mm) Duration_Time_(HH) Duration_Time_(mm) averageFast averageSlow averageTrend UseTrend UseTrendReverse ProfitStop LossStop MaxTrades Contracts MaxStop Use_MaxStop MaxTPRatio Use_MaxTP Long Short Reverse Use_Kill Kill_Profit_Stop Kill_Loss_Stop Show_Current_PNL Show_Stats_Box Image_Opacity Corner_Image Background_Image Bot_Name ),2240,7760,-5520,1.40579710144928,-2410,19,0.473684210526316,
,1.40566689702833,True/2/0/3/0/2/175/300/False/False/1001/801/500/1/140/True/1.3/True/False/True/False/False/800/400/False/False/0.3/panthionIcon4.png/Oden2.png/PantheonMasterBotV01TesterV2 (Use_Time_Filter Start_Time_(HH) Start_Time_(mm) Duration_Time_(HH) Duration_Time_(mm) averageFast averageSlow averageTrend UseTrend UseTrendReverse ProfitStop LossStop MaxTrades Contracts MaxStop Use_MaxStop MaxTPRatio Use_MaxTP Long Short Reverse Use_Kill Kill_Profit_Stop Kill_Loss_Stop Show_Current_PNL Show_Stats_Box Image_Opacity Corner_Image Background_Image Bot_Name ),2935,10170,-7235,1.40566689702833,-2835,25,0.48,
,1.40559440559441,True/2/0/3/0/9/195/300/False/False/1001/801/500/1/180/True/1.1/True/False/True/False/False/800/400/False/False/0.3/panthionIcon4.png/Oden2.png/PantheonMasterBotV01TesterV2 (Use_Time_Filter Start_Time_(HH) Start_Time_(mm) Duration_Time_(HH) Duration_Time_(mm) averageFast averageSlow averageTrend UseTrend UseTrendReverse ProfitStop LossStop MaxTrades Contracts MaxStop Use_MaxStop MaxTPRatio Use_MaxTP Long Short Reverse Use_Kill Kill_Profit_Stop Kill_Loss_Stop Show_Current_PNL Show_Stats_Box Image_Opacity Corner_Image Background_Image Bot_Name ),2320,8040,-5720,1.40559440559441,-2530,18,0.5,
,1.40521872601688,True/2/0/3/0/3/175/300/False/False/1001/801/500/1/140/True/1.6/True/False/True/False/False/800/400/False/False/0.3/panthionIcon4.png/Oden2.png/PantheonMasterBotV01TesterV2 (Use_Time_Filter Start_Time_(HH) Start_Time_(mm) Duration_Time_(HH) Duration_Time_(mm) averageFast averageSlow averageTrend UseTrend UseTrendReverse ProfitStop LossStop MaxTrades Contracts MaxStop Use_MaxStop MaxTPRatio Use_MaxTP Long Short Reverse Use_Kill Kill_Profit_Stop Kill_Loss_Stop Show_Current_PNL Show_Stats_Box Image_Opacity Corner_Image Background_Image Bot_Name ),2640,9155,-6515,1.40521872601688,-2160,22,0.454545454545455,
,1.40519276160504,True/2/0/3/0/4/175/300/False/False/1001/801/500/1/180/True/1.6/True/False/True/False/False/800/400/False/False/0.3/panthionIcon4.png/Oden2.png/PantheonMasterBotV01TesterV2 (Use_Time_Filter Start_Time_(HH) Start_Time_(mm) Duration_Time_(HH) Duration_Time_(mm) averageFast averageSlow averageTrend UseTrend UseTrendReverse ProfitStop LossStop MaxTrades Contracts MaxStop Use_MaxStop MaxTPRatio Use_MaxTP Long Short Reverse Use_Kill Kill_Profit_Stop Kill_Loss_Stop Show_Current_PNL Show_Stats_Box Image_Opacity Corner_Image Background_Image Bot_Name ),2575,8930,-6355,1.40519276160504,-2700,20,0.55,
,1.40484429065744,True/2/0/3/0/7/175/300/False/False/1001/801/500/1/180/True/1.1/True/False/True/False/False/800/400/False/False/0.3/panthionIcon4.png/Oden2.png/PantheonMasterBotV01TesterV2 (Use_Time_Filter Start_Time_(HH) Start_Time_(mm) Duration_Time_(HH) Duration_Time_(mm) averageFast averageSlow averageTrend UseTrend UseTrendReverse ProfitStop LossStop MaxTrades Contracts MaxStop Use_MaxStop MaxTPRatio Use_MaxTP Long Short Reverse Use_Kill Kill_Profit_Stop Kill_Loss_Stop Show_Current_PNL Show_Stats_Box Image_Opacity Corner_Image Background_Image Bot_Name ),2340,8120,-5780,1.40484429065744,-2410,20,0.5,
,1.40470235117559,True/2/0/3/0/7/165/300/False/False/1001/801/500/1/180/True/1.4/True/True/True/False/False/800/400/False/False/0.3/panthionIcon4.png/Oden2.png/PantheonMasterBotV01TesterV2 (Use_Time_Filter Start_Time_(HH) Start_Time_(mm) Duration_Time_(HH) Duration_Time_(mm) averageFast averageSlow averageTrend UseTrend UseTrendReverse ProfitStop LossStop MaxTrades Contracts MaxStop Use_MaxStop MaxTPRatio Use_MaxTP Long Short Reverse Use_Kill Kill_Profit_Stop Kill_Loss_Stop Show_Current_PNL Show_Stats_Box Image_Opacity Corner_Image Background_Image Bot_Name ),4045,14040,-9995,1.40470235117559,-2610,52,0.230769230769231,
,1.40463215258856,True/2/0/3/0/3/165/300/False/False/1001/801/500/1/140/True/1.3/True/False/True/False/False/800/400/False/False/0.3/panthionIcon4.png/Oden2.png/PantheonMasterBotV01TesterV2 (Use_Time_Filter Start_Time_(HH) Start_Time_(mm) Duration_Time_(HH) Duration_Time_(mm) averageFast averageSlow averageTrend UseTrend UseTrendReverse ProfitStop LossStop MaxTrades Contracts MaxStop Use_MaxStop MaxTPRatio Use_MaxTP Long Short Reverse Use_Kill Kill_Profit_Stop Kill_Loss_Stop Show_Current_PNL Show_Stats_Box Image_Opacity Corner_Image Background_Image Bot_Name ),2970,10310,-7340,1.40463215258856,-2490,25,0.48,
,1.4045643153527,True/2/0/3/0/10/165/300/False/False/1001/801/500/1/140/True/1.2/True/True/True/False/False/800/400/False/False/0.3/panthionIcon4.png/Oden2.png/PantheonMasterBotV01TesterV2 (Use_Time_Filter Start_Time_(HH) Start_Time_(mm) Duration_Time_(HH) Duration_Time_(mm) averageFast averageSlow averageTrend UseTrend UseTrendReverse ProfitStop LossStop MaxTrades Contracts MaxStop Use_MaxStop MaxTPRatio Use_MaxTP Long Short Reverse Use_Kill Kill_Profit_Stop Kill_Loss_Stop Show_Current_PNL Show_Stats_Box Image_Opacity Corner_Image Background_Image Bot_Name ),3900,13540,-9640,1.4045643153527,-2360,44,0.409090909090909,
,1.40363636363636,True/2/0/3/0/8/185/300/False/False/1001/801/500/1/140/True/1.6/True/True/True/False/False/800/400/False/False/0.3/panthionIcon4.png/Oden2.png/PantheonMasterBotV01TesterV2 (Use_Time_Filter Start_Time_(HH) Start_Time_(mm) Duration_Time_(HH) Duration_Time_(mm) averageFast averageSlow averageTrend UseTrend UseTrendReverse ProfitStop LossStop MaxTrades Contracts MaxStop Use_MaxStop MaxTPRatio Use_MaxTP Long Short Reverse Use_Kill Kill_Profit_Stop Kill_Loss_Stop Show_Current_PNL Show_Stats_Box Image_Opacity Corner_Image Background_Image Bot_Name ),3885,13510,-9625,1.40363636363636,-2530,47,0.297872340425532,
,1.40343347639485,True/2/0/3/0/8/155/300/False/False/1001/801/500/1/180/True/1.7/True/True/False/False/False/800/400/False/False/0.3/panthionIcon4.png/Oden2.png/PantheonMasterBotV01TesterV2 (Use_Time_Filter Start_Time_(HH) Start_Time_(mm) Duration_Time_(HH) Duration_Time_(mm) averageFast averageSlow averageTrend UseTrend UseTrendReverse ProfitStop LossStop MaxTrades Contracts MaxStop Use_MaxStop MaxTPRatio Use_MaxTP Long Short Reverse Use_Kill Kill_Profit_Stop Kill_Loss_Stop Show_Current_PNL Show_Stats_Box Image_Opacity Corner_Image Background_Image Bot_Name ),2350,8175,-5825,1.40343347639485,-2585,18,0.5,
,1.40330417881438,True/2/0/3/0/8/165/300/False/False/1001/801/500/1/140/True/1.2/True/True/True/False/False/800/400/False/False/0.3/panthionIcon4.png/Oden2.png/PantheonMasterBotV01TesterV2 (Use_Time_Filter Start_Time_(HH) Start_Time_(mm) Duration_Time_(HH) Duration_Time_(mm) averageFast averageSlow averageTrend UseTrend UseTrendReverse ProfitStop LossStop MaxTrades Contracts MaxStop Use_MaxStop MaxTPRatio Use_MaxTP Long Short Reverse Use_Kill Kill_Profit_Stop Kill_Loss_Stop Show_Current_PNL Show_Stats_Box Image_Opacity Corner_Image Background_Image Bot_Name ),4150,14440,-10290,1.40330417881438,-2585,54,0.37037037037037,
,1.4031746031746,True/2/0/3/0/4/185/300/False/False/1001/801/500/1/160/True/1.2/True/False/True/False/False/800/400/False/False/0.3/panthionIcon4.png/Oden2.png/PantheonMasterBotV01TesterV2 (Use_Time_Filter Start_Time_(HH) Start_Time_(mm) Duration_Time_(HH) Duration_Time_(mm) averageFast averageSlow averageTrend UseTrend UseTrendReverse ProfitStop LossStop MaxTrades Contracts MaxStop Use_MaxStop MaxTPRatio Use_MaxTP Long Short Reverse Use_Kill Kill_Profit_Stop Kill_Loss_Stop Show_Current_PNL Show_Stats_Box Image_Opacity Corner_Image Background_Image Bot_Name ),2540,8840,-6300,1.4031746031746,-2400,22,0.454545454545455,
,1.40293560606061,True/2/0/3/0/3/195/300/False/False/1001/801/500/1/160/True/1.5/True/True/True/False/False/800/400/False/False/0.3/panthionIcon4.png/Oden2.png/PantheonMasterBotV01TesterV2 (Use_Time_Filter Start_Time_(HH) Start_Time_(mm) Duration_Time_(HH) Duration_Time_(mm) averageFast averageSlow averageTrend UseTrend UseTrendReverse ProfitStop LossStop MaxTrades Contracts MaxStop Use_MaxStop MaxTPRatio Use_MaxTP Long Short Reverse Use_Kill Kill_Profit_Stop Kill_Loss_Stop Show_Current_PNL Show_Stats_Box Image_Opacity Corner_Image Background_Image Bot_Name ),4255,14815,-10560,1.40293560606061,-3295,82,0.195121951219512,
,1.4020618556701,True/2/0/3/0/7/175/300/False/False/1001/801/500/1/160/True/1.2/True/False/True/False/False/800/400/False/False/0.3/panthionIcon4.png/Oden2.png/PantheonMasterBotV01TesterV2 (Use_Time_Filter Start_Time_(HH) Start_Time_(mm) Duration_Time_(HH) Duration_Time_(mm) averageFast averageSlow averageTrend UseTrend UseTrendReverse ProfitStop LossStop MaxTrades Contracts MaxStop Use_MaxStop MaxTPRatio Use_MaxTP Long Short Reverse Use_Kill Kill_Profit_Stop Kill_Loss_Stop Show_Current_PNL Show_Stats_Box Image_Opacity Corner_Image Background_Image Bot_Name ),2535,8840,-6305,1.4020618556701,-1640,21,0.523809523809524,
,1.40193196136077,True/2/0/3/0/7/155/300/False/False/1001/801/500/1/180/True/1.3/True/True/True/False/False/800/400/False/False/0.3/panthionIcon4.png/Oden2.png/PantheonMasterBotV01TesterV2 (Use_Time_Filter Start_Time_(HH) Start_Time_(mm) Duration_Time_(HH) Duration_Time_(mm) averageFast averageSlow averageTrend UseTrend UseTrendReverse ProfitStop LossStop MaxTrades Contracts MaxStop Use_MaxStop MaxTPRatio Use_MaxTP Long Short Reverse Use_Kill Kill_Profit_Stop Kill_Loss_Stop Show_Current_PNL Show_Stats_Box Image_Opacity Corner_Image Background_Image Bot_Name ),4785,16690,-11905,1.40193196136077,-3370,64,0.28125,
,1.4010152284264,True/2/0/3/0/8/155/300/False/False/1001/801/500/1/160/True/1.1/True/True/True/False/False/800/400/False/False/0.3/panthionIcon4.png/Oden2.png/PantheonMasterBotV01TesterV2 (Use_Time_Filter Start_Time_(HH) Start_Time_(mm) Duration_Time_(HH) Duration_Time_(mm) averageFast averageSlow averageTrend UseTrend UseTrendReverse ProfitStop LossStop MaxTrades Contracts MaxStop Use_MaxStop MaxTPRatio Use_MaxTP Long Short Reverse Use_Kill Kill_Profit_Stop Kill_Loss_Stop Show_Current_PNL Show_Stats_Box Image_Opacity Corner_Image Background_Image Bot_Name ),4345,15180,-10835,1.4010152284264,-2465,56,0.321428571428571,
,1.4,True/2/0/3/0/8/185/300/False/False/1001/801/500/1/160/True/1.2/True/True/True/False/False/800/400/False/False/0.3/panthionIcon4.png/Oden2.png/PantheonMasterBotV01TesterV2 (Use_Time_Filter Start_Time_(HH) Start_Time_(mm) Duration_Time_(HH) Duration_Time_(mm) averageFast averageSlow averageTrend UseTrend UseTrendReverse ProfitStop LossStop MaxTrades Contracts MaxStop Use_MaxStop MaxTPRatio Use_MaxTP Long Short Reverse Use_Kill Kill_Profit_Stop Kill_Loss_Stop Show_Current_PNL Show_Stats_Box Image_Opacity Corner_Image Background_Image Bot_Name ),3860,13510,-9650,1.4,-3015,49,0.326530612244898,
,1.39986329460014,True/2/0/3/0/7/155/300/False/False/1001/801/500/1/140/True/1.7/True/True/False/False/False/800/400/False/False/0.3/panthionIcon4.png/Oden2.png/PantheonMasterBotV01TesterV2 (Use_Time_Filter Start_Time_(HH) Start_Time_(mm) Duration_Time_(HH) Duration_Time_(mm) averageFast averageSlow averageTrend UseTrend UseTrendReverse ProfitStop LossStop MaxTrades Contracts MaxStop Use_MaxStop MaxTPRatio Use_MaxTP Long Short Reverse Use_Kill Kill_Profit_Stop Kill_Loss_Stop Show_Current_PNL Show_Stats_Box Image_Opacity Corner_Image Background_Image Bot_Name ),2925,10240,-7315,1.39986329460014,-2125,24,0.541666666666667,
,1.39965986394558,True/2/0/3/0/8/185/300/False/False/1001/801/500/1/160/True/1.4/True/True/False/False/False/800/400/False/False/0.3/panthionIcon4.png/Oden2.png/PantheonMasterBotV01TesterV2 (Use_Time_Filter Start_Time_(HH) Start_Time_(mm) Duration_Time_(HH) Duration_Time_(mm) averageFast averageSlow averageTrend UseTrend UseTrendReverse ProfitStop LossStop MaxTrades Contracts MaxStop Use_MaxStop MaxTPRatio Use_MaxTP Long Short Reverse Use_Kill Kill_Profit_Stop Kill_Loss_Stop Show_Current_PNL Show_Stats_Box Image_Opacity Corner_Image Background_Image Bot_Name ),2350,8230,-5880,1.39965986394558,-2645,20,0.5,
,1.39939255884586,True/2/0/3/0/3/175/300/False/False/1001/801/500/1/140/True/1.3/True/False/True/False/False/800/400/False/False/0.3/panthionIcon4.png/Oden2.png/PantheonMasterBotV01TesterV2 (Use_Time_Filter Start_Time_(HH) Start_Time_(mm) Duration_Time_(HH) Duration_Time_(mm) averageFast averageSlow averageTrend UseTrend UseTrendReverse ProfitStop LossStop MaxTrades Contracts MaxStop Use_MaxStop MaxTPRatio Use_MaxTP Long Short Reverse Use_Kill Kill_Profit_Stop Kill_Loss_Stop Show_Current_PNL Show_Stats_Box Image_Opacity Corner_Image Background_Image Bot_Name ),2630,9215,-6585,1.39939255884586,-2100,23,0.478260869565217,
,1.39867279224094,True/2/0/3/0/8/165/300/False/False/1001/801/500/1/160/True/1.7/True/True/True/False/False/800/400/False/False/0.3/panthionIcon4.png/Oden2.png/PantheonMasterBotV01TesterV2 (Use_Time_Filter Start_Time_(HH) Start_Time_(mm) Duration_Time_(HH) Duration_Time_(mm) averageFast averageSlow averageTrend UseTrend UseTrendReverse ProfitStop LossStop MaxTrades Contracts MaxStop Use_MaxStop MaxTPRatio Use_MaxTP Long Short Reverse Use_Kill Kill_Profit_Stop Kill_Loss_Stop Show_Current_PNL Show_Stats_Box Image_Opacity Corner_Image Background_Image Bot_Name ),3905,13700,-9795,1.39867279224094,-2810,51,0.333333333333333,
,1.39859084046301,True/2/0/3/0/9/175/300/False/False/1001/801/500/1/160/True/1.6/True/True/True/False/False/800/400/False/False/0.3/panthionIcon4.png/Oden2.png/PantheonMasterBotV01TesterV2 (Use_Time_Filter Start_Time_(HH) Start_Time_(mm) Duration_Time_(HH) Duration_Time_(mm) averageFast averageSlow averageTrend UseTrend UseTrendReverse ProfitStop LossStop MaxTrades Contracts MaxStop Use_MaxStop MaxTPRatio Use_MaxTP Long Short Reverse Use_Kill Kill_Profit_Stop Kill_Loss_Stop Show_Current_PNL Show_Stats_Box Image_Opacity Corner_Image Background_Image Bot_Name ),3960,13895,-9935,1.39859084046301,-2625,48,0.333333333333333,
,1.39735772357724,True/2/0/3/0/10/165/300/False/False/1001/801/500/1/140/True/1.3/True/True/True/False/False/800/400/False/False/0.3/panthionIcon4.png/Oden2.png/PantheonMasterBotV01TesterV2 (Use_Time_Filter Start_Time_(HH) Start_Time_(mm) Duration_Time_(HH) Duration_Time_(mm) averageFast averageSlow averageTrend UseTrend UseTrendReverse ProfitStop LossStop MaxTrades Contracts MaxStop Use_MaxStop MaxTPRatio Use_MaxTP Long Short Reverse Use_Kill Kill_Profit_Stop Kill_Loss_Stop Show_Current_PNL Show_Stats_Box Image_Opacity Corner_Image Background_Image Bot_Name ),3910,13750,-9840,1.39735772357724,-2360,44,0.386363636363636,
,1.39723801787165,True/2/0/3/0/4/185/300/False/False/1001/801/500/1/160/True/1.5/True/False/True/False/False/800/400/False/False/0.3/panthionIcon4.png/Oden2.png/PantheonMasterBotV01TesterV2 (Use_Time_Filter Start_Time_(HH) Start_Time_(mm) Duration_Time_(HH) Duration_Time_(mm) averageFast averageSlow averageTrend UseTrend UseTrendReverse ProfitStop LossStop MaxTrades Contracts MaxStop Use_MaxStop MaxTPRatio Use_MaxTP Long Short Reverse Use_Kill Kill_Profit_Stop Kill_Loss_Stop Show_Current_PNL Show_Stats_Box Image_Opacity Corner_Image Background_Image Bot_Name ),2445,8600,-6155,1.39723801787165,-2450,21,0.380952380952381,
,1.39579831932773,True/2/0/3/0/8/165/300/False/False/1001/801/500/1/180/True/1.1/True/True/False/False/False/800/400/False/False/0.3/panthionIcon4.png/Oden2.png/PantheonMasterBotV01TesterV2 (Use_Time_Filter Start_Time_(HH) Start_Time_(mm) Duration_Time_(HH) Duration_Time_(mm) averageFast averageSlow averageTrend UseTrend UseTrendReverse ProfitStop LossStop MaxTrades Contracts MaxStop Use_MaxStop MaxTPRatio Use_MaxTP Long Short Reverse Use_Kill Kill_Profit_Stop Kill_Loss_Stop Show_Current_PNL Show_Stats_Box Image_Opacity Corner_Image Background_Image Bot_Name ),2355,8305,-5950,1.39579831932773,-2495,18,0.555555555555556,
,1.39575471698113,True/2/0/3/0/9/175/300/False/False/1001/801/500/1/140/True/1.3/True/True/True/False/False/800/400/False/False/0.3/panthionIcon4.png/Oden2.png/PantheonMasterBotV01TesterV2 (Use_Time_Filter Start_Time_(HH) Start_Time_(mm) Duration_Time_(HH) Duration_Time_(mm) averageFast averageSlow averageTrend UseTrend UseTrendReverse ProfitStop LossStop MaxTrades Contracts MaxStop Use_MaxStop MaxTPRatio Use_MaxTP Long Short Reverse Use_Kill Kill_Profit_Stop Kill_Loss_Stop Show_Current_PNL Show_Stats_Box Image_Opacity Corner_Image Background_Image Bot_Name ),4195,14795,-10600,1.39575471698113,-2455,50,0.38,
,1.39522150323544,True/2/0/3/0/3/165/300/False/False/1001/801/500/1/160/True/1.3/True/True/True/False/False/800/400/False/False/0.3/panthionIcon4.png/Oden2.png/PantheonMasterBotV01TesterV2 (Use_Time_Filter Start_Time_(HH) Start_Time_(mm) Duration_Time_(HH) Duration_Time_(mm) averageFast averageSlow averageTrend UseTrend UseTrendReverse ProfitStop LossStop MaxTrades Contracts MaxStop Use_MaxStop MaxTPRatio Use_MaxTP Long Short Reverse Use_Kill Kill_Profit_Stop Kill_Loss_Stop Show_Current_PNL Show_Stats_Box Image_Opacity Corner_Image Background_Image Bot_Name ),3970,14015,-10045,1.39522150323544,-3085,78,0.256410256410256,
,1.39519469759735,True/2/0/3/0/7/155/300/False/False/1001/801/500/1/140/True/1.2/True/True/True/False/False/800/400/False/False/0.3/panthionIcon4.png/Oden2.png/PantheonMasterBotV01TesterV2 (Use_Time_Filter Start_Time_(HH) Start_Time_(mm) Duration_Time_(HH) Duration_Time_(mm) averageFast averageSlow averageTrend UseTrend UseTrendReverse ProfitStop LossStop MaxTrades Contracts MaxStop Use_MaxStop MaxTPRatio Use_MaxTP Long Short Reverse Use_Kill Kill_Profit_Stop Kill_Loss_Stop Show_Current_PNL Show_Stats_Box Image_Opacity Corner_Image Background_Image Bot_Name ),4770,16840,-12070,1.39519469759735,-2525,67,0.328358208955224,
,1.39444850255661,True/2/0/3/0/10/155/300/False/False/1001/801/500/1/140/True/1.5/True/False/True/False/False/800/400/False/False/0.3/panthionIcon4.png/Oden2.png/PantheonMasterBotV01TesterV2 (Use_Time_Filter Start_Time_(HH) Start_Time_(mm) Duration_Time_(HH) Duration_Time_(mm) averageFast averageSlow averageTrend UseTrend UseTrendReverse ProfitStop LossStop MaxTrades Contracts MaxStop Use_MaxStop MaxTPRatio Use_MaxTP Long Short Reverse Use_Kill Kill_Profit_Stop Kill_Loss_Stop Show_Current_PNL Show_Stats_Box Image_Opacity Corner_Image Background_Image Bot_Name ),2700,9545,-6845,1.39444850255661,-2100,21,0.476190476190476,
,1.39435146443515,True/2/0/3/0/3/175/300/False/False/1001/801/500/1/180/True/1.3/True/True/True/False/False/800/400/False/False/0.3/panthionIcon4.png/Oden2.png/PantheonMasterBotV01TesterV2 (Use_Time_Filter Start_Time_(HH) Start_Time_(mm) Duration_Time_(HH) Duration_Time_(mm) averageFast averageSlow averageTrend UseTrend UseTrendReverse ProfitStop LossStop MaxTrades Contracts MaxStop Use_MaxStop MaxTPRatio Use_MaxTP Long Short Reverse Use_Kill Kill_Profit_Stop Kill_Loss_Stop Show_Current_PNL Show_Stats_Box Image_Opacity Corner_Image Background_Image Bot_Name ),3770,13330,-9560,1.39435146443515,-3780,76,0.263157894736842,
,1.39382845188285,True/2/0/3/0/3/175/300/False/False/1001/801/500/1/180/True/1.2/True/True/True/False/False/800/400/False/False/0.3/panthionIcon4.png/Oden2.png/PantheonMasterBotV01TesterV2 (Use_Time_Filter Start_Time_(HH) Start_Time_(mm) Duration_Time_(HH) Duration_Time_(mm) averageFast averageSlow averageTrend UseTrend UseTrendReverse ProfitStop LossStop MaxTrades Contracts MaxStop Use_MaxStop MaxTPRatio Use_MaxTP Long Short Reverse Use_Kill Kill_Profit_Stop Kill_Loss_Stop Show_Current_PNL Show_Stats_Box Image_Opacity Corner_Image Background_Image Bot_Name ),3765,13325,-9560,1.39382845188285,-2975,76,0.263157894736842,
,1.39376053962901,True/2/0/3/0/10/185/300/False/False/1001/801/500/1/180/True/1.5/True/False/True/False/False/800/400/False/False/0.3/panthionIcon4.png/Oden2.png/PantheonMasterBotV01TesterV2 (Use_Time_Filter Start_Time_(HH) Start_Time_(mm) Duration_Time_(HH) Duration_Time_(mm) averageFast averageSlow averageTrend UseTrend UseTrendReverse ProfitStop LossStop MaxTrades Contracts MaxStop Use_MaxStop MaxTPRatio Use_MaxTP Long Short Reverse Use_Kill Kill_Profit_Stop Kill_Loss_Stop Show_Current_PNL Show_Stats_Box Image_Opacity Corner_Image Background_Image Bot_Name ),2335,8265,-5930,1.39376053962901,-2510,17,0.411764705882353,
,1.39181286549708,True/2/0/3/0/7/165/300/False/False/1001/801/500/1/140/True/1.1/True/True/True/False/False/800/400/False/False/0.3/panthionIcon4.png/Oden2.png/PantheonMasterBotV01TesterV2 (Use_Time_Filter Start_Time_(HH) Start_Time_(mm) Duration_Time_(HH) Duration_Time_(mm) averageFast averageSlow averageTrend UseTrend UseTrendReverse ProfitStop LossStop MaxTrades Contracts MaxStop Use_MaxStop MaxTPRatio Use_MaxTP Long Short Reverse Use_Kill Kill_Profit_Stop Kill_Loss_Stop Show_Current_PNL Show_Stats_Box Image_Opacity Corner_Image Background_Image Bot_Name ),3685,13090,-9405,1.39181286549708,-2570,54,0.314814814814815,
,1.39157196969697,True/2/0/3/0/3/195/300/False/False/1001/801/500/1/140/True/1.7/True/True/True/False/False/800/400/False/False/0.3/panthionIcon4.png/Oden2.png/PantheonMasterBotV01TesterV2 (Use_Time_Filter Start_Time_(HH) Start_Time_(mm) Duration_Time_(HH) Duration_Time_(mm) averageFast averageSlow averageTrend UseTrend UseTrendReverse ProfitStop LossStop MaxTrades Contracts MaxStop Use_MaxStop MaxTPRatio Use_MaxTP Long Short Reverse Use_Kill Kill_Profit_Stop Kill_Loss_Stop Show_Current_PNL Show_Stats_Box Image_Opacity Corner_Image Background_Image Bot_Name ),4135,14695,-10560,1.39157196969697,-3305,82,0.195121951219512,
,1.39137645107794,True/2/0/3/0/4/185/300/False/False/1001/801/500/1/180/True/1.3/True/False/True/False/False/800/400/False/False/0.3/panthionIcon4.png/Oden2.png/PantheonMasterBotV01TesterV2 (Use_Time_Filter Start_Time_(HH) Start_Time_(mm) Duration_Time_(HH) Duration_Time_(mm) averageFast averageSlow averageTrend UseTrend UseTrendReverse ProfitStop LossStop MaxTrades Contracts MaxStop Use_MaxStop MaxTPRatio Use_MaxTP Long Short Reverse Use_Kill Kill_Profit_Stop Kill_Loss_Stop Show_Current_PNL Show_Stats_Box Image_Opacity Corner_Image Background_Image Bot_Name ),2360,8390,-6030,1.39137645107794,-2750,20,0.4,
,1.39091586001489,True/2/0/3/0/8/165/300/False/False/1001/801/500/1/140/True/1.2/True/False/True/False/False/800/400/False/False/0.3/panthionIcon4.png/Oden2.png/PantheonMasterBotV01TesterV2 (Use_Time_Filter Start_Time_(HH) Start_Time_(mm) Duration_Time_(HH) Duration_Time_(mm) averageFast averageSlow averageTrend UseTrend UseTrendReverse ProfitStop LossStop MaxTrades Contracts MaxStop Use_MaxStop MaxTPRatio Use_MaxTP Long Short Reverse Use_Kill Kill_Profit_Stop Kill_Loss_Stop Show_Current_PNL Show_Stats_Box Image_Opacity Corner_Image Background_Image Bot_Name ),2625,9340,-6715,1.39091586001489,-1980,23,0.521739130434783,
,1.39072847682119,True/2/0/3/0/10/195/300/False/False/1001/801/500/1/140/True/1.5/True/False/True/False/False/800/400/False/False/0.3/panthionIcon4.png/Oden2.png/PantheonMasterBotV01TesterV2 (Use_Time_Filter Start_Time_(HH) Start_Time_(mm) Duration_Time_(HH) Duration_Time_(mm) averageFast averageSlow averageTrend UseTrend UseTrendReverse ProfitStop LossStop MaxTrades Contracts MaxStop Use_MaxStop MaxTPRatio Use_MaxTP Long Short Reverse Use_Kill Kill_Profit_Stop Kill_Loss_Stop Show_Current_PNL Show_Stats_Box Image_Opacity Corner_Image Background_Image Bot_Name ),2360,8400,-6040,1.39072847682119,-2190,19,0.421052631578947,
,1.39054966248795,True/2/0/3/0/7/175/300/False/False/1001/801/500/1/180/True/1.1/True/True/False/False/False/800/400/False/False/0.3/panthionIcon4.png/Oden2.png/PantheonMasterBotV01TesterV2 (Use_Time_Filter Start_Time_(HH) Start_Time_(mm) Duration_Time_(HH) Duration_Time_(mm) averageFast averageSlow averageTrend UseTrend UseTrendReverse ProfitStop LossStop MaxTrades Contracts MaxStop Use_MaxStop MaxTPRatio Use_MaxTP Long Short Reverse Use_Kill Kill_Profit_Stop Kill_Loss_Stop Show_Current_PNL Show_Stats_Box Image_Opacity Corner_Image Background_Image Bot_Name ),2025,7210,-5185,1.39054966248795,-2825,17,0.529411764705882,
,1.38975155279503,True/2/0/3/0/10/175/300/False/False/1001/801/500/1/160/True/1.5/True/True/False/False/False/800/400/False/False/0.3/panthionIcon4.png/Oden2.png/PantheonMasterBotV01TesterV2 (Use_Time_Filter Start_Time_(HH) Start_Time_(mm) Duration_Time_(HH) Duration_Time_(mm) averageFast averageSlow averageTrend UseTrend UseTrendReverse ProfitStop LossStop MaxTrades Contracts MaxStop Use_MaxStop MaxTPRatio Use_MaxTP Long Short Reverse Use_Kill Kill_Profit_Stop Kill_Loss_Stop Show_Current_PNL Show_Stats_Box Image_Opacity Corner_Image Background_Image Bot_Name ),2510,8950,-6440,1.38975155279503,-3000,20,0.5,
,1.38969171483622,True/2/0/3/0/3/165/300/False/False/1001/801/500/1/140/True/1.2/True/True/True/False/False/800/400/False/False/0.3/panthionIcon4.png/Oden2.png/PantheonMasterBotV01TesterV2 (Use_Time_Filter Start_Time_(HH) Start_Time_(mm) Duration_Time_(HH) Duration_Time_(mm) averageFast averageSlow averageTrend UseTrend UseTrendReverse ProfitStop LossStop MaxTrades Contracts MaxStop Use_MaxStop MaxTPRatio Use_MaxTP Long Short Reverse Use_Kill Kill_Profit_Stop Kill_Loss_Stop Show_Current_PNL Show_Stats_Box Image_Opacity Corner_Image Background_Image Bot_Name ),4045,14425,-10380,1.38969171483622,-1880,83,0.253012048192771,
,1.38963531669866,True/2/0/3/0/10/155/300/False/False/1001/801/500/1/180/True/1.3/True/True/True/False/False/800/400/False/False/0.3/panthionIcon4.png/Oden2.png/PantheonMasterBotV01TesterV2 (Use_Time_Filter Start_Time_(HH) Start_Time_(mm) Duration_Time_(HH) Duration_Time_(mm) averageFast averageSlow averageTrend UseTrend UseTrendReverse ProfitStop LossStop MaxTrades Contracts MaxStop Use_MaxStop MaxTPRatio Use_MaxTP Long Short Reverse Use_Kill Kill_Profit_Stop Kill_Loss_Stop Show_Current_PNL Show_Stats_Box Image_Opacity Corner_Image Background_Image Bot_Name ),4060,14480,-10420,1.38963531669866,-2660,52,0.403846153846154,
,1.38948443083206,True/2/0/3/0/8/165/300/False/False/1001/801/500/1/180/True/1.5/True/True/True/False/False/800/400/False/False/0.3/panthionIcon4.png/Oden2.png/PantheonMasterBotV01TesterV2 (Use_Time_Filter Start_Time_(HH) Start_Time_(mm) Duration_Time_(HH) Duration_Time_(mm) averageFast averageSlow averageTrend UseTrend UseTrendReverse ProfitStop LossStop MaxTrades Contracts MaxStop Use_MaxStop MaxTPRatio Use_MaxTP Long Short Reverse Use_Kill Kill_Profit_Stop Kill_Loss_Stop Show_Current_PNL Show_Stats_Box Image_Opacity Corner_Image Background_Image Bot_Name ),3815,13610,-9795,1.38948443083206,-2810,51,0.333333333333333,
,1.3892030848329,True/2/0/3/0/8/185/300/False/False/1001/801/500/1/160/True/1.4/True/True/True/False/False/800/400/False/False/0.3/panthionIcon4.png/Oden2.png/PantheonMasterBotV01TesterV2 (Use_Time_Filter Start_Time_(HH) Start_Time_(mm) Duration_Time_(HH) Duration_Time_(mm) averageFast averageSlow averageTrend UseTrend UseTrendReverse ProfitStop LossStop MaxTrades Contracts MaxStop Use_MaxStop MaxTPRatio Use_MaxTP Long Short Reverse Use_Kill Kill_Profit_Stop Kill_Loss_Stop Show_Current_PNL Show_Stats_Box Image_Opacity Corner_Image Background_Image Bot_Name ),3785,13510,-9725,1.3892030848329,-2630,47,0.297872340425532,
,1.3890608875129,True/2/0/3/0/7/165/300/False/False/1001/801/500/1/160/True/1.7/True/True/True/False/False/800/400/False/False/0.3/panthionIcon4.png/Oden2.png/PantheonMasterBotV01TesterV2 (Use_Time_Filter Start_Time_(HH) Start_Time_(mm) Duration_Time_(HH) Duration_Time_(mm) averageFast averageSlow averageTrend UseTrend UseTrendReverse ProfitStop LossStop MaxTrades Contracts MaxStop Use_MaxStop MaxTPRatio Use_MaxTP Long Short Reverse Use_Kill Kill_Profit_Stop Kill_Loss_Stop Show_Current_PNL Show_Stats_Box Image_Opacity Corner_Image Background_Image Bot_Name ),3770,13460,-9690,1.3890608875129,-2610,51,0.235294117647059,
,1.3888055972014,True/2/0/3/0/2/175/300/False/False/1001/801/500/1/180/True/1.5/True/True/True/False/False/800/400/False/False/0.3/panthionIcon4.png/Oden2.png/PantheonMasterBotV01TesterV2 (Use_Time_Filter Start_Time_(HH) Start_Time_(mm) Duration_Time_(HH) Duration_Time_(mm) averageFast averageSlow averageTrend UseTrend UseTrendReverse ProfitStop LossStop MaxTrades Contracts MaxStop Use_MaxStop MaxTPRatio Use_MaxTP Long Short Reverse Use_Kill Kill_Profit_Stop Kill_Loss_Stop Show_Current_PNL Show_Stats_Box Image_Opacity Corner_Image Background_Image Bot_Name ),3890,13895,-10005,1.3888055972014,-3725,91,0.230769230769231,
,1.38694992412747,True/2/0/3/0/3/175/300/False/False/1001/801/500/1/180/True/1.1/True/False/True/False/False/800/400/False/False/0.3/panthionIcon4.png/Oden2.png/PantheonMasterBotV01TesterV2 (Use_Time_Filter Start_Time_(HH) Start_Time_(mm) Duration_Time_(HH) Duration_Time_(mm) averageFast averageSlow averageTrend UseTrend UseTrendReverse ProfitStop LossStop MaxTrades Contracts MaxStop Use_MaxStop MaxTPRatio Use_MaxTP Long Short Reverse Use_Kill Kill_Profit_Stop Kill_Loss_Stop Show_Current_PNL Show_Stats_Box Image_Opacity Corner_Image Background_Image Bot_Name ),2550,9140,-6590,1.38694992412747,-2700,21,0.571428571428571,
,1.38665488289881,True/2/0/3/0/8/155/300/False/False/1001/801/500/1/140/True/1.3/True/True/True/False/False/800/400/False/False/0.3/panthionIcon4.png/Oden2.png/PantheonMasterBotV01TesterV2 (Use_Time_Filter Start_Time_(HH) Start_Time_(mm) Duration_Time_(HH) Duration_Time_(mm) averageFast averageSlow averageTrend UseTrend UseTrendReverse ProfitStop LossStop MaxTrades Contracts MaxStop Use_MaxStop MaxTPRatio Use_MaxTP Long Short Reverse Use_Kill Kill_Profit_Stop Kill_Loss_Stop Show_Current_PNL Show_Stats_Box Image_Opacity Corner_Image Background_Image Bot_Name ),4375,15690,-11315,1.38665488289881,-2500,55,0.327272727272727,
,1.3856,True/2/0/3/0/9/175/300/False/False/1001/801/500/1/160/True/1.6/True/True/False/False/False/800/400/False/False/0.3/panthionIcon4.png/Oden2.png/PantheonMasterBotV01TesterV2 (Use_Time_Filter Start_Time_(HH) Start_Time_(mm) Duration_Time_(HH) Duration_Time_(mm) averageFast averageSlow averageTrend UseTrend UseTrendReverse ProfitStop LossStop MaxTrades Contracts MaxStop Use_MaxStop MaxTPRatio Use_MaxTP Long Short Reverse Use_Kill Kill_Profit_Stop Kill_Loss_Stop Show_Current_PNL Show_Stats_Box Image_Opacity Corner_Image Background_Image Bot_Name ),2410,8660,-6250,1.3856,-2810,20,0.5,
,1.38550578761953,True/2/0/3/0/9/175/300/False/False/1001/801/500/1/160/True/1.7/True/True/True/False/False/800/400/False/False/0.3/panthionIcon4.png/Oden2.png/PantheonMasterBotV01TesterV2 (Use_Time_Filter Start_Time_(HH) Start_Time_(mm) Duration_Time_(HH) Duration_Time_(mm) averageFast averageSlow averageTrend UseTrend UseTrendReverse ProfitStop LossStop MaxTrades Contracts MaxStop Use_MaxStop MaxTPRatio Use_MaxTP Long Short Reverse Use_Kill Kill_Profit_Stop Kill_Loss_Stop Show_Current_PNL Show_Stats_Box Image_Opacity Corner_Image Background_Image Bot_Name ),3830,13765,-9935,1.38550578761953,-2625,48,0.333333333333333,
,1.38325533021321,True/2/0/3/0/9/165/300/False/False/1001/801/500/1/180/True/1.3/True/True/True/False/False/800/400/False/False/0.3/panthionIcon4.png/Oden2.png/PantheonMasterBotV01TesterV2 (Use_Time_Filter Start_Time_(HH) Start_Time_(mm) Duration_Time_(HH) Duration_Time_(mm) averageFast averageSlow averageTrend UseTrend UseTrendReverse ProfitStop LossStop MaxTrades Contracts MaxStop Use_MaxStop MaxTPRatio Use_MaxTP Long Short Reverse Use_Kill Kill_Profit_Stop Kill_Loss_Stop Show_Current_PNL Show_Stats_Box Image_Opacity Corner_Image Background_Image Bot_Name ),3685,13300,-9615,1.38325533021321,-2965,46,0.304347826086957,
,1.38303886925795,True/2/0/3/0/8/155/300/False/False/1001/801/500/1/140/True/1.4/True/True/False/False/False/800/400/False/False/0.3/panthionIcon4.png/Oden2.png/PantheonMasterBotV01TesterV2 (Use_Time_Filter Start_Time_(HH) Start_Time_(mm) Duration_Time_(HH) Duration_Time_(mm) averageFast averageSlow averageTrend UseTrend UseTrendReverse ProfitStop LossStop MaxTrades Contracts MaxStop Use_MaxStop MaxTPRatio Use_MaxTP Long Short Reverse Use_Kill Kill_Profit_Stop Kill_Loss_Stop Show_Current_PNL Show_Stats_Box Image_Opacity Corner_Image Background_Image Bot_Name ),2710,9785,-7075,1.38303886925795,-1675,24,0.541666666666667,
,1.38303477344573,True/2/0/3/0/9/195/300/False/False/1001/801/500/1/180/True/1.1/True/True/True/False/False/800/400/False/False/0.3/panthionIcon4.png/Oden2.png/PantheonMasterBotV01TesterV2 (Use_Time_Filter Start_Time_(HH) Start_Time_(mm) Duration_Time_(HH) Duration_Time_(mm) averageFast averageSlow averageTrend UseTrend UseTrendReverse ProfitStop LossStop MaxTrades Contracts MaxStop Use_MaxStop MaxTPRatio Use_MaxTP Long Short Reverse Use_Kill Kill_Profit_Stop Kill_Loss_Stop Show_Current_PNL Show_Stats_Box Image_Opacity Corner_Image Background_Image Bot_Name ),3635,13125,-9490,1.38303477344573,-2690,45,0.333333333333333,
,1.38283378746594,True/2/0/3/0/3/165/300/False/False/1001/801/500/1/140/True/1.4/True/False/True/False/False/800/400/False/False/0.3/panthionIcon4.png/Oden2.png/PantheonMasterBotV01TesterV2 (Use_Time_Filter Start_Time_(HH) Start_Time_(mm) Duration_Time_(HH) Duration_Time_(mm) averageFast averageSlow averageTrend UseTrend UseTrendReverse ProfitStop LossStop MaxTrades Contracts MaxStop Use_MaxStop MaxTPRatio Use_MaxTP Long Short Reverse Use_Kill Kill_Profit_Stop Kill_Loss_Stop Show_Current_PNL Show_Stats_Box Image_Opacity Corner_Image Background_Image Bot_Name ),2810,10150,-7340,1.38283378746594,-2155,25,0.48,
,1.38265306122449,True/2/0/3/0/8/185/300/False/False/1001/801/500/1/160/True/1.7/True/True/False/False/False/800/400/False/False/0.3/panthionIcon4.png/Oden2.png/PantheonMasterBotV01TesterV2 (Use_Time_Filter Start_Time_(HH) Start_Time_(mm) Duration_Time_(HH) Duration_Time_(mm) averageFast averageSlow averageTrend UseTrend UseTrendReverse ProfitStop LossStop MaxTrades Contracts MaxStop Use_MaxStop MaxTPRatio Use_MaxTP Long Short Reverse Use_Kill Kill_Profit_Stop Kill_Loss_Stop Show_Current_PNL Show_Stats_Box Image_Opacity Corner_Image Background_Image Bot_Name ),2250,8130,-5880,1.38265306122449,-2490,19,0.473684210526316,
,1.38220757825371,True/2/0/3/0/10/165/300/False/False/1001/801/500/1/160/True/1.4/True/True/False/False/False/800/400/False/False/0.3/panthionIcon4.png/Oden2.png/PantheonMasterBotV01TesterV2 (Use_Time_Filter Start_Time_(HH) Start_Time_(mm) Duration_Time_(HH) Duration_Time_(mm) averageFast averageSlow averageTrend UseTrend UseTrendReverse ProfitStop LossStop MaxTrades Contracts MaxStop Use_MaxStop MaxTPRatio Use_MaxTP Long Short Reverse Use_Kill Kill_Profit_Stop Kill_Loss_Stop Show_Current_PNL Show_Stats_Box Image_Opacity Corner_Image Background_Image Bot_Name ),2320,8390,-6070,1.38220757825371,-2655,20,0.5,
,1.38205980066445,True/2/0/3/0/9/195/300/False/False/1001/801/500/1/160/True/1.3/True/False/True/False/False/800/400/False/False/0.3/panthionIcon4.png/Oden2.png/PantheonMasterBotV01TesterV2 (Use_Time_Filter Start_Time_(HH) Start_Time_(mm) Duration_Time_(HH) Duration_Time_(mm) averageFast averageSlow averageTrend UseTrend UseTrendReverse ProfitStop LossStop MaxTrades Contracts MaxStop Use_MaxStop MaxTPRatio Use_MaxTP Long Short Reverse Use_Kill Kill_Profit_Stop Kill_Loss_Stop Show_Current_PNL Show_Stats_Box Image_Opacity Corner_Image Background_Image Bot_Name ),2300,8320,-6020,1.38205980066445,-2420,18,0.444444444444444,
,1.3820124666073,True/2/0/3/0/5/195/300/False/False/1001/801/500/1/180/True/1.2/True/False/True/False/False/800/400/False/False/0.3/panthionIcon4.png/Oden2.png/PantheonMasterBotV01TesterV2 (Use_Time_Filter Start_Time_(HH) Start_Time_(mm) Duration_Time_(HH) Duration_Time_(mm) averageFast averageSlow averageTrend UseTrend UseTrendReverse ProfitStop LossStop MaxTrades Contracts MaxStop Use_MaxStop MaxTPRatio Use_MaxTP Long Short Reverse Use_Kill Kill_Profit_Stop Kill_Loss_Stop Show_Current_PNL Show_Stats_Box Image_Opacity Corner_Image Background_Image Bot_Name ),2145,7760,-5615,1.3820124666073,-2390,18,0.444444444444444,
,1.3817594834544,True/2/0/3/0/8/175/300/False/False/1001/801/500/1/160/True/1.5/True/False/True/False/False/800/400/False/False/0.3/panthionIcon4.png/Oden2.png/PantheonMasterBotV01TesterV2 (Use_Time_Filter Start_Time_(HH) Start_Time_(mm) Duration_Time_(HH) Duration_Time_(mm) averageFast averageSlow averageTrend UseTrend UseTrendReverse ProfitStop LossStop MaxTrades Contracts MaxStop Use_MaxStop MaxTPRatio Use_MaxTP Long Short Reverse Use_Kill Kill_Profit_Stop Kill_Loss_Stop Show_Current_PNL Show_Stats_Box Image_Opacity Corner_Image Background_Image Bot_Name ),2365,8560,-6195,1.3817594834544,-2530,21,0.380952380952381,
,1.38157894736842,True/2/0/3/0/9/195/300/False/False/1001/801/500/1/160/True/1.5/True/False/True/False/False/800/400/False/False/0.3/panthionIcon4.png/Oden2.png/PantheonMasterBotV01TesterV2 (Use_Time_Filter Start_Time_(HH) Start_Time_(mm) Duration_Time_(HH) Duration_Time_(mm) averageFast averageSlow averageTrend UseTrend UseTrendReverse ProfitStop LossStop MaxTrades Contracts MaxStop Use_MaxStop MaxTPRatio Use_MaxTP Long Short Reverse Use_Kill Kill_Profit_Stop Kill_Loss_Stop Show_Current_PNL Show_Stats_Box Image_Opacity Corner_Image Background_Image Bot_Name ),2320,8400,-6080,1.38157894736842,-2330,18,0.388888888888889,
,1.38152610441767,True/2/0/3/0/7/175/300/False/False/1001/801/500/1/160/True/1.5/True/False/True/False/False/800/400/False/False/0.3/panthionIcon4.png/Oden2.png/PantheonMasterBotV01TesterV2 (Use_Time_Filter Start_Time_(HH) Start_Time_(mm) Duration_Time_(HH) Duration_Time_(mm) averageFast averageSlow averageTrend UseTrend UseTrendReverse ProfitStop LossStop MaxTrades Contracts MaxStop Use_MaxStop MaxTPRatio Use_MaxTP Long Short Reverse Use_Kill Kill_Profit_Stop Kill_Loss_Stop Show_Current_PNL Show_Stats_Box Image_Opacity Corner_Image Background_Image Bot_Name ),2375,8600,-6225,1.38152610441767,-2620,20,0.45,
,1.38125,True/2/0/3/0/3/175/300/False/False/1001/801/500/1/160/True/1.6/True/True/True/False/False/800/400/False/False/0.3/panthionIcon4.png/Oden2.png/PantheonMasterBotV01TesterV2 (Use_Time_Filter Start_Time_(HH) Start_Time_(mm) Duration_Time_(HH) Duration_Time_(mm) averageFast averageSlow averageTrend UseTrend UseTrendReverse ProfitStop LossStop MaxTrades Contracts MaxStop Use_MaxStop MaxTPRatio Use_MaxTP Long Short Reverse Use_Kill Kill_Profit_Stop Kill_Loss_Stop Show_Current_PNL Show_Stats_Box Image_Opacity Corner_Image Background_Image Bot_Name ),3660,13260,-9600,1.38125,-3560,76,0.25,
,1.38085327783559,True/2/0/3/0/8/185/300/False/False/1001/801/500/1/160/True/1.1/True/True/True/False/False/800/400/False/False/0.3/panthionIcon4.png/Oden2.png/PantheonMasterBotV01TesterV2 (Use_Time_Filter Start_Time_(HH) Start_Time_(mm) Duration_Time_(HH) Duration_Time_(mm) averageFast averageSlow averageTrend UseTrend UseTrendReverse ProfitStop LossStop MaxTrades Contracts MaxStop Use_MaxStop MaxTPRatio Use_MaxTP Long Short Reverse Use_Kill Kill_Profit_Stop Kill_Loss_Stop Show_Current_PNL Show_Stats_Box Image_Opacity Corner_Image Background_Image Bot_Name ),3660,13270,-9610,1.38085327783559,-2830,49,0.346938775510204,
,1.38058551617874,True/2/0/3/0/9/165/300/False/False/1001/801/500/1/160/True/1.6/True/True/True/False/False/800/400/False/False/0.3/panthionIcon4.png/Oden2.png/PantheonMasterBotV01TesterV2 (Use_Time_Filter Start_Time_(HH) Start_Time_(mm) Duration_Time_(HH) Duration_Time_(mm) averageFast averageSlow averageTrend UseTrend UseTrendReverse ProfitStop LossStop MaxTrades Contracts MaxStop Use_MaxStop MaxTPRatio Use_MaxTP Long Short Reverse Use_Kill Kill_Profit_Stop Kill_Loss_Stop Show_Current_PNL Show_Stats_Box Image_Opacity Corner_Image Background_Image Bot_Name ),3705,13440,-9735,1.38058551617874,-2955,48,0.3125,
,1.37982195845697,True/2/0/3/0/8/175/300/False/False/1001/801/500/1/160/True/1.6/True/True/False/False/False/800/400/False/False/0.3/panthionIcon4.png/Oden2.png/PantheonMasterBotV01TesterV2 (Use_Time_Filter Start_Time_(HH) Start_Time_(mm) Duration_Time_(HH) Duration_Time_(mm) averageFast averageSlow averageTrend UseTrend UseTrendReverse ProfitStop LossStop MaxTrades Contracts MaxStop Use_MaxStop MaxTPRatio Use_MaxTP Long Short Reverse Use_Kill Kill_Profit_Stop Kill_Loss_Stop Show_Current_PNL Show_Stats_Box Image_Opacity Corner_Image Background_Image Bot_Name ),2560,9300,-6740,1.37982195845697,-2530,20,0.45,
,1.37977296181631,True/2/0/3/0/7/165/300/False/False/1001/801/500/1/180/True/1.5/True/True/True/False/False/800/400/False/False/0.3/panthionIcon4.png/Oden2.png/PantheonMasterBotV01TesterV2 (Use_Time_Filter Start_Time_(HH) Start_Time_(mm) Duration_Time_(HH) Duration_Time_(mm) averageFast averageSlow averageTrend UseTrend UseTrendReverse ProfitStop LossStop MaxTrades Contracts MaxStop Use_MaxStop MaxTPRatio Use_MaxTP Long Short Reverse Use_Kill Kill_Profit_Stop Kill_Loss_Stop Show_Current_PNL Show_Stats_Box Image_Opacity Corner_Image Background_Image Bot_Name ),3680,13370,-9690,1.37977296181631,-2610,51,0.235294117647059,
,1.37846020761246,True/2/0/3/0/6/155/300/False/False/1001/801/500/1/140/True/1.6/True/True/True/False/False/800/400/False/False/0.3/panthionIcon4.png/Oden2.png/PantheonMasterBotV01TesterV2 (Use_Time_Filter Start_Time_(HH) Start_Time_(mm) Duration_Time_(HH) Duration_Time_(mm) averageFast averageSlow averageTrend UseTrend UseTrendReverse ProfitStop LossStop MaxTrades Contracts MaxStop Use_MaxStop MaxTPRatio Use_MaxTP Long Short Reverse Use_Kill Kill_Profit_Stop Kill_Loss_Stop Show_Current_PNL Show_Stats_Box Image_Opacity Corner_Image Background_Image Bot_Name ),4375,15935,-11560,1.37846020761246,-4365,58,0.310344827586207,
,1.37845057880677,True/2/0/3/0/5/195/300/False/False/1001/801/500/1/180/True/1.4/True/False/True/False/False/800/400/False/False/0.3/panthionIcon4.png/Oden2.png/PantheonMasterBotV01TesterV2 (Use_Time_Filter Start_Time_(HH) Start_Time_(mm) Duration_Time_(HH) Duration_Time_(mm) averageFast averageSlow averageTrend UseTrend UseTrendReverse ProfitStop LossStop MaxTrades Contracts MaxStop Use_MaxStop MaxTPRatio Use_MaxTP Long Short Reverse Use_Kill Kill_Profit_Stop Kill_Loss_Stop Show_Current_PNL Show_Stats_Box Image_Opacity Corner_Image Background_Image Bot_Name ),2125,7740,-5615,1.37845057880677,-2390,18,0.444444444444444,
,1.378125,True/2/0/3/0/4/185/300/False/False/1001/801/500/1/140/True/1.4/True/False/True/False/False/800/400/False/False/0.3/panthionIcon4.png/Oden2.png/PantheonMasterBotV01TesterV2 (Use_Time_Filter Start_Time_(HH) Start_Time_(mm) Duration_Time_(HH) Duration_Time_(mm) averageFast averageSlow averageTrend UseTrend UseTrendReverse ProfitStop LossStop MaxTrades Contracts MaxStop Use_MaxStop MaxTPRatio Use_MaxTP Long Short Reverse Use_Kill Kill_Profit_Stop Kill_Loss_Stop Show_Current_PNL Show_Stats_Box Image_Opacity Corner_Image Background_Image Bot_Name ),2420,8820,-6400,1.378125,-2100,22,0.409090909090909,
,1.37800154918668,True/2/0/3/0/10/175/300/False/False/1001/801/500/1/140/True/1.4/True/False/True/False/False/800/400/False/False/0.3/panthionIcon4.png/Oden2.png/PantheonMasterBotV01TesterV2 (Use_Time_Filter Start_Time_(HH) Start_Time_(mm) Duration_Time_(HH) Duration_Time_(mm) averageFast averageSlow averageTrend UseTrend UseTrendReverse ProfitStop LossStop MaxTrades Contracts MaxStop Use_MaxStop MaxTPRatio Use_MaxTP Long Short Reverse Use_Kill Kill_Profit_Stop Kill_Loss_Stop Show_Current_PNL Show_Stats_Box Image_Opacity Corner_Image Background_Image Bot_Name ),2440,8895,-6455,1.37800154918668,-2485,22,0.454545454545455,
,1.37784090909091,True/2/0/3/0/10/175/300/False/False/1001/801/500/1/160/True/1.7/True/False/True/False/False/800/400/False/False/0.3/panthionIcon4.png/Oden2.png/PantheonMasterBotV01TesterV2 (Use_Time_Filter Start_Time_(HH) Start_Time_(mm) Duration_Time_(HH) Duration_Time_(mm) averageFast averageSlow averageTrend UseTrend UseTrendReverse ProfitStop LossStop MaxTrades Contracts MaxStop Use_MaxStop MaxTPRatio Use_MaxTP Long Short Reverse Use_Kill Kill_Profit_Stop Kill_Loss_Stop Show_Current_PNL Show_Stats_Box Image_Opacity Corner_Image Background_Image Bot_Name ),2660,9700,-7040,1.37784090909091,-2455,21,0.476190476190476,
,1.3777441332324,True/2/0/3/0/6/175/300/False/False/1001/801/500/1/140/True/1.3/True/False/True/False/False/800/400/False/False/0.3/panthionIcon4.png/Oden2.png/PantheonMasterBotV01TesterV2 (Use_Time_Filter Start_Time_(HH) Start_Time_(mm) Duration_Time_(HH) Duration_Time_(mm) averageFast averageSlow averageTrend UseTrend UseTrendReverse ProfitStop LossStop MaxTrades Contracts MaxStop Use_MaxStop MaxTPRatio Use_MaxTP Long Short Reverse Use_Kill Kill_Profit_Stop Kill_Loss_Stop Show_Current_PNL Show_Stats_Box Image_Opacity Corner_Image Background_Image Bot_Name ),2495,9100,-6605,1.3777441332324,-2100,22,0.454545454545455,
,1.37734241908007,True/2/0/3/0/10/185/300/False/False/1001/801/500/1/180/True/1.1/True/False/True/False/False/800/400/False/False/0.3/panthionIcon4.png/Oden2.png/PantheonMasterBotV01TesterV2 (Use_Time_Filter Start_Time_(HH) Start_Time_(mm) Duration_Time_(HH) Duration_Time_(mm) averageFast averageSlow averageTrend UseTrend UseTrendReverse ProfitStop LossStop MaxTrades Contracts MaxStop Use_MaxStop MaxTPRatio Use_MaxTP Long Short Reverse Use_Kill Kill_Profit_Stop Kill_Loss_Stop Show_Current_PNL Show_Stats_Box Image_Opacity Corner_Image Background_Image Bot_Name ),2215,8085,-5870,1.37734241908007,-2510,18,0.5,
,1.37724550898204,True/2/0/3/0/6/165/300/False/False/1001/801/500/1/180/True/1.7/True/True/True/False/False/800/400/False/False/0.3/panthionIcon4.png/Oden2.png/PantheonMasterBotV01TesterV2 (Use_Time_Filter Start_Time_(HH) Start_Time_(mm) Duration_Time_(HH) Duration_Time_(mm) averageFast averageSlow averageTrend UseTrend UseTrendReverse ProfitStop LossStop MaxTrades Contracts MaxStop Use_MaxStop MaxTPRatio Use_MaxTP Long Short Reverse Use_Kill Kill_Profit_Stop Kill_Loss_Stop Show_Current_PNL Show_Stats_Box Image_Opacity Corner_Image Background_Image Bot_Name ),4095,14950,-10855,1.37724550898204,-3280,57,0.245614035087719,
,1.37692690203879,True/2/0/3/0/6/165/300/False/False/1001/801/500/1/140/True/1.3/True/True/True/False/False/800/400/False/False/0.3/panthionIcon4.png/Oden2.png/PantheonMasterBotV01TesterV2 (Use_Time_Filter Start_Time_(HH) Start_Time_(mm) Duration_Time_(HH) Duration_Time_(mm) averageFast averageSlow averageTrend UseTrend UseTrendReverse ProfitStop LossStop MaxTrades Contracts MaxStop Use_MaxStop MaxTPRatio Use_MaxTP Long Short Reverse Use_Kill Kill_Profit_Stop Kill_Loss_Stop Show_Current_PNL Show_Stats_Box Image_Opacity Corner_Image Background_Image Bot_Name ),3790,13845,-10055,1.37692690203879,-3300,56,0.303571428571429,
,1.37689133425034,True/2/0/3/0/9/165/300/False/False/1001/801/500/1/140/True/1.3/True/False/True/False/False/800/400/False/False/0.3/panthionIcon4.png/Oden2.png/PantheonMasterBotV01TesterV2 (Use_Time_Filter Start_Time_(HH) Start_Time_(mm) Duration_Time_(HH) Duration_Time_(mm) averageFast averageSlow averageTrend UseTrend UseTrendReverse ProfitStop LossStop MaxTrades Contracts MaxStop Use_MaxStop MaxTPRatio Use_MaxTP Long Short Reverse Use_Kill Kill_Profit_Stop Kill_Loss_Stop Show_Current_PNL Show_Stats_Box Image_Opacity Corner_Image Background_Image Bot_Name ),2740,10010,-7270,1.37689133425034,-2100,24,0.458333333333333,
,1.3765625,True/2/0/3/0/3/175/300/False/False/1001/801/500/1/180/True/1.5/True/True/True/False/False/800/400/False/False/0.3/panthionIcon4.png/Oden2.png/PantheonMasterBotV01TesterV2 (Use_Time_Filter Start_Time_(HH) Start_Time_(mm) Duration_Time_(HH) Duration_Time_(mm) averageFast averageSlow averageTrend UseTrend UseTrendReverse ProfitStop LossStop MaxTrades Contracts MaxStop Use_MaxStop MaxTPRatio Use_MaxTP Long Short Reverse Use_Kill Kill_Profit_Stop Kill_Loss_Stop Show_Current_PNL Show_Stats_Box Image_Opacity Corner_Image Background_Image Bot_Name ),3615,13215,-9600,1.3765625,-3725,76,0.25,
,1.37608695652174,True/2/0/3/0/9/185/300/False/False/1001/801/500/1/160/True/1.6/True/True/True/False/False/800/400/False/False/0.3/panthionIcon4.png/Oden2.png/PantheonMasterBotV01TesterV2 (Use_Time_Filter Start_Time_(HH) Start_Time_(mm) Duration_Time_(HH) Duration_Time_(mm) averageFast averageSlow averageTrend UseTrend UseTrendReverse ProfitStop LossStop MaxTrades Contracts MaxStop Use_MaxStop MaxTPRatio Use_MaxTP Long Short Reverse Use_Kill Kill_Profit_Stop Kill_Loss_Stop Show_Current_PNL Show_Stats_Box Image_Opacity Corner_Image Background_Image Bot_Name ),3460,12660,-9200,1.37608695652174,-3135,47,0.340425531914894,
,1.37506284565108,True/2/0/3/0/7/165/300/False/False/1001/801/500/1/160/True/1.4/True/True/True/False/False/800/400/False/False/0.3/panthionIcon4.png/Oden2.png/PantheonMasterBotV01TesterV2 (Use_Time_Filter Start_Time_(HH) Start_Time_(mm) Duration_Time_(HH) Duration_Time_(mm) averageFast averageSlow averageTrend UseTrend UseTrendReverse ProfitStop LossStop MaxTrades Contracts MaxStop Use_MaxStop MaxTPRatio Use_MaxTP Long Short Reverse Use_Kill Kill_Profit_Stop Kill_Loss_Stop Show_Current_PNL Show_Stats_Box Image_Opacity Corner_Image Background_Image Bot_Name ),3730,13675,-9945,1.37506284565108,-2750,52,0.25,
,1.37506284565108,True/2/0/3/0/7/165/300/False/False/1001/801/500/1/140/True/1.6/True/True/True/False/False/800/400/False/False/0.3/panthionIcon4.png/Oden2.png/PantheonMasterBotV01TesterV2 (Use_Time_Filter Start_Time_(HH) Start_Time_(mm) Duration_Time_(HH) Duration_Time_(mm) averageFast averageSlow averageTrend UseTrend UseTrendReverse ProfitStop LossStop MaxTrades Contracts MaxStop Use_MaxStop MaxTPRatio Use_MaxTP Long Short Reverse Use_Kill Kill_Profit_Stop Kill_Loss_Stop Show_Current_PNL Show_Stats_Box Image_Opacity Corner_Image Background_Image Bot_Name ),3730,13675,-9945,1.37506284565108,-2750,52,0.25,
,1.375,True/2/0/3/0/10/155/300/False/False/1001/801/500/1/140/True/1.5/True/True/True/False/False/800/400/False/False/0.3/panthionIcon4.png/Oden2.png/PantheonMasterBotV01TesterV2 (Use_Time_Filter Start_Time_(HH) Start_Time_(mm) Duration_Time_(HH) Duration_Time_(mm) averageFast averageSlow averageTrend UseTrend UseTrendReverse ProfitStop LossStop MaxTrades Contracts MaxStop Use_MaxStop MaxTPRatio Use_MaxTP Long Short Reverse Use_Kill Kill_Profit_Stop Kill_Loss_Stop Show_Current_PNL Show_Stats_Box Image_Opacity Corner_Image Background_Image Bot_Name ),3810,13970,-10160,1.375,-3205,47,0.425531914893617,
,1.37460650577125,True/2/0/3/0/9/185/300/False/False/1001/801/500/1/180/True/1.6/True/True/True/False/False/800/400/False/False/0.3/panthionIcon4.png/Oden2.png/PantheonMasterBotV01TesterV2 (Use_Time_Filter Start_Time_(HH) Start_Time_(mm) Duration_Time_(HH) Duration_Time_(mm) averageFast averageSlow averageTrend UseTrend UseTrendReverse ProfitStop LossStop MaxTrades Contracts MaxStop Use_MaxStop MaxTPRatio Use_MaxTP Long Short Reverse Use_Kill Kill_Profit_Stop Kill_Loss_Stop Show_Current_PNL Show_Stats_Box Image_Opacity Corner_Image Background_Image Bot_Name ),3570,13100,-9530,1.37460650577125,-3135,46,0.326086956521739,
,1.37397034596376,True/2/0/3/0/8/195/300/False/False/1001/801/500/1/160/True/1.7/True/False/True/False/False/800/400/False/False/0.3/panthionIcon4.png/Oden2.png/PantheonMasterBotV01TesterV2 (Use_Time_Filter Start_Time_(HH) Start_Time_(mm) Duration_Time_(HH) Duration_Time_(mm) averageFast averageSlow averageTrend UseTrend UseTrendReverse ProfitStop LossStop MaxTrades Contracts MaxStop Use_MaxStop MaxTPRatio Use_MaxTP Long Short Reverse Use_Kill Kill_Profit_Stop Kill_Loss_Stop Show_Current_PNL Show_Stats_Box Image_Opacity Corner_Image Background_Image Bot_Name ),2270,8340,-6070,1.37397034596376,-2290,18,0.388888888888889,
,1.37347294938918,True/2/0/3/0/8/175/300/False/False/1001/801/500/1/180/True/1.4/True/True/False/False/False/800/400/False/False/0.3/panthionIcon4.png/Oden2.png/PantheonMasterBotV01TesterV2 (Use_Time_Filter Start_Time_(HH) Start_Time_(mm) Duration_Time_(HH) Duration_Time_(mm) averageFast averageSlow averageTrend UseTrend UseTrendReverse ProfitStop LossStop MaxTrades Contracts MaxStop Use_MaxStop MaxTPRatio Use_MaxTP Long Short Reverse Use_Kill Kill_Profit_Stop Kill_Loss_Stop Show_Current_PNL Show_Stats_Box Image_Opacity Corner_Image Background_Image Bot_Name ),2140,7870,-5730,1.37347294938918,-2960,17,0.470588235294118,
,1.37344720496894,True/2/0/3/0/10/175/300/False/False/1001/801/500/1/160/True/1.6/True/True/False/False/False/800/400/False/False/0.3/panthionIcon4.png/Oden2.png/PantheonMasterBotV01TesterV2 (Use_Time_Filter Start_Time_(HH) Start_Time_(mm) Duration_Time_(HH) Duration_Time_(mm) averageFast averageSlow averageTrend UseTrend UseTrendReverse ProfitStop LossStop MaxTrades Contracts MaxStop Use_MaxStop MaxTPRatio Use_MaxTP Long Short Reverse Use_Kill Kill_Profit_Stop Kill_Loss_Stop Show_Current_PNL Show_Stats_Box Image_Opacity Corner_Image Background_Image Bot_Name ),2405,8845,-6440,1.37344720496894,-2995,20,0.5,
,1.37318255250404,True/2/0/3/0/10/185/300/False/False/1001/801/500/1/160/True/1.6/True/True/False/False/False/800/400/False/False/0.3/panthionIcon4.png/Oden2.png/PantheonMasterBotV01TesterV2 (Use_Time_Filter Start_Time_(HH) Start_Time_(mm) Duration_Time_(HH) Duration_Time_(mm) averageFast averageSlow averageTrend UseTrend UseTrendReverse ProfitStop LossStop MaxTrades Contracts MaxStop Use_MaxStop MaxTPRatio Use_MaxTP Long Short Reverse Use_Kill Kill_Profit_Stop Kill_Loss_Stop Show_Current_PNL Show_Stats_Box Image_Opacity Corner_Image Background_Image Bot_Name ),2310,8500,-6190,1.37318255250404,-2750,18,0.5,
,1.37314662273476,True/2/0/3/0/10/165/300/False/False/1001/801/500/1/160/True/1.6/True/True/False/False/False/800/400/False/False/0.3/panthionIcon4.png/Oden2.png/PantheonMasterBotV01TesterV2 (Use_Time_Filter Start_Time_(HH) Start_Time_(mm) Duration_Time_(HH) Duration_Time_(mm) averageFast averageSlow averageTrend UseTrend UseTrendReverse ProfitStop LossStop MaxTrades Contracts MaxStop Use_MaxStop MaxTPRatio Use_MaxTP Long Short Reverse Use_Kill Kill_Profit_Stop Kill_Loss_Stop Show_Current_PNL Show_Stats_Box Image_Opacity Corner_Image Background_Image Bot_Name ),2265,8335,-6070,1.37314662273476,-2655,19,0.473684210526316,
,1.37254901960784,True/2/0/3/0/7/165/300/False/False/1001/801/500/1/140/True/1.5/True/True/True/False/False/800/400/False/False/0.3/panthionIcon4.png/Oden2.png/PantheonMasterBotV01TesterV2 (Use_Time_Filter Start_Time_(HH) Start_Time_(mm) Duration_Time_(HH) Duration_Time_(mm) averageFast averageSlow averageTrend UseTrend UseTrendReverse ProfitStop LossStop MaxTrades Contracts MaxStop Use_MaxStop MaxTPRatio Use_MaxTP Long Short Reverse Use_Kill Kill_Profit_Stop Kill_Loss_Stop Show_Current_PNL Show_Stats_Box Image_Opacity Corner_Image Background_Image Bot_Name ),3705,13650,-9945,1.37254901960784,-2960,52,0.25,
,1.37254901960784,True/2/0/3/0/7/195/300/False/False/1001/801/500/1/140/True/1.1/True/False/True/False/False/800/400/False/False/0.3/panthionIcon4.png/Oden2.png/PantheonMasterBotV01TesterV2 (Use_Time_Filter Start_Time_(HH) Start_Time_(mm) Duration_Time_(HH) Duration_Time_(mm) averageFast averageSlow averageTrend UseTrend UseTrendReverse ProfitStop LossStop MaxTrades Contracts MaxStop Use_MaxStop MaxTPRatio Use_MaxTP Long Short Reverse Use_Kill Kill_Profit_Stop Kill_Loss_Stop Show_Current_PNL Show_Stats_Box Image_Opacity Corner_Image Background_Image Bot_Name ),2090,7700,-5610,1.37254901960784,-1585,20,0.5,
,1.37248028045574,True/2/0/3/0/7/175/300/False/False/1001/801/500/1/140/True/1.1/True/False/True/False/False/800/400/False/False/0.3/panthionIcon4.png/Oden2.png/PantheonMasterBotV01TesterV2 (Use_Time_Filter Start_Time_(HH) Start_Time_(mm) Duration_Time_(HH) Duration_Time_(mm) averageFast averageSlow averageTrend UseTrend UseTrendReverse ProfitStop LossStop MaxTrades Contracts MaxStop Use_MaxStop MaxTPRatio Use_MaxTP Long Short Reverse Use_Kill Kill_Profit_Stop Kill_Loss_Stop Show_Current_PNL Show_Stats_Box Image_Opacity Corner_Image Background_Image Bot_Name ),2125,7830,-5705,1.37248028045574,-1725,21,0.523809523809524,
,1.37212863705972,True/2/0/3/0/7/165/300/False/False/1001/801/500/1/140/True/1.2/True/True/True/False/False/800/400/False/False/0.3/panthionIcon4.png/Oden2.png/PantheonMasterBotV01TesterV2 (Use_Time_Filter Start_Time_(HH) Start_Time_(mm) Duration_Time_(HH) Duration_Time_(mm) averageFast averageSlow averageTrend UseTrend UseTrendReverse ProfitStop LossStop MaxTrades Contracts MaxStop Use_MaxStop MaxTPRatio Use_MaxTP Long Short Reverse Use_Kill Kill_Profit_Stop Kill_Loss_Stop Show_Current_PNL Show_Stats_Box Image_Opacity Corner_Image Background_Image Bot_Name ),3645,13440,-9795,1.37212863705972,-2640,54,0.296296296296296,
,1.37159676232524,True/2/0/3/0/2/195/300/False/False/1001/801/500/1/140/True/1.3/True/False/True/False/False/800/400/False/False/0.3/panthionIcon4.png/Oden2.png/PantheonMasterBotV01TesterV2 (Use_Time_Filter Start_Time_(HH) Start_Time_(mm) Duration_Time_(HH) Duration_Time_(mm) averageFast averageSlow averageTrend UseTrend UseTrendReverse ProfitStop LossStop MaxTrades Contracts MaxStop Use_MaxStop MaxTPRatio Use_MaxTP Long Short Reverse Use_Kill Kill_Profit_Stop Kill_Loss_Stop Show_Current_PNL Show_Stats_Box Image_Opacity Corner_Image Background_Image Bot_Name ),2525,9320,-6795,1.37159676232524,-2345,24,0.5,
,1.37158852344297,True/2/0/3/0/7/165/300/False/False/1001/801/500/1/140/True/1.4/True/False/True/False/False/800/400/False/False/0.3/panthionIcon4.png/Oden2.png/PantheonMasterBotV01TesterV2 (Use_Time_Filter Start_Time_(HH) Start_Time_(mm) Duration_Time_(HH) Duration_Time_(mm) averageFast averageSlow averageTrend UseTrend UseTrendReverse ProfitStop LossStop MaxTrades Contracts MaxStop Use_MaxStop MaxTPRatio Use_MaxTP Long Short Reverse Use_Kill Kill_Profit_Stop Kill_Loss_Stop Show_Current_PNL Show_Stats_Box Image_Opacity Corner_Image Background_Image Bot_Name ),2655,9800,-7145,1.37158852344297,-2245,23,0.434782608695652,
,1.37142857142857,True/2/0/3/0/9/185/300/False/False/1001/801/500/1/140/True/1.7/True/True/True/False/False/800/400/False/False/0.3/panthionIcon4.png/Oden2.png/PantheonMasterBotV01TesterV2 (Use_Time_Filter Start_Time_(HH) Start_Time_(mm) Duration_Time_(HH) Duration_Time_(mm) averageFast averageSlow averageTrend UseTrend UseTrendReverse ProfitStop LossStop MaxTrades Contracts MaxStop Use_MaxStop MaxTPRatio Use_MaxTP Long Short Reverse Use_Kill Kill_Profit_Stop Kill_Loss_Stop Show_Current_PNL Show_Stats_Box Image_Opacity Corner_Image Background_Image Bot_Name ),3380,12480,-9100,1.37142857142857,-3135,47,0.340425531914894,
,1.36968215158924,True/2/0/3/0/3/165/300/False/False/1001/801/500/1/140/True/1.1/True/True/True/False/False/800/400/False/False/0.3/panthionIcon4.png/Oden2.png/PantheonMasterBotV01TesterV2 (Use_Time_Filter Start_Time_(HH) Start_Time_(mm) Duration_Time_(HH) Duration_Time_(mm) averageFast averageSlow averageTrend UseTrend UseTrendReverse ProfitStop LossStop MaxTrades Contracts MaxStop Use_MaxStop MaxTPRatio Use_MaxTP Long Short Reverse Use_Kill Kill_Profit_Stop Kill_Loss_Stop Show_Current_PNL Show_Stats_Box Image_Opacity Corner_Image Background_Image Bot_Name ),3780,14005,-10225,1.36968215158924,-1950,83,0.265060240963855,
,1.36966580976864,True/2/0/3/0/10/165/300/False/False/1001/801/500/1/180/True/1.5/True/True/True/False/False/800/400/False/False/0.3/panthionIcon4.png/Oden2.png/PantheonMasterBotV01TesterV2 (Use_Time_Filter Start_Time_(HH) Start_Time_(mm) Duration_Time_(HH) Duration_Time_(mm) averageFast averageSlow averageTrend UseTrend UseTrendReverse ProfitStop LossStop MaxTrades Contracts MaxStop Use_MaxStop MaxTPRatio Use_MaxTP Long Short Reverse Use_Kill Kill_Profit_Stop Kill_Loss_Stop Show_Current_PNL Show_Stats_Box Image_Opacity Corner_Image Background_Image Bot_Name ),3595,13320,-9725,1.36966580976864,-2645,45,0.355555555555556,
,1.3693754197448,True/2/0/3/0/4/175/300/False/False/1001/801/500/1/140/True/1.6/True/False/True/False/False/800/400/False/False/0.3/panthionIcon4.png/Oden2.png/PantheonMasterBotV01TesterV2 (Use_Time_Filter Start_Time_(HH) Start_Time_(mm) Duration_Time_(HH) Duration_Time_(mm) averageFast averageSlow averageTrend UseTrend UseTrendReverse ProfitStop LossStop MaxTrades Contracts MaxStop Use_MaxStop MaxTPRatio Use_MaxTP Long Short Reverse Use_Kill Kill_Profit_Stop Kill_Loss_Stop Show_Current_PNL Show_Stats_Box Image_Opacity Corner_Image Background_Image Bot_Name ),2750,10195,-7445,1.3693754197448,-2795,23,0.478260869565217,
,1.36919315403423,True/2/0/3/0/9/195/300/False/False/1001/801/500/1/140/True/1.5/True/False/True/False/False/800/400/False/False/0.3/panthionIcon4.png/Oden2.png/PantheonMasterBotV01TesterV2 (Use_Time_Filter Start_Time_(HH) Start_Time_(mm) Duration_Time_(HH) Duration_Time_(mm) averageFast averageSlow averageTrend UseTrend UseTrendReverse ProfitStop LossStop MaxTrades Contracts MaxStop Use_MaxStop MaxTPRatio Use_MaxTP Long Short Reverse Use_Kill Kill_Profit_Stop Kill_Loss_Stop Show_Current_PNL Show_Stats_Box Image_Opacity Corner_Image Background_Image Bot_Name ),2265,8400,-6135,1.36919315403423,-2285,19,0.421052631578947,
,1.36902050113895,True/2/0/3/0/3/175/300/False/False/1001/801/500/1/140/True/1.4/True/False/True/False/False/800/400/False/False/0.3/panthionIcon4.png/Oden2.png/PantheonMasterBotV01TesterV2 (Use_Time_Filter Start_Time_(HH) Start_Time_(mm) Duration_Time_(HH) Duration_Time_(mm) averageFast averageSlow averageTrend UseTrend UseTrendReverse ProfitStop LossStop MaxTrades Contracts MaxStop Use_MaxStop MaxTPRatio Use_MaxTP Long Short Reverse Use_Kill Kill_Profit_Stop Kill_Loss_Stop Show_Current_PNL Show_Stats_Box Image_Opacity Corner_Image Background_Image Bot_Name ),2430,9015,-6585,1.36902050113895,-2100,23,0.478260869565217,
,1.3688446969697,True/2/0/3/0/3/195/300/False/False/1001/801/500/1/180/True/1.3/True/True/True/False/False/800/400/False/False/0.3/panthionIcon4.png/Oden2.png/PantheonMasterBotV01TesterV2 (Use_Time_Filter Start_Time_(HH) Start_Time_(mm) Duration_Time_(HH) Duration_Time_(mm) averageFast averageSlow averageTrend UseTrend UseTrendReverse ProfitStop LossStop MaxTrades Contracts MaxStop Use_MaxStop MaxTPRatio Use_MaxTP Long Short Reverse Use_Kill Kill_Profit_Stop Kill_Loss_Stop Show_Current_PNL Show_Stats_Box Image_Opacity Corner_Image Background_Image Bot_Name ),3895,14455,-10560,1.3688446969697,-3325,82,0.195121951219512,
,1.3683257918552,True/2/0/3/0/5/195/300/False/False/1001/801/500/1/140/True/1.2/True/False/True/False/False/800/400/False/False/0.3/panthionIcon4.png/Oden2.png/PantheonMasterBotV01TesterV2 (Use_Time_Filter Start_Time_(HH) Start_Time_(mm) Duration_Time_(HH) Duration_Time_(mm) averageFast averageSlow averageTrend UseTrend UseTrendReverse ProfitStop LossStop MaxTrades Contracts MaxStop Use_MaxStop MaxTPRatio Use_MaxTP Long Short Reverse Use_Kill Kill_Profit_Stop Kill_Loss_Stop Show_Current_PNL Show_Stats_Box Image_Opacity Corner_Image Background_Image Bot_Name ),2035,7560,-5525,1.3683257918552,-1400,20,0.45,
,1.36816269284712,True/2/0/3/0/10/175/300/False/False/1001/801/500/1/160/True/1.1/True/False/True/False/False/800/400/False/False/0.3/panthionIcon4.png/Oden2.png/PantheonMasterBotV01TesterV2 (Use_Time_Filter Start_Time_(HH) Start_Time_(mm) Duration_Time_(HH) Duration_Time_(mm) averageFast averageSlow averageTrend UseTrend UseTrendReverse ProfitStop LossStop MaxTrades Contracts MaxStop Use_MaxStop MaxTPRatio Use_MaxTP Long Short Reverse Use_Kill Kill_Profit_Stop Kill_Loss_Stop Show_Current_PNL Show_Stats_Box Image_Opacity Corner_Image Background_Image Bot_Name ),2625,9755,-7130,1.36816269284712,-1630,23,0.521739130434783,
,1.368,True/2/0/3/0/9/185/300/False/False/1001/801/500/1/140/True/1.2/True/False/True/False/False/800/400/False/False/0.3/panthionIcon4.png/Oden2.png/PantheonMasterBotV01TesterV2 (Use_Time_Filter Start_Time_(HH) Start_Time_(mm) Duration_Time_(HH) Duration_Time_(mm) averageFast averageSlow averageTrend UseTrend UseTrendReverse ProfitStop LossStop MaxTrades Contracts MaxStop Use_MaxStop MaxTPRatio Use_MaxTP Long Short Reverse Use_Kill Kill_Profit_Stop Kill_Loss_Stop Show_Current_PNL Show_Stats_Box Image_Opacity Corner_Image Background_Image Bot_Name ),2300,8550,-6250,1.368,-1615,22,0.5,
,1.36753648827952,True/2/0/3/0/9/155/300/False/False/1001/801/500/1/140/True/1.4/True/True/True/False/False/800/400/False/False/0.3/panthionIcon4.png/Oden2.png/PantheonMasterBotV01TesterV2 (Use_Time_Filter Start_Time_(HH) Start_Time_(mm) Duration_Time_(HH) Duration_Time_(mm) averageFast averageSlow averageTrend UseTrend UseTrendReverse ProfitStop LossStop MaxTrades Contracts MaxStop Use_MaxStop MaxTPRatio Use_MaxTP Long Short Reverse Use_Kill Kill_Profit_Stop Kill_Loss_Stop Show_Current_PNL Show_Stats_Box Image_Opacity Corner_Image Background_Image Bot_Name ),4155,15460,-11305,1.36753648827952,-2755,55,0.309090909090909,
,1.36739130434783,True/2/0/3/0/9/185/300/False/False/1001/801/500/1/160/True/1.5/True/True/True/False/False/800/400/False/False/0.3/panthionIcon4.png/Oden2.png/PantheonMasterBotV01TesterV2 (Use_Time_Filter Start_Time_(HH) Start_Time_(mm) Duration_Time_(HH) Duration_Time_(mm) averageFast averageSlow averageTrend UseTrend UseTrendReverse ProfitStop LossStop MaxTrades Contracts MaxStop Use_MaxStop MaxTPRatio Use_MaxTP Long Short Reverse Use_Kill Kill_Profit_Stop Kill_Loss_Stop Show_Current_PNL Show_Stats_Box Image_Opacity Corner_Image Background_Image Bot_Name ),3380,12580,-9200,1.36739130434783,-3135,47,0.340425531914894,
,1.36710650329877,True/2/0/3/0/3/195/300/False/False/1001/801/500/1/180/True/1.5/True/True/True/False/False/800/400/False/False/0.3/panthionIcon4.png/Oden2.png/PantheonMasterBotV01TesterV2 (Use_Time_Filter Start_Time_(HH) Start_Time_(mm) Duration_Time_(HH) Duration_Time_(mm) averageFast averageSlow averageTrend UseTrend UseTrendReverse ProfitStop LossStop MaxTrades Contracts MaxStop Use_MaxStop MaxTPRatio Use_MaxTP Long Short Reverse Use_Kill Kill_Profit_Stop Kill_Loss_Stop Show_Current_PNL Show_Stats_Box Image_Opacity Corner_Image Background_Image Bot_Name ),3895,14505,-10610,1.36710650329877,-3145,82,0.182926829268293,
,1.36649659863946,True/2/0/3/0/8/185/300/False/False/1001/801/500/1/160/True/1.5/True/True/False/False/False/800/400/False/False/0.3/panthionIcon4.png/Oden2.png/PantheonMasterBotV01TesterV2 (Use_Time_Filter Start_Time_(HH) Start_Time_(mm) Duration_Time_(HH) Duration_Time_(mm) averageFast averageSlow averageTrend UseTrend UseTrendReverse ProfitStop LossStop MaxTrades Contracts MaxStop Use_MaxStop MaxTPRatio Use_MaxTP Long Short Reverse Use_Kill Kill_Profit_Stop Kill_Loss_Stop Show_Current_PNL Show_Stats_Box Image_Opacity Corner_Image Background_Image Bot_Name ),2155,8035,-5880,1.36649659863946,-2565,20,0.5,
,1.36618521665251,True/2/0/3/0/7/175/300/False/False/1001/801/500/1/140/True/1.4/True/False/True/False/False/800/400/False/False/0.3/panthionIcon4.png/Oden2.png/PantheonMasterBotV01TesterV2 (Use_Time_Filter Start_Time_(HH) Start_Time_(mm) Duration_Time_(HH) Duration_Time_(mm) averageFast averageSlow averageTrend UseTrend UseTrendReverse ProfitStop LossStop MaxTrades Contracts MaxStop Use_MaxStop MaxTPRatio Use_MaxTP Long Short Reverse Use_Kill Kill_Profit_Stop Kill_Loss_Stop Show_Current_PNL Show_Stats_Box Image_Opacity Corner_Image Background_Image Bot_Name ),2155,8040,-5885,1.36618521665251,-2420,21,0.476190476190476,
,1.36616399622997,True/2/0/3/0/3/195/300/False/False/1001/801/500/1/160/True/1.6/True/True/True/False/False/800/400/False/False/0.3/panthionIcon4.png/Oden2.png/PantheonMasterBotV01TesterV2 (Use_Time_Filter Start_Time_(HH) Start_Time_(mm) Duration_Time_(HH) Duration_Time_(mm) averageFast averageSlow averageTrend UseTrend UseTrendReverse ProfitStop LossStop MaxTrades Contracts MaxStop Use_MaxStop MaxTPRatio Use_MaxTP Long Short Reverse Use_Kill Kill_Profit_Stop Kill_Loss_Stop Show_Current_PNL Show_Stats_Box Image_Opacity Corner_Image Background_Image Bot_Name ),3885,14495,-10610,1.36616399622997,-3215,82,0.182926829268293,
,1.36612903225806,True/2/0/3/0/7/155/300/False/False/1001/801/500/1/180/True/1.4/True/True/False/False/False/800/400/False/False/0.3/panthionIcon4.png/Oden2.png/PantheonMasterBotV01TesterV2 (Use_Time_Filter Start_Time_(HH) Start_Time_(mm) Duration_Time_(HH) Duration_Time_(mm) averageFast averageSlow averageTrend UseTrend UseTrendReverse ProfitStop LossStop MaxTrades Contracts MaxStop Use_MaxStop MaxTPRatio Use_MaxTP Long Short Reverse Use_Kill Kill_Profit_Stop Kill_Loss_Stop Show_Current_PNL Show_Stats_Box Image_Opacity Corner_Image Background_Image Bot_Name ),2270,8470,-6200,1.36612903225806,-3130,19,0.526315789473684,
,1.36573705179283,True/2/0/3/0/5/185/300/False/False/1001/801/500/1/160/True/1.5/True/False/True/False/False/800/400/False/False/0.3/panthionIcon4.png/Oden2.png/PantheonMasterBotV01TesterV2 (Use_Time_Filter Start_Time_(HH) Start_Time_(mm) Duration_Time_(HH) Duration_Time_(mm) averageFast averageSlow averageTrend UseTrend UseTrendReverse ProfitStop LossStop MaxTrades Contracts MaxStop Use_MaxStop MaxTPRatio Use_MaxTP Long Short Reverse Use_Kill Kill_Profit_Stop Kill_Loss_Stop Show_Current_PNL Show_Stats_Box Image_Opacity Corner_Image Background_Image Bot_Name ),2295,8570,-6275,1.36573705179283,-2510,21,0.380952380952381,
,1.36571008094187,True/2/0/3/0/2/195/300/False/False/1001/801/500/1/140/True/1.2/True/False/True/False/False/800/400/False/False/0.3/panthionIcon4.png/Oden2.png/PantheonMasterBotV01TesterV2 (Use_Time_Filter Start_Time_(HH) Start_Time_(mm) Duration_Time_(HH) Duration_Time_(mm) averageFast averageSlow averageTrend UseTrend UseTrendReverse ProfitStop LossStop MaxTrades Contracts MaxStop Use_MaxStop MaxTPRatio Use_MaxTP Long Short Reverse Use_Kill Kill_Profit_Stop Kill_Loss_Stop Show_Current_PNL Show_Stats_Box Image_Opacity Corner_Image Background_Image Bot_Name ),2485,9280,-6795,1.36571008094187,-2345,24,0.5,
,1.36513157894737,True/2/0/3/0/4/185/300/False/False/1001/801/500/1/180/True/1.5/True/False/True/False/False/800/400/False/False/0.3/panthionIcon4.png/Oden2.png/PantheonMasterBotV01TesterV2 (Use_Time_Filter Start_Time_(HH) Start_Time_(mm) Duration_Time_(HH) Duration_Time_(mm) averageFast averageSlow averageTrend UseTrend UseTrendReverse ProfitStop LossStop MaxTrades Contracts MaxStop Use_MaxStop MaxTPRatio Use_MaxTP Long Short Reverse Use_Kill Kill_Profit_Stop Kill_Loss_Stop Show_Current_PNL Show_Stats_Box Image_Opacity Corner_Image Background_Image Bot_Name ),2220,8300,-6080,1.36513157894737,-2750,20,0.35,
,1.36509146341463,True/2/0/3/0/3/175/300/False/False/1001/801/500/1/180/True/1.6/True/False/True/False/False/800/400/False/False/0.3/panthionIcon4.png/Oden2.png/PantheonMasterBotV01TesterV2 (Use_Time_Filter Start_Time_(HH) Start_Time_(mm) Duration_Time_(HH) Duration_Time_(mm) averageFast averageSlow averageTrend UseTrend UseTrendReverse ProfitStop LossStop MaxTrades Contracts MaxStop Use_MaxStop MaxTPRatio Use_MaxTP Long Short Reverse Use_Kill Kill_Profit_Stop Kill_Loss_Stop Show_Current_PNL Show_Stats_Box Image_Opacity Corner_Image Background_Image Bot_Name ),2395,8955,-6560,1.36509146341463,-2760,20,0.5,
,1.36486486486486,True/2/0/3/0/10/155/300/False/False/1001/801/500/1/160/True/1.2/True/True/True/False/False/800/400/False/False/0.3/panthionIcon4.png/Oden2.png/PantheonMasterBotV01TesterV2 (Use_Time_Filter Start_Time_(HH) Start_Time_(mm) Duration_Time_(HH) Duration_Time_(mm) averageFast averageSlow averageTrend UseTrend UseTrendReverse ProfitStop LossStop MaxTrades Contracts MaxStop Use_MaxStop MaxTPRatio Use_MaxTP Long Short Reverse Use_Kill Kill_Profit_Stop Kill_Loss_Stop Show_Current_PNL Show_Stats_Box Image_Opacity Corner_Image Background_Image Bot_Name ),4185,15655,-11470,1.36486486486486,-2030,54,0.407407407407407,
,1.36445536445536,True/2/0/3/0/10/195/300/False/False/1001/801/500/1/140/True/1.7/True/False/True/False/False/800/400/False/False/0.3/panthionIcon4.png/Oden2.png/PantheonMasterBotV01TesterV2 (Use_Time_Filter Start_Time_(HH) Start_Time_(mm) Duration_Time_(HH) Duration_Time_(mm) averageFast averageSlow averageTrend UseTrend UseTrendReverse ProfitStop LossStop MaxTrades Contracts MaxStop Use_MaxStop MaxTPRatio Use_MaxTP Long Short Reverse Use_Kill Kill_Profit_Stop Kill_Loss_Stop Show_Current_PNL Show_Stats_Box Image_Opacity Corner_Image Background_Image Bot_Name ),2225,8330,-6105,1.36445536445536,-2170,19,0.368421052631579,
,1.36424180327869,True/2/0/3/0/8/185/300/False/False/1001/801/500/1/160/True/1.7/True/True/True/False/False/800/400/False/False/0.3/panthionIcon4.png/Oden2.png/PantheonMasterBotV01TesterV2 (Use_Time_Filter Start_Time_(HH) Start_Time_(mm) Duration_Time_(HH) Duration_Time_(mm) averageFast averageSlow averageTrend UseTrend UseTrendReverse ProfitStop LossStop MaxTrades Contracts MaxStop Use_MaxStop MaxTPRatio Use_MaxTP Long Short Reverse Use_Kill Kill_Profit_Stop Kill_Loss_Stop Show_Current_PNL Show_Stats_Box Image_Opacity Corner_Image Background_Image Bot_Name ),3555,13315,-9760,1.36424180327869,-2390,47,0.276595744680851,
,1.36389684813754,True/2/0/3/0/8/165/300/False/False/1001/801/500/1/180/True/1.1/True/True/True/False/False/800/400/False/False/0.3/panthionIcon4.png/Oden2.png/PantheonMasterBotV01TesterV2 (Use_Time_Filter Start_Time_(HH) Start_Time_(mm) Duration_Time_(HH) Duration_Time_(mm) averageFast averageSlow averageTrend UseTrend UseTrendReverse ProfitStop LossStop MaxTrades Contracts MaxStop Use_MaxStop MaxTPRatio Use_MaxTP Long Short Reverse Use_Kill Kill_Profit_Stop Kill_Loss_Stop Show_Current_PNL Show_Stats_Box Image_Opacity Corner_Image Background_Image Bot_Name ),3810,14280,-10470,1.36389684813754,-3375,54,0.351851851851852,
,1.36388140161725,True/2/0/3/0/6/175/300/False/False/1001/801/500/1/180/True/1.7/True/True/False/False/False/800/400/False/False/0.3/panthionIcon4.png/Oden2.png/PantheonMasterBotV01TesterV2 (Use_Time_Filter Start_Time_(HH) Start_Time_(mm) Duration_Time_(HH) Duration_Time_(mm) averageFast averageSlow averageTrend UseTrend UseTrendReverse ProfitStop LossStop MaxTrades Contracts MaxStop Use_MaxStop MaxTPRatio Use_MaxTP Long Short Reverse Use_Kill Kill_Profit_Stop Kill_Loss_Stop Show_Current_PNL Show_Stats_Box Image_Opacity Corner_Image Background_Image Bot_Name ),2025,7590,-5565,1.36388140161725,-2855,17,0.529411764705882,
,1.36303191489362,True/2/0/3/0/3/165/300/False/False/1001/801/500/1/180/True/1.1/True/False/True/False/False/800/400/False/False/0.3/panthionIcon4.png/Oden2.png/PantheonMasterBotV01TesterV2 (Use_Time_Filter Start_Time_(HH) Start_Time_(mm) Duration_Time_(HH) Duration_Time_(mm) averageFast averageSlow averageTrend UseTrend UseTrendReverse ProfitStop LossStop MaxTrades Contracts MaxStop Use_MaxStop MaxTPRatio Use_MaxTP Long Short Reverse Use_Kill Kill_Profit_Stop Kill_Loss_Stop Show_Current_PNL Show_Stats_Box Image_Opacity Corner_Image Background_Image Bot_Name ),2730,10250,-7520,1.36303191489362,-2700,22,0.545454545454545,
,1.36267605633803,True/2/0/3/0/10/195/300/False/False/1001/801/500/1/180/True/1.2/True/False/True/False/False/800/400/False/False/0.3/panthionIcon4.png/Oden2.png/PantheonMasterBotV01TesterV2 (Use_Time_Filter Start_Time_(HH) Start_Time_(mm) Duration_Time_(HH) Duration_Time_(mm) averageFast averageSlow averageTrend UseTrend UseTrendReverse ProfitStop LossStop MaxTrades Contracts MaxStop Use_MaxStop MaxTPRatio Use_MaxTP Long Short Reverse Use_Kill Kill_Profit_Stop Kill_Loss_Stop Show_Current_PNL Show_Stats_Box Image_Opacity Corner_Image Background_Image Bot_Name ),2060,7740,-5680,1.36267605633803,-2570,17,0.470588235294118,
,1.36263736263736,True/2/0/3/0/9/185/300/False/False/1001/801/500/1/180/True/1.2/True/True/True/False/False/800/400/False/False/0.3/panthionIcon4.png/Oden2.png/PantheonMasterBotV01TesterV2 (Use_Time_Filter Start_Time_(HH) Start_Time_(mm) Duration_Time_(HH) Duration_Time_(mm) averageFast averageSlow averageTrend UseTrend UseTrendReverse ProfitStop LossStop MaxTrades Contracts MaxStop Use_MaxStop MaxTPRatio Use_MaxTP Long Short Reverse Use_Kill Kill_Profit_Stop Kill_Loss_Stop Show_Current_PNL Show_Stats_Box Image_Opacity Corner_Image Background_Image Bot_Name ),3300,12400,-9100,1.36263736263736,-3190,45,0.355555555555556,
,1.36218799787573,True/2/0/3/0/10/185/300/False/False/1001/801/500/1/180/True/1.4/True/True/True/False/False/800/400/False/False/0.3/panthionIcon4.png/Oden2.png/PantheonMasterBotV01TesterV2 (Use_Time_Filter Start_Time_(HH) Start_Time_(mm) Duration_Time_(HH) Duration_Time_(mm) averageFast averageSlow averageTrend UseTrend UseTrendReverse ProfitStop LossStop MaxTrades Contracts MaxStop Use_MaxStop MaxTPRatio Use_MaxTP Long Short Reverse Use_Kill Kill_Profit_Stop Kill_Loss_Stop Show_Current_PNL Show_Stats_Box Image_Opacity Corner_Image Background_Image Bot_Name ),3410,12825,-9415,1.36218799787573,-3060,44,0.318181818181818,
,1.36135770234987,True/2/0/3/0/9/195/300/False/False/1001/801/500/1/140/True/1.3/True/True/True/False/False/800/400/False/False/0.3/panthionIcon4.png/Oden2.png/PantheonMasterBotV01TesterV2 (Use_Time_Filter Start_Time_(HH) Start_Time_(mm) Duration_Time_(HH) Duration_Time_(mm) averageFast averageSlow averageTrend UseTrend UseTrendReverse ProfitStop LossStop MaxTrades Contracts MaxStop Use_MaxStop MaxTPRatio Use_MaxTP Long Short Reverse Use_Kill Kill_Profit_Stop Kill_Loss_Stop Show_Current_PNL Show_Stats_Box Image_Opacity Corner_Image Background_Image Bot_Name ),3460,13035,-9575,1.36135770234987,-3080,46,0.369565217391304,
,1.36096256684492,True/2/0/3/0/7/195/300/False/False/1001/801/500/1/140/True/1.2/True/False/True/False/False/800/400/False/False/0.3/panthionIcon4.png/Oden2.png/PantheonMasterBotV01TesterV2 (Use_Time_Filter Start_Time_(HH) Start_Time_(mm) Duration_Time_(HH) Duration_Time_(mm) averageFast averageSlow averageTrend UseTrend UseTrendReverse ProfitStop LossStop MaxTrades Contracts MaxStop Use_MaxStop MaxTPRatio Use_MaxTP Long Short Reverse Use_Kill Kill_Profit_Stop Kill_Loss_Stop Show_Current_PNL Show_Stats_Box Image_Opacity Corner_Image Background_Image Bot_Name ),2025,7635,-5610,1.36096256684492,-1445,20,0.5,
,1.36086956521739,True/2/0/3/0/9/185/300/False/False/1001/801/500/1/160/True/1.7/True/True/True/False/False/800/400/False/False/0.3/panthionIcon4.png/Oden2.png/PantheonMasterBotV01TesterV2 (Use_Time_Filter Start_Time_(HH) Start_Time_(mm) Duration_Time_(HH) Duration_Time_(mm) averageFast averageSlow averageTrend UseTrend UseTrendReverse ProfitStop LossStop MaxTrades Contracts MaxStop Use_MaxStop MaxTPRatio Use_MaxTP Long Short Reverse Use_Kill Kill_Profit_Stop Kill_Loss_Stop Show_Current_PNL Show_Stats_Box Image_Opacity Corner_Image Background_Image Bot_Name ),3320,12520,-9200,1.36086956521739,-3135,47,0.340425531914894,
,1.36049926578561,True/2/0/3/0/2/185/300/False/False/1001/801/500/1/180/True/1.7/True/False/True/False/False/800/400/False/False/0.3/panthionIcon4.png/Oden2.png/PantheonMasterBotV01TesterV2 (Use_Time_Filter Start_Time_(HH) Start_Time_(mm) Duration_Time_(HH) Duration_Time_(mm) averageFast averageSlow averageTrend UseTrend UseTrendReverse ProfitStop LossStop MaxTrades Contracts MaxStop Use_MaxStop MaxTPRatio Use_MaxTP Long Short Reverse Use_Kill Kill_Profit_Stop Kill_Loss_Stop Show_Current_PNL Show_Stats_Box Image_Opacity Corner_Image Background_Image Bot_Name ),2455,9265,-6810,1.36049926578561,-2825,20,0.4,
,1.36042944785276,True/2/0/3/0/3/175/300/False/False/1001/801/500/1/180/True/1.2/True/False/True/False/False/800/400/False/False/0.3/panthionIcon4.png/Oden2.png/PantheonMasterBotV01TesterV2 (Use_Time_Filter Start_Time_(HH) Start_Time_(mm) Duration_Time_(HH) Duration_Time_(mm) averageFast averageSlow averageTrend UseTrend UseTrendReverse ProfitStop LossStop MaxTrades Contracts MaxStop Use_MaxStop MaxTPRatio Use_MaxTP Long Short Reverse Use_Kill Kill_Profit_Stop Kill_Loss_Stop Show_Current_PNL Show_Stats_Box Image_Opacity Corner_Image Background_Image Bot_Name ),2350,8870,-6520,1.36042944785276,-2760,20,0.55,
,1.36039315617037,True/2/0/3/0/2/155/300/False/False/1001/801/500/1/160/True/1.1/True/True/True/False/False/800/400/False/False/0.3/panthionIcon4.png/Oden2.png/PantheonMasterBotV01TesterV2 (Use_Time_Filter Start_Time_(HH) Start_Time_(mm) Duration_Time_(HH) Duration_Time_(mm) averageFast averageSlow averageTrend UseTrend UseTrendReverse ProfitStop LossStop MaxTrades Contracts MaxStop Use_MaxStop MaxTPRatio Use_MaxTP Long Short Reverse Use_Kill Kill_Profit_Stop Kill_Loss_Stop Show_Current_PNL Show_Stats_Box Image_Opacity Corner_Image Background_Image Bot_Name ),4950,18685,-13735,1.36039315617037,-2275,111,0.225225225225225,
,1.35947712418301,True/2/0/3/0/7/165/300/False/False/1001/801/500/1/160/True/1.3/True/True/True/False/False/800/400/False/False/0.3/panthionIcon4.png/Oden2.png/PantheonMasterBotV01TesterV2 (Use_Time_Filter Start_Time_(HH) Start_Time_(mm) Duration_Time_(HH) Duration_Time_(mm) averageFast averageSlow averageTrend UseTrend UseTrendReverse ProfitStop LossStop MaxTrades Contracts MaxStop Use_MaxStop MaxTPRatio Use_MaxTP Long Short Reverse Use_Kill Kill_Profit_Stop Kill_Loss_Stop Show_Current_PNL Show_Stats_Box Image_Opacity Corner_Image Background_Image Bot_Name ),3575,13520,-9945,1.35947712418301,-2990,52,0.25,
,1.35938277750124,True/2/0/3/0/3/165/300/False/False/1001/801/500/1/180/True/1.4/True/True/True/False/False/800/400/False/False/0.3/panthionIcon4.png/Oden2.png/PantheonMasterBotV01TesterV2 (Use_Time_Filter Start_Time_(HH) Start_Time_(mm) Duration_Time_(HH) Duration_Time_(mm) averageFast averageSlow averageTrend UseTrend UseTrendReverse ProfitStop LossStop MaxTrades Contracts MaxStop Use_MaxStop MaxTPRatio Use_MaxTP Long Short Reverse Use_Kill Kill_Profit_Stop Kill_Loss_Stop Show_Current_PNL Show_Stats_Box Image_Opacity Corner_Image Background_Image Bot_Name ),3610,13655,-10045,1.35938277750124,-3395,78,0.256410256410256,
,1.35925925925926,True/2/0/3/0/2/175/300/False/False/1001/801/500/1/180/True/1.1/True/False/True/False/False/800/400/False/False/0.3/panthionIcon4.png/Oden2.png/PantheonMasterBotV01TesterV2 (Use_Time_Filter Start_Time_(HH) Start_Time_(mm) Duration_Time_(HH) Duration_Time_(mm) averageFast averageSlow averageTrend UseTrend UseTrendReverse ProfitStop LossStop MaxTrades Contracts MaxStop Use_MaxStop MaxTPRatio Use_MaxTP Long Short Reverse Use_Kill Kill_Profit_Stop Kill_Loss_Stop Show_Current_PNL Show_Stats_Box Image_Opacity Corner_Image Background_Image Bot_Name ),2425,9175,-6750,1.35925925925926,-2700,22,0.545454545454545,
,1.35914958238421,True/2/0/3/0/3/175/300/False/False/1001/801/500/1/160/True/1.1/True/False/True/False/False/800/400/False/False/0.3/panthionIcon4.png/Oden2.png/PantheonMasterBotV01TesterV2 (Use_Time_Filter Start_Time_(HH) Start_Time_(mm) Duration_Time_(HH) Duration_Time_(mm) averageFast averageSlow averageTrend UseTrend UseTrendReverse ProfitStop LossStop MaxTrades Contracts MaxStop Use_MaxStop MaxTPRatio Use_MaxTP Long Short Reverse Use_Kill Kill_Profit_Stop Kill_Loss_Stop Show_Current_PNL Show_Stats_Box Image_Opacity Corner_Image Background_Image Bot_Name ),2365,8950,-6585,1.35914958238421,-2400,23,0.521739130434783,
,1.35891812865497,True/2/0/3/0/2/185/300/False/False/1001/801/500/1/140/True/1.2/True/False/True/False/False/800/400/False/False/0.3/panthionIcon4.png/Oden2.png/PantheonMasterBotV01TesterV2 (Use_Time_Filter Start_Time_(HH) Start_Time_(mm) Duration_Time_(HH) Duration_Time_(mm) averageFast averageSlow averageTrend UseTrend UseTrendReverse ProfitStop LossStop MaxTrades Contracts MaxStop Use_MaxStop MaxTPRatio Use_MaxTP Long Short Reverse Use_Kill Kill_Profit_Stop Kill_Loss_Stop Show_Current_PNL Show_Stats_Box Image_Opacity Corner_Image Background_Image Bot_Name ),2455,9295,-6840,1.35891812865497,-2585,24,0.5,
,1.35848252344416,True/2/0/3/0/6/155/300/False/False/1001/801/500/1/160/True/1.4/True/True/True/False/False/800/400/False/False/0.3/panthionIcon4.png/Oden2.png/PantheonMasterBotV01TesterV2 (Use_Time_Filter Start_Time_(HH) Start_Time_(mm) Duration_Time_(HH) Duration_Time_(mm) averageFast averageSlow averageTrend UseTrend UseTrendReverse ProfitStop LossStop MaxTrades Contracts MaxStop Use_MaxStop MaxTPRatio Use_MaxTP Long Short Reverse Use_Kill Kill_Profit_Stop Kill_Loss_Stop Show_Current_PNL Show_Stats_Box Image_Opacity Corner_Image Background_Image Bot_Name ),4205,15935,-11730,1.35848252344416,-4535,58,0.310344827586207,
,1.3584,True/2/0/3/0/8/175/300/False/False/1001/801/500/1/140/True/1.7/True/False/True/False/False/800/400/False/False/0.3/panthionIcon4.png/Oden2.png/PantheonMasterBotV01TesterV2 (Use_Time_Filter Start_Time_(HH) Start_Time_(mm) Duration_Time_(HH) Duration_Time_(mm) averageFast averageSlow averageTrend UseTrend UseTrendReverse ProfitStop LossStop MaxTrades Contracts MaxStop Use_MaxStop MaxTPRatio Use_MaxTP Long Short Reverse Use_Kill Kill_Profit_Stop Kill_Loss_Stop Show_Current_PNL Show_Stats_Box Image_Opacity Corner_Image Background_Image Bot_Name ),2240,8490,-6250,1.3584,-2330,21,0.380952380952381,
,1.35754985754986,True/2/0/3/0/4/175/300/False/False/1001/801/500/1/160/True/1.3/True/False/True/False/False/800/400/False/False/0.3/panthionIcon4.png/Oden2.png/PantheonMasterBotV01TesterV2 (Use_Time_Filter Start_Time_(HH) Start_Time_(mm) Duration_Time_(HH) Duration_Time_(mm) averageFast averageSlow averageTrend UseTrend UseTrendReverse ProfitStop LossStop MaxTrades Contracts MaxStop Use_MaxStop MaxTPRatio Use_MaxTP Long Short Reverse Use_Kill Kill_Profit_Stop Kill_Loss_Stop Show_Current_PNL Show_Stats_Box Image_Opacity Corner_Image Background_Image Bot_Name ),2510,9530,-7020,1.35754985754986,-2400,23,0.521739130434783,
,1.35623409669211,True/2/0/3/0/4/195/300/False/False/1001/801/500/1/180/True/1.4/True/False/True/False/False/800/400/False/False/0.3/panthionIcon4.png/Oden2.png/PantheonMasterBotV01TesterV2 (Use_Time_Filter Start_Time_(HH) Start_Time_(mm) Duration_Time_(HH) Duration_Time_(mm) averageFast averageSlow averageTrend UseTrend UseTrendReverse ProfitStop LossStop MaxTrades Contracts MaxStop Use_MaxStop MaxTPRatio Use_MaxTP Long Short Reverse Use_Kill Kill_Profit_Stop Kill_Loss_Stop Show_Current_PNL Show_Stats_Box Image_Opacity Corner_Image Background_Image Bot_Name ),2100,7995,-5895,1.35623409669211,-2390,19,0.473684210526316,
,1.35621424856994,True/2/0/3/0/9/165/300/False/False/1001/801/500/1/180/True/1.4/True/True/True/False/False/800/400/False/False/0.3/panthionIcon4.png/Oden2.png/PantheonMasterBotV01TesterV2 (Use_Time_Filter Start_Time_(HH) Start_Time_(mm) Duration_Time_(HH) Duration_Time_(mm) averageFast averageSlow averageTrend UseTrend UseTrendReverse ProfitStop LossStop MaxTrades Contracts MaxStop Use_MaxStop MaxTPRatio Use_MaxTP Long Short Reverse Use_Kill Kill_Profit_Stop Kill_Loss_Stop Show_Current_PNL Show_Stats_Box Image_Opacity Corner_Image Background_Image Bot_Name ),3425,13040,-9615,1.35621424856994,-2955,46,0.304347826086957,
,1.35617154811715,True/2/0/3/0/3/175/300/False/False/1001/801/500/1/140/True/1.5/True/True/True/False/False/800/400/False/False/0.3/panthionIcon4.png/Oden2.png/PantheonMasterBotV01TesterV2 (Use_Time_Filter Start_Time_(HH) Start_Time_(mm) Duration_Time_(HH) Duration_Time_(mm) averageFast averageSlow averageTrend UseTrend UseTrendReverse ProfitStop LossStop MaxTrades Contracts MaxStop Use_MaxStop MaxTPRatio Use_MaxTP Long Short Reverse Use_Kill Kill_Profit_Stop Kill_Loss_Stop Show_Current_PNL Show_Stats_Box Image_Opacity Corner_Image Background_Image Bot_Name ),3405,12965,-9560,1.35617154811715,-3065,76,0.263157894736842,
,1.35616438356164,True/2/0/3/0/5/175/300/False/False/1001/801/500/1/140/True/1.4/True/False/True/False/False/800/400/False/False/0.3/panthionIcon4.png/Oden2.png/PantheonMasterBotV01TesterV2 (Use_Time_Filter Start_Time_(HH) Start_Time_(mm) Duration_Time_(HH) Duration_Time_(mm) averageFast averageSlow averageTrend UseTrend UseTrendReverse ProfitStop LossStop MaxTrades Contracts MaxStop Use_MaxStop MaxTPRatio Use_MaxTP Long Short Reverse Use_Kill Kill_Profit_Stop Kill_Loss_Stop Show_Current_PNL Show_Stats_Box Image_Opacity Corner_Image Background_Image Bot_Name ),2340,8910,-6570,1.35616438356164,-2100,22,0.454545454545455,
,1.35596026490066,True/2/0/3/0/10/195/300/False/False/1001/801/500/1/140/True/1.3/True/False/True/False/False/800/400/False/False/0.3/panthionIcon4.png/Oden2.png/PantheonMasterBotV01TesterV2 (Use_Time_Filter Start_Time_(HH) Start_Time_(mm) Duration_Time_(HH) Duration_Time_(mm) averageFast averageSlow averageTrend UseTrend UseTrendReverse ProfitStop LossStop MaxTrades Contracts MaxStop Use_MaxStop MaxTPRatio Use_MaxTP Long Short Reverse Use_Kill Kill_Profit_Stop Kill_Loss_Stop Show_Current_PNL Show_Stats_Box Image_Opacity Corner_Image Background_Image Bot_Name ),2150,8190,-6040,1.35596026490066,-2610,20,0.45,
,1.35582208895552,True/2/0/3/0/2/175/300/False/False/1001/801/500/1/160/True/1.5/True/True/True/False/False/800/400/False/False/0.3/panthionIcon4.png/Oden2.png/PantheonMasterBotV01TesterV2 (Use_Time_Filter Start_Time_(HH) Start_Time_(mm) Duration_Time_(HH) Duration_Time_(mm) averageFast averageSlow averageTrend UseTrend UseTrendReverse ProfitStop LossStop MaxTrades Contracts MaxStop Use_MaxStop MaxTPRatio Use_MaxTP Long Short Reverse Use_Kill Kill_Profit_Stop Kill_Loss_Stop Show_Current_PNL Show_Stats_Box Image_Opacity Corner_Image Background_Image Bot_Name ),3560,13565,-10005,1.35582208895552,-3725,91,0.230769230769231,
,1.35564663023679,True/2/0/3/0/8/155/300/False/False/1001/801/500/1/140/True/1.7/True/True/True/False/False/800/400/False/False/0.3/panthionIcon4.png/Oden2.png/PantheonMasterBotV01TesterV2 (Use_Time_Filter Start_Time_(HH) Start_Time_(mm) Duration_Time_(HH) Duration_Time_(mm) averageFast averageSlow averageTrend UseTrend UseTrendReverse ProfitStop LossStop MaxTrades Contracts MaxStop Use_MaxStop MaxTPRatio Use_MaxTP Long Short Reverse Use_Kill Kill_Profit_Stop Kill_Loss_Stop Show_Current_PNL Show_Stats_Box Image_Opacity Corner_Image Background_Image Bot_Name ),3905,14885,-10980,1.35564663023679,-3260,51,0.294117647058824,
,1.3552271483306,True/2/0/3/0/9/185/300/False/False/1001/801/500/1/180/True/1.5/True/True/True/False/False/800/400/False/False/0.3/panthionIcon4.png/Oden2.png/PantheonMasterBotV01TesterV2 (Use_Time_Filter Start_Time_(HH) Start_Time_(mm) Duration_Time_(HH) Duration_Time_(mm) averageFast averageSlow averageTrend UseTrend UseTrendReverse ProfitStop LossStop MaxTrades Contracts MaxStop Use_MaxStop MaxTPRatio Use_MaxTP Long Short Reverse Use_Kill Kill_Profit_Stop Kill_Loss_Stop Show_Current_PNL Show_Stats_Box Image_Opacity Corner_Image Background_Image Bot_Name ),3245,12380,-9135,1.3552271483306,-3135,45,0.333333333333333,
,1.35520833333333,True/2/0/3/0/3/175/300/False/False/1001/801/500/1/180/True/1.4/True/True/True/False/False/800/400/False/False/0.3/panthionIcon4.png/Oden2.png/PantheonMasterBotV01TesterV2 (Use_Time_Filter Start_Time_(HH) Start_Time_(mm) Duration_Time_(HH) Duration_Time_(mm) averageFast averageSlow averageTrend UseTrend UseTrendReverse ProfitStop LossStop MaxTrades Contracts MaxStop Use_MaxStop MaxTPRatio Use_MaxTP Long Short Reverse Use_Kill Kill_Profit_Stop Kill_Loss_Stop Show_Current_PNL Show_Stats_Box Image_Opacity Corner_Image Background_Image Bot_Name ),3410,13010,-9600,1.35520833333333,-3610,76,0.25,
,1.35467980295567,True/2/0/3/0/9/185/300/False/False/1001/801/500/1/180/True/1.4/True/True/True/False/False/800/400/False/False/0.3/panthionIcon4.png/Oden2.png/PantheonMasterBotV01TesterV2 (Use_Time_Filter Start_Time_(HH) Start_Time_(mm) Duration_Time_(HH) Duration_Time_(mm) averageFast averageSlow averageTrend UseTrend UseTrendReverse ProfitStop LossStop MaxTrades Contracts MaxStop Use_MaxStop MaxTPRatio Use_MaxTP Long Short Reverse Use_Kill Kill_Profit_Stop Kill_Loss_Stop Show_Current_PNL Show_Stats_Box Image_Opacity Corner_Image Background_Image Bot_Name ),3240,12375,-9135,1.35467980295567,-3135,45,0.333333333333333,
,1.35437788018433,True/2/0/3/0/9/155/300/False/False/1001/801/500/1/180/True/1.1/True/True/True/False/False/800/400/False/False/0.3/panthionIcon4.png/Oden2.png/PantheonMasterBotV01TesterV2 (Use_Time_Filter Start_Time_(HH) Start_Time_(mm) Duration_Time_(HH) Duration_Time_(mm) averageFast averageSlow averageTrend UseTrend UseTrendReverse ProfitStop LossStop MaxTrades Contracts MaxStop Use_MaxStop MaxTPRatio Use_MaxTP Long Short Reverse Use_Kill Kill_Profit_Stop Kill_Loss_Stop Show_Current_PNL Show_Stats_Box Image_Opacity Corner_Image Background_Image Bot_Name ),3845,14695,-10850,1.35437788018433,-3315,55,0.309090909090909,
,1.35431799838579,True/2/0/3/0/9/185/300/False/False/1001/801/500/1/160/True/1.7/True/False/True/False/False/800/400/False/False/0.3/panthionIcon4.png/Oden2.png/PantheonMasterBotV01TesterV2 (Use_Time_Filter Start_Time_(HH) Start_Time_(mm) Duration_Time_(HH) Duration_Time_(mm) averageFast averageSlow averageTrend UseTrend UseTrendReverse ProfitStop LossStop MaxTrades Contracts MaxStop Use_MaxStop MaxTPRatio Use_MaxTP Long Short Reverse Use_Kill Kill_Profit_Stop Kill_Loss_Stop Show_Current_PNL Show_Stats_Box Image_Opacity Corner_Image Background_Image Bot_Name ),2195,8390,-6195,1.35431799838579,-2280,20,0.4,
,1.35401157981803,True/2/0/3/0/9/185/300/False/False/1001/801/500/1/160/True/1.4/True/True/False/False/False/800/400/False/False/0.3/panthionIcon4.png/Oden2.png/PantheonMasterBotV01TesterV2 (Use_Time_Filter Start_Time_(HH) Start_Time_(mm) Duration_Time_(HH) Duration_Time_(mm) averageFast averageSlow averageTrend UseTrend UseTrendReverse ProfitStop LossStop MaxTrades Contracts MaxStop Use_MaxStop MaxTPRatio Use_MaxTP Long Short Reverse Use_Kill Kill_Profit_Stop Kill_Loss_Stop Show_Current_PNL Show_Stats_Box Image_Opacity Corner_Image Background_Image Bot_Name ),2140,8185,-6045,1.35401157981803,-2875,20,0.55,
,1.35385656292287,True/2/0/3/0/7/165/300/False/False/1001/801/500/1/160/True/1.5/True/True/False/False/False/800/400/False/False/0.3/panthionIcon4.png/Oden2.png/PantheonMasterBotV01TesterV2 (Use_Time_Filter Start_Time_(HH) Start_Time_(mm) Duration_Time_(HH) Duration_Time_(mm) averageFast averageSlow averageTrend UseTrend UseTrendReverse ProfitStop LossStop MaxTrades Contracts MaxStop Use_MaxStop MaxTPRatio Use_MaxTP Long Short Reverse Use_Kill Kill_Profit_Stop Kill_Loss_Stop Show_Current_PNL Show_Stats_Box Image_Opacity Corner_Image Background_Image Bot_Name ),2615,10005,-7390,1.35385656292287,-1995,21,0.523809523809524,
,1.35360556038228,True/2/0/3/0/7/185/300/False/False/1001/801/500/1/160/True/1.5/True/True/False/False/False/800/400/False/False/0.3/panthionIcon4.png/Oden2.png/PantheonMasterBotV01TesterV2 (Use_Time_Filter Start_Time_(HH) Start_Time_(mm) Duration_Time_(HH) Duration_Time_(mm) averageFast averageSlow averageTrend UseTrend UseTrendReverse ProfitStop LossStop MaxTrades Contracts MaxStop Use_MaxStop MaxTPRatio Use_MaxTP Long Short Reverse Use_Kill Kill_Profit_Stop Kill_Loss_Stop Show_Current_PNL Show_Stats_Box Image_Opacity Corner_Image Background_Image Bot_Name ),2035,7790,-5755,1.35360556038228,-3480,19,0.473684210526316,
,1.35301837270341,True/2/0/3/0/7/155/300/False/False/1001/801/500/1/160/True/1.5/True/True/False/False/False/800/400/False/False/0.3/panthionIcon4.png/Oden2.png/PantheonMasterBotV01TesterV2 (Use_Time_Filter Start_Time_(HH) Start_Time_(mm) Duration_Time_(HH) Duration_Time_(mm) averageFast averageSlow averageTrend UseTrend UseTrendReverse ProfitStop LossStop MaxTrades Contracts MaxStop Use_MaxStop MaxTPRatio Use_MaxTP Long Short Reverse Use_Kill Kill_Profit_Stop Kill_Loss_Stop Show_Current_PNL Show_Stats_Box Image_Opacity Corner_Image Background_Image Bot_Name ),2690,10310,-7620,1.35301837270341,-2805,23,0.521739130434783,
,1.35208535402522,True/2/0/3/0/10/175/300/False/False/1001/801/500/1/140/True/1.4/True/True/True/False/False/800/400/False/False/0.3/panthionIcon4.png/Oden2.png/PantheonMasterBotV01TesterV2 (Use_Time_Filter Start_Time_(HH) Start_Time_(mm) Duration_Time_(HH) Duration_Time_(mm) averageFast averageSlow averageTrend UseTrend UseTrendReverse ProfitStop LossStop MaxTrades Contracts MaxStop Use_MaxStop MaxTPRatio Use_MaxTP Long Short Reverse Use_Kill Kill_Profit_Stop Kill_Loss_Stop Show_Current_PNL Show_Stats_Box Image_Opacity Corner_Image Background_Image Bot_Name ),3630,13940,-10310,1.35208535402522,-2500,50,0.36,
,1.3519768563163,True/2/0/3/0/7/175/300/False/False/1001/801/500/1/180/True/1.6/True/True/False/False/False/800/400/False/False/0.3/panthionIcon4.png/Oden2.png/PantheonMasterBotV01TesterV2 (Use_Time_Filter Start_Time_(HH) Start_Time_(mm) Duration_Time_(HH) Duration_Time_(mm) averageFast averageSlow averageTrend UseTrend UseTrendReverse ProfitStop LossStop MaxTrades Contracts MaxStop Use_MaxStop MaxTPRatio Use_MaxTP Long Short Reverse Use_Kill Kill_Profit_Stop Kill_Loss_Stop Show_Current_PNL Show_Stats_Box Image_Opacity Corner_Image Background_Image Bot_Name ),1825,7010,-5185,1.3519768563163,-2375,17,0.529411764705882,
,1.35137895812053,True/2/0/3/0/10/175/300/False/False/1001/801/500/1/140/True/1.1/True/True/True/False/False/800/400/False/False/0.3/panthionIcon4.png/Oden2.png/PantheonMasterBotV01TesterV2 (Use_Time_Filter Start_Time_(HH) Start_Time_(mm) Duration_Time_(HH) Duration_Time_(mm) averageFast averageSlow averageTrend UseTrend UseTrendReverse ProfitStop LossStop MaxTrades Contracts MaxStop Use_MaxStop MaxTPRatio Use_MaxTP Long Short Reverse Use_Kill Kill_Profit_Stop Kill_Loss_Stop Show_Current_PNL Show_Stats_Box Image_Opacity Corner_Image Background_Image Bot_Name ),3440,13230,-9790,1.35137895812053,-1850,50,0.4,
,1.35115681233933,True/2/0/3/0/10/165/300/False/False/1001/801/500/1/180/True/1.4/True/True/True/False/False/800/400/False/False/0.3/panthionIcon4.png/Oden2.png/PantheonMasterBotV01TesterV2 (Use_Time_Filter Start_Time_(HH) Start_Time_(mm) Duration_Time_(HH) Duration_Time_(mm) averageFast averageSlow averageTrend UseTrend UseTrendReverse ProfitStop LossStop MaxTrades Contracts MaxStop Use_MaxStop MaxTPRatio Use_MaxTP Long Short Reverse Use_Kill Kill_Profit_Stop Kill_Loss_Stop Show_Current_PNL Show_Stats_Box Image_Opacity Corner_Image Background_Image Bot_Name ),3415,13140,-9725,1.35115681233933,-2645,45,0.355555555555556,
,1.35110294117647,True/2/0/3/0/5/195/300/False/False/1001/801/500/1/140/True/1.5/True/False/True/False/False/800/400/False/False/0.3/panthionIcon4.png/Oden2.png/PantheonMasterBotV01TesterV2 (Use_Time_Filter Start_Time_(HH) Start_Time_(mm) Duration_Time_(HH) Duration_Time_(mm) averageFast averageSlow averageTrend UseTrend UseTrendReverse ProfitStop LossStop MaxTrades Contracts MaxStop Use_MaxStop MaxTPRatio Use_MaxTP Long Short Reverse Use_Kill Kill_Profit_Stop Kill_Loss_Stop Show_Current_PNL Show_Stats_Box Image_Opacity Corner_Image Background_Image Bot_Name ),1910,7350,-5440,1.35110294117647,-2130,19,0.368421052631579,
,1.35100401606426,True/2/0/3/0/7/175/300/False/False/1001/801/500/1/160/True/1.7/True/False/True/False/False/800/400/False/False/0.3/panthionIcon4.png/Oden2.png/PantheonMasterBotV01TesterV2 (Use_Time_Filter Start_Time_(HH) Start_Time_(mm) Duration_Time_(HH) Duration_Time_(mm) averageFast averageSlow averageTrend UseTrend UseTrendReverse ProfitStop LossStop MaxTrades Contracts MaxStop Use_MaxStop MaxTPRatio Use_MaxTP Long Short Reverse Use_Kill Kill_Profit_Stop Kill_Loss_Stop Show_Current_PNL Show_Stats_Box Image_Opacity Corner_Image Background_Image Bot_Name ),2185,8410,-6225,1.35100401606426,-2620,20,0.45,
,1.35078534031414,True/2/0/3/0/9/165/300/False/False/1001/801/500/1/140/True/1.6/True/True/True/False/False/800/400/False/False/0.3/panthionIcon4.png/Oden2.png/PantheonMasterBotV01TesterV2 (Use_Time_Filter Start_Time_(HH) Start_Time_(mm) Duration_Time_(HH) Duration_Time_(mm) averageFast averageSlow averageTrend UseTrend UseTrendReverse ProfitStop LossStop MaxTrades Contracts MaxStop Use_MaxStop MaxTPRatio Use_MaxTP Long Short Reverse Use_Kill Kill_Profit_Stop Kill_Loss_Stop Show_Current_PNL Show_Stats_Box Image_Opacity Corner_Image Background_Image Bot_Name ),3350,12900,-9550,1.35078534031414,-3065,46,0.326086956521739,
,1.35066609368285,True/2/0/3/0/10/155/300/False/False/1001/801/500/1/140/True/1.3/True/True/True/False/False/800/400/False/False/0.3/panthionIcon4.png/Oden2.png/PantheonMasterBotV01TesterV2 (Use_Time_Filter Start_Time_(HH) Start_Time_(mm) Duration_Time_(HH) Duration_Time_(mm) averageFast averageSlow averageTrend UseTrend UseTrendReverse ProfitStop LossStop MaxTrades Contracts MaxStop Use_MaxStop MaxTPRatio Use_MaxTP Long Short Reverse Use_Kill Kill_Profit_Stop Kill_Loss_Stop Show_Current_PNL Show_Stats_Box Image_Opacity Corner_Image Background_Image Bot_Name ),4080,15715,-11635,1.35066609368285,-1835,54,0.407407407407407,
,1.3505253104107,True/2/0/3/0/8/165/300/False/False/1001/801/500/1/140/True/1.4/True/True/True/False/False/800/400/False/False/0.3/panthionIcon4.png/Oden2.png/PantheonMasterBotV01TesterV2 (Use_Time_Filter Start_Time_(HH) Start_Time_(mm) Duration_Time_(HH) Duration_Time_(mm) averageFast averageSlow averageTrend UseTrend UseTrendReverse ProfitStop LossStop MaxTrades Contracts MaxStop Use_MaxStop MaxTPRatio Use_MaxTP Long Short Reverse Use_Kill Kill_Profit_Stop Kill_Loss_Stop Show_Current_PNL Show_Stats_Box Image_Opacity Corner_Image Background_Image Bot_Name ),3670,14140,-10470,1.3505253104107,-3415,54,0.351851851851852,
,1.35043668122271,True/2/0/3/0/8/185/300/False/False/1001/801/500/1/180/True/1.4/True/True/True/False/False/800/400/False/False/0.3/panthionIcon4.png/Oden2.png/PantheonMasterBotV01TesterV2 (Use_Time_Filter Start_Time_(HH) Start_Time_(mm) Duration_Time_(HH) Duration_Time_(mm) averageFast averageSlow averageTrend UseTrend UseTrendReverse ProfitStop LossStop MaxTrades Contracts MaxStop Use_MaxStop MaxTPRatio Use_MaxTP Long Short Reverse Use_Kill Kill_Profit_Stop Kill_Loss_Stop Show_Current_PNL Show_Stats_Box Image_Opacity Corner_Image Background_Image Bot_Name ),3210,12370,-9160,1.35043668122271,-2220,45,0.288888888888889,
,1.35014137606032,True/2/0/3/0/3/195/300/False/False/1001/801/500/1/180/True/1.6/True/True/True/False/False/800/400/False/False/0.3/panthionIcon4.png/Oden2.png/PantheonMasterBotV01TesterV2 (Use_Time_Filter Start_Time_(HH) Start_Time_(mm) Duration_Time_(HH) Duration_Time_(mm) averageFast averageSlow averageTrend UseTrend UseTrendReverse ProfitStop LossStop MaxTrades Contracts MaxStop Use_MaxStop MaxTPRatio Use_MaxTP Long Short Reverse Use_Kill Kill_Profit_Stop Kill_Loss_Stop Show_Current_PNL Show_Stats_Box Image_Opacity Corner_Image Background_Image Bot_Name ),3715,14325,-10610,1.35014137606032,-3055,82,0.182926829268293,
,1.34976402726796,True/2/0/3/0/3/175/300/False/False/1001/801/500/1/140/True/1.2/True/True/True/False/False/800/400/False/False/0.3/panthionIcon4.png/Oden2.png/PantheonMasterBotV01TesterV2 (Use_Time_Filter Start_Time_(HH) Start_Time_(mm) Duration_Time_(HH) Duration_Time_(mm) averageFast averageSlow averageTrend UseTrend UseTrendReverse ProfitStop LossStop MaxTrades Contracts MaxStop Use_MaxStop MaxTPRatio Use_MaxTP Long Short Reverse Use_Kill Kill_Profit_Stop Kill_Loss_Stop Show_Current_PNL Show_Stats_Box Image_Opacity Corner_Image Background_Image Bot_Name ),3335,12870,-9535,1.34976402726796,-2650,76,0.276315789473684,
,1.34958111195735,True/2/0/3/0/5/185/300/False/False/1001/801/500/1/180/True/1.6/True/False/True/False/False/800/400/False/False/0.3/panthionIcon4.png/Oden2.png/PantheonMasterBotV01TesterV2 (Use_Time_Filter Start_Time_(HH) Start_Time_(mm) Duration_Time_(HH) Duration_Time_(mm) averageFast averageSlow averageTrend UseTrend UseTrendReverse ProfitStop LossStop MaxTrades Contracts MaxStop Use_MaxStop MaxTPRatio Use_MaxTP Long Short Reverse Use_Kill Kill_Profit_Stop Kill_Loss_Stop Show_Current_PNL Show_Stats_Box Image_Opacity Corner_Image Background_Image Bot_Name ),2295,8860,-6565,1.34958111195735,-2810,20,0.4,
,1.34943875061005,True/2/0/3/0/10/165/300/False/False/1001/801/500/1/140/True/1.4/True/True/True/False/False/800/400/False/False/0.3/panthionIcon4.png/Oden2.png/PantheonMasterBotV01TesterV2 (Use_Time_Filter Start_Time_(HH) Start_Time_(mm) Duration_Time_(HH) Duration_Time_(mm) averageFast averageSlow averageTrend UseTrend UseTrendReverse ProfitStop LossStop MaxTrades Contracts MaxStop Use_MaxStop MaxTPRatio Use_MaxTP Long Short Reverse Use_Kill Kill_Profit_Stop Kill_Loss_Stop Show_Current_PNL Show_Stats_Box Image_Opacity Corner_Image Background_Image Bot_Name ),3580,13825,-10245,1.34943875061005,-2830,46,0.369565217391304,
,1.34939759036145,True/2/0/3/0/6/185/300/False/False/1001/801/500/1/140/True/1.2/True/False/True/False/False/800/400/False/False/0.3/panthionIcon4.png/Oden2.png/PantheonMasterBotV01TesterV2 (Use_Time_Filter Start_Time_(HH) Start_Time_(mm) Duration_Time_(HH) Duration_Time_(mm) averageFast averageSlow averageTrend UseTrend UseTrendReverse ProfitStop LossStop MaxTrades Contracts MaxStop Use_MaxStop MaxTPRatio Use_MaxTP Long Short Reverse Use_Kill Kill_Profit_Stop Kill_Loss_Stop Show_Current_PNL Show_Stats_Box Image_Opacity Corner_Image Background_Image Bot_Name ),2175,8400,-6225,1.34939759036145,-2100,22,0.454545454545455,
,1.34927234927235,True/2/0/3/0/9/175/300/False/False/1001/801/500/1/160/True/1.1/True/False/True/False/False/800/400/False/False/0.3/panthionIcon4.png/Oden2.png/PantheonMasterBotV01TesterV2 (Use_Time_Filter Start_Time_(HH) Start_Time_(mm) Duration_Time_(HH) Duration_Time_(mm) averageFast averageSlow averageTrend UseTrend UseTrendReverse ProfitStop LossStop MaxTrades Contracts MaxStop Use_MaxStop MaxTPRatio Use_MaxTP Long Short Reverse Use_Kill Kill_Profit_Stop Kill_Loss_Stop Show_Current_PNL Show_Stats_Box Image_Opacity Corner_Image Background_Image Bot_Name ),2520,9735,-7215,1.34927234927235,-1660,23,0.521739130434783,
,1.34915773353752,True/2/0/3/0/9/175/300/False/False/1001/801/500/1/140/True/1.5/True/True/True/False/False/800/400/False/False/0.3/panthionIcon4.png/Oden2.png/PantheonMasterBotV01TesterV2 (Use_Time_Filter Start_Time_(HH) Start_Time_(mm) Duration_Time_(HH) Duration_Time_(mm) averageFast averageSlow averageTrend UseTrend UseTrendReverse ProfitStop LossStop MaxTrades Contracts MaxStop Use_MaxStop MaxTPRatio Use_MaxTP Long Short Reverse Use_Kill Kill_Profit_Stop Kill_Loss_Stop Show_Current_PNL Show_Stats_Box Image_Opacity Corner_Image Background_Image Bot_Name ),3420,13215,-9795,1.34915773353752,-2750,46,0.369565217391304,
,1.34833759590793,True/2/0/3/0/9/185/300/False/False/1001/801/500/1/140/True/1.4/True/True/True/False/False/800/400/False/False/0.3/panthionIcon4.png/Oden2.png/PantheonMasterBotV01TesterV2 (Use_Time_Filter Start_Time_(HH) Start_Time_(mm) Duration_Time_(HH) Duration_Time_(mm) averageFast averageSlow averageTrend UseTrend UseTrendReverse ProfitStop LossStop MaxTrades Contracts MaxStop Use_MaxStop MaxTPRatio Use_MaxTP Long Short Reverse Use_Kill Kill_Profit_Stop Kill_Loss_Stop Show_Current_PNL Show_Stats_Box Image_Opacity Corner_Image Background_Image Bot_Name ),3405,13180,-9775,1.34833759590793,-3390,49,0.346938775510204,
,1.34788189987163,True/2/0/3/0/6/165/300/False/False/1001/801/500/1/140/True/1.5/True/False/True/False/False/800/400/False/False/0.3/panthionIcon4.png/Oden2.png/PantheonMasterBotV01TesterV2 (Use_Time_Filter Start_Time_(HH) Start_Time_(mm) Duration_Time_(HH) Duration_Time_(mm) averageFast averageSlow averageTrend UseTrend UseTrendReverse ProfitStop LossStop MaxTrades Contracts MaxStop Use_MaxStop MaxTPRatio Use_MaxTP Long Short Reverse Use_Kill Kill_Profit_Stop Kill_Loss_Stop Show_Current_PNL Show_Stats_Box Image_Opacity Corner_Image Background_Image Bot_Name ),2710,10500,-7790,1.34788189987163,-2890,23,0.434782608695652,
,1.34767025089606,True/2/0/3/0/5/185/300/False/False/1001/801/500/1/180/True/1.7/True/False/True/False/False/800/400/False/False/0.3/panthionIcon4.png/Oden2.png/PantheonMasterBotV01TesterV2 (Use_Time_Filter Start_Time_(HH) Start_Time_(mm) Duration_Time_(HH) Duration_Time_(mm) averageFast averageSlow averageTrend UseTrend UseTrendReverse ProfitStop LossStop MaxTrades Contracts MaxStop Use_MaxStop MaxTPRatio Use_MaxTP Long Short Reverse Use_Kill Kill_Profit_Stop Kill_Loss_Stop Show_Current_PNL Show_Stats_Box Image_Opacity Corner_Image Background_Image Bot_Name ),2425,9400,-6975,1.34767025089606,-2810,21,0.380952380952381,
,1.34730056406124,True/2/0/3/0/4/185/300/False/False/1001/801/500/1/160/True/1.7/True/False/True/False/False/800/400/False/False/0.3/panthionIcon4.png/Oden2.png/PantheonMasterBotV01TesterV2 (Use_Time_Filter Start_Time_(HH) Start_Time_(mm) Duration_Time_(HH) Duration_Time_(mm) averageFast averageSlow averageTrend UseTrend UseTrendReverse ProfitStop LossStop MaxTrades Contracts MaxStop Use_MaxStop MaxTPRatio Use_MaxTP Long Short Reverse Use_Kill Kill_Profit_Stop Kill_Loss_Stop Show_Current_PNL Show_Stats_Box Image_Opacity Corner_Image Background_Image Bot_Name ),2155,8360,-6205,1.34730056406124,-2450,21,0.333333333333333,
,1.34702430846605,True/2/0/3/0/7/195/300/False/False/1001/801/500/1/160/True/1.4/True/False/True/False/False/800/400/False/False/0.3/panthionIcon4.png/Oden2.png/PantheonMasterBotV01TesterV2 (Use_Time_Filter Start_Time_(HH) Start_Time_(mm) Duration_Time_(HH) Duration_Time_(mm) averageFast averageSlow averageTrend UseTrend UseTrendReverse ProfitStop LossStop MaxTrades Contracts MaxStop Use_MaxStop MaxTPRatio Use_MaxTP Long Short Reverse Use_Kill Kill_Profit_Stop Kill_Loss_Stop Show_Current_PNL Show_Stats_Box Image_Opacity Corner_Image Background_Image Bot_Name ),2070,8035,-5965,1.34702430846605,-2185,19,0.473684210526316,
,1.34677419354839,True/2/0/3/0/7/155/300/False/False/1001/801/500/1/180/True/1.7/True/True/False/False/False/800/400/False/False/0.3/panthionIcon4.png/Oden2.png/PantheonMasterBotV01TesterV2 (Use_Time_Filter Start_Time_(HH) Start_Time_(mm) Duration_Time_(HH) Duration_Time_(mm) averageFast averageSlow averageTrend UseTrend UseTrendReverse ProfitStop LossStop MaxTrades Contracts MaxStop Use_MaxStop MaxTPRatio Use_MaxTP Long Short Reverse Use_Kill Kill_Profit_Stop Kill_Loss_Stop Show_Current_PNL Show_Stats_Box Image_Opacity Corner_Image Background_Image Bot_Name ),2150,8350,-6200,1.34677419354839,-2855,19,0.526315789473684,
,1.3448275862069,True/2/0/3/0/2/175/300/False/False/1001/801/500/1/140/True/1.7/True/True/True/False/False/800/400/False/False/0.3/panthionIcon4.png/Oden2.png/PantheonMasterBotV01TesterV2 (Use_Time_Filter Start_Time_(HH) Start_Time_(mm) Duration_Time_(HH) Duration_Time_(mm) averageFast averageSlow averageTrend UseTrend UseTrendReverse ProfitStop LossStop MaxTrades Contracts MaxStop Use_MaxStop MaxTPRatio Use_MaxTP Long Short Reverse Use_Kill Kill_Profit_Stop Kill_Loss_Stop Show_Current_PNL Show_Stats_Box Image_Opacity Corner_Image Background_Image Bot_Name ),3450,13455,-10005,1.3448275862069,-3725,91,0.230769230769231,
,1.34463276836158,True/2/0/3/0/9/195/300/False/False/1001/801/500/1/140/True/1.7/True/False/True/False/False/800/400/False/False/0.3/panthionIcon4.png/Oden2.png/PantheonMasterBotV01TesterV2 (Use_Time_Filter Start_Time_(HH) Start_Time_(mm) Duration_Time_(HH) Duration_Time_(mm) averageFast averageSlow averageTrend UseTrend UseTrendReverse ProfitStop LossStop MaxTrades Contracts MaxStop Use_MaxStop MaxTPRatio Use_MaxTP Long Short Reverse Use_Kill Kill_Profit_Stop Kill_Loss_Stop Show_Current_PNL Show_Stats_Box Image_Opacity Corner_Image Background_Image Bot_Name ),2135,8330,-6195,1.34463276836158,-2130,19,0.368421052631579,
,1.34349258649094,True/2/0/3/0/10/165/300/False/False/1001/801/500/1/160/True/1.7/True/True/False/False/False/800/400/False/False/0.3/panthionIcon4.png/Oden2.png/PantheonMasterBotV01TesterV2 (Use_Time_Filter Start_Time_(HH) Start_Time_(mm) Duration_Time_(HH) Duration_Time_(mm) averageFast averageSlow averageTrend UseTrend UseTrendReverse ProfitStop LossStop MaxTrades Contracts MaxStop Use_MaxStop MaxTPRatio Use_MaxTP Long Short Reverse Use_Kill Kill_Profit_Stop Kill_Loss_Stop Show_Current_PNL Show_Stats_Box Image_Opacity Corner_Image Background_Image Bot_Name ),2085,8155,-6070,1.34349258649094,-2655,20,0.5,
,1.34322916666667,True/2/0/3/0/9/195/300/False/False/1001/801/500/1/140/True/1.2/True/True/True/False/False/800/400/False/False/0.3/panthionIcon4.png/Oden2.png/PantheonMasterBotV01TesterV2 (Use_Time_Filter Start_Time_(HH) Start_Time_(mm) Duration_Time_(HH) Duration_Time_(mm) averageFast averageSlow averageTrend UseTrend UseTrendReverse ProfitStop LossStop MaxTrades Contracts MaxStop Use_MaxStop MaxTPRatio Use_MaxTP Long Short Reverse Use_Kill Kill_Profit_Stop Kill_Loss_Stop Show_Current_PNL Show_Stats_Box Image_Opacity Corner_Image Background_Image Bot_Name ),3295,12895,-9600,1.34322916666667,-3245,49,0.36734693877551,
,1.34321372854914,True/2/0/3/0/9/165/300/False/False/1001/801/500/1/180/True/1.6/True/True/True/False/False/800/400/False/False/0.3/panthionIcon4.png/Oden2.png/PantheonMasterBotV01TesterV2 (Use_Time_Filter Start_Time_(HH) Start_Time_(mm) Duration_Time_(HH) Duration_Time_(mm) averageFast averageSlow averageTrend UseTrend UseTrendReverse ProfitStop LossStop MaxTrades Contracts MaxStop Use_MaxStop MaxTPRatio Use_MaxTP Long Short Reverse Use_Kill Kill_Profit_Stop Kill_Loss_Stop Show_Current_PNL Show_Stats_Box Image_Opacity Corner_Image Background_Image Bot_Name ),3300,12915,-9615,1.34321372854914,-2955,46,0.304347826086957,
,1.34283452098179,True/2/0/3/0/4/175/300/False/False/1001/801/500/1/180/True/1.3/True/False/True/False/False/800/400/False/False/0.3/panthionIcon4.png/Oden2.png/PantheonMasterBotV01TesterV2 (Use_Time_Filter Start_Time_(HH) Start_Time_(mm) Duration_Time_(HH) Duration_Time_(mm) averageFast averageSlow averageTrend UseTrend UseTrendReverse ProfitStop LossStop MaxTrades Contracts MaxStop Use_MaxStop MaxTPRatio Use_MaxTP Long Short Reverse Use_Kill Kill_Profit_Stop Kill_Loss_Stop Show_Current_PNL Show_Stats_Box Image_Opacity Corner_Image Background_Image Bot_Name ),2165,8480,-6315,1.34283452098179,-2700,20,0.6,
,1.34265734265734,True/2/0/3/0/9/195/300/False/False/1001/801/500/1/180/True/1.2/True/False/True/False/False/800/400/False/False/0.3/panthionIcon4.png/Oden2.png/PantheonMasterBotV01TesterV2 (Use_Time_Filter Start_Time_(HH) Start_Time_(mm) Duration_Time_(HH) Duration_Time_(mm) averageFast averageSlow averageTrend UseTrend UseTrendReverse ProfitStop LossStop MaxTrades Contracts MaxStop Use_MaxStop MaxTPRatio Use_MaxTP Long Short Reverse Use_Kill Kill_Profit_Stop Kill_Loss_Stop Show_Current_PNL Show_Stats_Box Image_Opacity Corner_Image Background_Image Bot_Name ),1960,7680,-5720,1.34265734265734,-2530,17,0.470588235294118,
,1.34247714048213,True/2/0/3/0/8/165/300/False/False/1001/801/500/1/180/True/1.5/True/True/False/False/False/800/400/False/False/0.3/panthionIcon4.png/Oden2.png/PantheonMasterBotV01TesterV2 (Use_Time_Filter Start_Time_(HH) Start_Time_(mm) Duration_Time_(HH) Duration_Time_(mm) averageFast averageSlow averageTrend UseTrend UseTrendReverse ProfitStop LossStop MaxTrades Contracts MaxStop Use_MaxStop MaxTPRatio Use_MaxTP Long Short Reverse Use_Kill Kill_Profit_Stop Kill_Loss_Stop Show_Current_PNL Show_Stats_Box Image_Opacity Corner_Image Background_Image Bot_Name ),2060,8075,-6015,1.34247714048213,-1800,18,0.5,
,1.34227129337539,True/2/0/3/0/10/175/300/False/False/1001/801/500/1/140/True/1.7/True/False/True/False/False/800/400/False/False/0.3/panthionIcon4.png/Oden2.png/PantheonMasterBotV01TesterV2 (Use_Time_Filter Start_Time_(HH) Start_Time_(mm) Duration_Time_(HH) Duration_Time_(mm) averageFast averageSlow averageTrend UseTrend UseTrendReverse ProfitStop LossStop MaxTrades Contracts MaxStop Use_MaxStop MaxTPRatio Use_MaxTP Long Short Reverse Use_Kill Kill_Profit_Stop Kill_Loss_Stop Show_Current_PNL Show_Stats_Box Image_Opacity Corner_Image Background_Image Bot_Name ),2170,8510,-6340,1.34227129337539,-2275,21,0.476190476190476,
,1.34223300970874,True/2/0/3/0/10/185/300/False/False/1001/801/500/1/140/True/1.3/True/True/True/False/False/800/400/False/False/0.3/panthionIcon4.png/Oden2.png/PantheonMasterBotV01TesterV2 (Use_Time_Filter Start_Time_(HH) Start_Time_(mm) Duration_Time_(HH) Duration_Time_(mm) averageFast averageSlow averageTrend UseTrend UseTrendReverse ProfitStop LossStop MaxTrades Contracts MaxStop Use_MaxStop MaxTPRatio Use_MaxTP Long Short Reverse Use_Kill Kill_Profit_Stop Kill_Loss_Stop Show_Current_PNL Show_Stats_Box Image_Opacity Corner_Image Background_Image Bot_Name ),3525,13825,-10300,1.34223300970874,-2850,48,0.375,
,1.34222222222222,True/2/0/3/0/7/175/300/False/False/1001/801/500/1/140/True/1.5/True/False/True/False/False/800/400/False/False/0.3/panthionIcon4.png/Oden2.png/PantheonMasterBotV01TesterV2 (Use_Time_Filter Start_Time_(HH) Start_Time_(mm) Duration_Time_(HH) Duration_Time_(mm) averageFast averageSlow averageTrend UseTrend UseTrendReverse ProfitStop LossStop MaxTrades Contracts MaxStop Use_MaxStop MaxTPRatio Use_MaxTP Long Short Reverse Use_Kill Kill_Profit_Stop Kill_Loss_Stop Show_Current_PNL Show_Stats_Box Image_Opacity Corner_Image Background_Image Bot_Name ),1925,7550,-5625,1.34222222222222,-2420,20,0.45,
,1.3420365535248,True/2/0/3/0/10/195/300/False/False/1001/801/500/1/180/True/1.4/True/False/True/False/False/800/400/False/False/0.3/panthionIcon4.png/Oden2.png/PantheonMasterBotV01TesterV2 (Use_Time_Filter Start_Time_(HH) Start_Time_(mm) Duration_Time_(HH) Duration_Time_(mm) averageFast averageSlow averageTrend UseTrend UseTrendReverse ProfitStop LossStop MaxTrades Contracts MaxStop Use_MaxStop MaxTPRatio Use_MaxTP Long Short Reverse Use_Kill Kill_Profit_Stop Kill_Loss_Stop Show_Current_PNL Show_Stats_Box Image_Opacity Corner_Image Background_Image Bot_Name ),1965,7710,-5745,1.3420365535248,-2570,17,0.411764705882353,
,1.34163090128755,True/2/0/3/0/8/155/300/False/False/1001/801/500/1/180/True/1.6/True/True/False/False/False/800/400/False/False/0.3/panthionIcon4.png/Oden2.png/PantheonMasterBotV01TesterV2 (Use_Time_Filter Start_Time_(HH) Start_Time_(mm) Duration_Time_(HH) Duration_Time_(mm) averageFast averageSlow averageTrend UseTrend UseTrendReverse ProfitStop LossStop MaxTrades Contracts MaxStop Use_MaxStop MaxTPRatio Use_MaxTP Long Short Reverse Use_Kill Kill_Profit_Stop Kill_Loss_Stop Show_Current_PNL Show_Stats_Box Image_Opacity Corner_Image Background_Image Bot_Name ),1990,7815,-5825,1.34163090128755,-2585,18,0.5,
,1.34151329243354,True/2/0/3/0/2/175/300/False/False/1001/801/500/1/160/True/1.1/True/False/True/False/False/800/400/False/False/0.3/panthionIcon4.png/Oden2.png/PantheonMasterBotV01TesterV2 (Use_Time_Filter Start_Time_(HH) Start_Time_(mm) Duration_Time_(HH) Duration_Time_(mm) averageFast averageSlow averageTrend UseTrend UseTrendReverse ProfitStop LossStop MaxTrades Contracts MaxStop Use_MaxStop MaxTPRatio Use_MaxTP Long Short Reverse Use_Kill Kill_Profit_Stop Kill_Loss_Stop Show_Current_PNL Show_Stats_Box Image_Opacity Corner_Image Background_Image Bot_Name ),2505,9840,-7335,1.34151329243354,-2775,24,0.5,
,1.34056687333924,True/2/0/3/0/9/155/300/False/False/1001/801/500/1/140/True/1.2/True/True/True/False/False/800/400/False/False/0.3/panthionIcon4.png/Oden2.png/PantheonMasterBotV01TesterV2 (Use_Time_Filter Start_Time_(HH) Start_Time_(mm) Duration_Time_(HH) Duration_Time_(mm) averageFast averageSlow averageTrend UseTrend UseTrendReverse ProfitStop LossStop MaxTrades Contracts MaxStop Use_MaxStop MaxTPRatio Use_MaxTP Long Short Reverse Use_Kill Kill_Profit_Stop Kill_Loss_Stop Show_Current_PNL Show_Stats_Box Image_Opacity Corner_Image Background_Image Bot_Name ),3845,15135,-11290,1.34056687333924,-3220,58,0.327586206896552,
,1.34024505183789,True/2/0/3/0/3/195/300/False/False/1001/801/500/1/180/True/1.4/True/True/True/False/False/800/400/False/False/0.3/panthionIcon4.png/Oden2.png/PantheonMasterBotV01TesterV2 (Use_Time_Filter Start_Time_(HH) Start_Time_(mm) Duration_Time_(HH) Duration_Time_(mm) averageFast averageSlow averageTrend UseTrend UseTrendReverse ProfitStop LossStop MaxTrades Contracts MaxStop Use_MaxStop MaxTPRatio Use_MaxTP Long Short Reverse Use_Kill Kill_Profit_Stop Kill_Loss_Stop Show_Current_PNL Show_Stats_Box Image_Opacity Corner_Image Background_Image Bot_Name ),3610,14220,-10610,1.34024505183789,-3240,82,0.182926829268293,
,1.34019886363636,True/2/0/3/0/10/175/300/False/False/1001/801/500/1/160/True/1.3/True/False/True/False/False/800/400/False/False/0.3/panthionIcon4.png/Oden2.png/PantheonMasterBotV01TesterV2 (Use_Time_Filter Start_Time_(HH) Start_Time_(mm) Duration_Time_(HH) Duration_Time_(mm) averageFast averageSlow averageTrend UseTrend UseTrendReverse ProfitStop LossStop MaxTrades Contracts MaxStop Use_MaxStop MaxTPRatio Use_MaxTP Long Short Reverse Use_Kill Kill_Profit_Stop Kill_Loss_Stop Show_Current_PNL Show_Stats_Box Image_Opacity Corner_Image Background_Image Bot_Name ),2395,9435,-7040,1.34019886363636,-2725,21,0.476190476190476,
,1.3401187446989,True/2/0/3/0/4/195/300/False/False/1001/801/500/1/180/True/1.2/True/False/True/False/False/800/400/False/False/0.3/panthionIcon4.png/Oden2.png/PantheonMasterBotV01TesterV2 (Use_Time_Filter Start_Time_(HH) Start_Time_(mm) Duration_Time_(HH) Duration_Time_(mm) averageFast averageSlow averageTrend UseTrend UseTrendReverse ProfitStop LossStop MaxTrades Contracts MaxStop Use_MaxStop MaxTPRatio Use_MaxTP Long Short Reverse Use_Kill Kill_Profit_Stop Kill_Loss_Stop Show_Current_PNL Show_Stats_Box Image_Opacity Corner_Image Background_Image Bot_Name ),2005,7900,-5895,1.3401187446989,-2390,19,0.473684210526316,
,1.34005905511811,True/2/0/3/0/10/185/300/False/False/1001/801/500/1/140/True/1.2/True/True/True/False/False/800/400/False/False/0.3/panthionIcon4.png/Oden2.png/PantheonMasterBotV01TesterV2 (Use_Time_Filter Start_Time_(HH) Start_Time_(mm) Duration_Time_(HH) Duration_Time_(mm) averageFast averageSlow averageTrend UseTrend UseTrendReverse ProfitStop LossStop MaxTrades Contracts MaxStop Use_MaxStop MaxTPRatio Use_MaxTP Long Short Reverse Use_Kill Kill_Profit_Stop Kill_Loss_Stop Show_Current_PNL Show_Stats_Box Image_Opacity Corner_Image Background_Image Bot_Name ),3455,13615,-10160,1.34005905511811,-3020,48,0.395833333333333,
,1.33995037220844,True/2/0/3/0/9/185/300/False/False/1001/801/500/1/160/True/1.7/True/True/False/False/False/800/400/False/False/0.3/panthionIcon4.png/Oden2.png/PantheonMasterBotV01TesterV2 (Use_Time_Filter Start_Time_(HH) Start_Time_(mm) Duration_Time_(HH) Duration_Time_(mm) averageFast averageSlow averageTrend UseTrend UseTrendReverse ProfitStop LossStop MaxTrades Contracts MaxStop Use_MaxStop MaxTPRatio Use_MaxTP Long Short Reverse Use_Kill Kill_Profit_Stop Kill_Loss_Stop Show_Current_PNL Show_Stats_Box Image_Opacity Corner_Image Background_Image Bot_Name ),2055,8100,-6045,1.33995037220844,-2635,19,0.526315789473684,
,1.3397913561848,True/2/0/3/0/2/175/300/False/False/1001/801/500/1/180/True/1.6/True/False/True/False/False/800/400/False/False/0.3/panthionIcon4.png/Oden2.png/PantheonMasterBotV01TesterV2 (Use_Time_Filter Start_Time_(HH) Start_Time_(mm) Duration_Time_(HH) Duration_Time_(mm) averageFast averageSlow averageTrend UseTrend UseTrendReverse ProfitStop LossStop MaxTrades Contracts MaxStop Use_MaxStop MaxTPRatio Use_MaxTP Long Short Reverse Use_Kill Kill_Profit_Stop Kill_Loss_Stop Show_Current_PNL Show_Stats_Box Image_Opacity Corner_Image Background_Image Bot_Name ),2280,8990,-6710,1.3397913561848,-2700,20,0.55,
,1.33977455716586,True/2/0/3/0/8/175/300/False/False/1001/801/500/1/160/True/1.7/True/False/True/False/False/800/400/False/False/0.3/panthionIcon4.png/Oden2.png/PantheonMasterBotV01TesterV2 (Use_Time_Filter Start_Time_(HH) Start_Time_(mm) Duration_Time_(HH) Duration_Time_(mm) averageFast averageSlow averageTrend UseTrend UseTrendReverse ProfitStop LossStop MaxTrades Contracts MaxStop Use_MaxStop MaxTPRatio Use_MaxTP Long Short Reverse Use_Kill Kill_Profit_Stop Kill_Loss_Stop Show_Current_PNL Show_Stats_Box Image_Opacity Corner_Image Background_Image Bot_Name ),2110,8320,-6210,1.33977455716586,-2530,21,0.333333333333333,
,1.33938172043011,True/2/0/3/0/8/155/300/False/False/1001/801/500/1/160/True/1.3/True/True/False/False/False/800/400/False/False/0.3/panthionIcon4.png/Oden2.png/PantheonMasterBotV01TesterV2 (Use_Time_Filter Start_Time_(HH) Start_Time_(mm) Duration_Time_(HH) Duration_Time_(mm) averageFast averageSlow averageTrend UseTrend UseTrendReverse ProfitStop LossStop MaxTrades Contracts MaxStop Use_MaxStop MaxTPRatio Use_MaxTP Long Short Reverse Use_Kill Kill_Profit_Stop Kill_Loss_Stop Show_Current_PNL Show_Stats_Box Image_Opacity Corner_Image Background_Image Bot_Name ),2525,9965,-7440,1.33938172043011,-2015,22,0.545454545454545,
,1.33811362382791,True/2/0/3/0/9/185/300/False/False/1001/801/500/1/140/True/1.5/True/True/True/False/False/800/400/False/False/0.3/panthionIcon4.png/Oden2.png/PantheonMasterBotV01TesterV2 (Use_Time_Filter Start_Time_(HH) Start_Time_(mm) Duration_Time_(HH) Duration_Time_(mm) averageFast averageSlow averageTrend UseTrend UseTrendReverse ProfitStop LossStop MaxTrades Contracts MaxStop Use_MaxStop MaxTPRatio Use_MaxTP Long Short Reverse Use_Kill Kill_Profit_Stop Kill_Loss_Stop Show_Current_PNL Show_Stats_Box Image_Opacity Corner_Image Background_Image Bot_Name ),3065,12130,-9065,1.33811362382791,-3250,47,0.361702127659574,
,1.33809001097695,True/2/0/3/0/7/175/300/False/False/1001/801/500/1/180/True/1.1/True/True/True/False/False/800/400/False/False/0.3/panthionIcon4.png/Oden2.png/PantheonMasterBotV01TesterV2 (Use_Time_Filter Start_Time_(HH) Start_Time_(mm) Duration_Time_(HH) Duration_Time_(mm) averageFast averageSlow averageTrend UseTrend UseTrendReverse ProfitStop LossStop MaxTrades Contracts MaxStop Use_MaxStop MaxTPRatio Use_MaxTP Long Short Reverse Use_Kill Kill_Profit_Stop Kill_Loss_Stop Show_Current_PNL Show_Stats_Box Image_Opacity Corner_Image Background_Image Bot_Name ),3080,12190,-9110,1.33809001097695,-3620,52,0.326923076923077,
,1.33768227168074,True/2/0/3/0/3/175/300/False/False/1001/801/500/1/160/True/1.5/True/False/True/False/False/800/400/False/False/0.3/panthionIcon4.png/Oden2.png/PantheonMasterBotV01TesterV2 (Use_Time_Filter Start_Time_(HH) Start_Time_(mm) Duration_Time_(HH) Duration_Time_(mm) averageFast averageSlow averageTrend UseTrend UseTrendReverse ProfitStop LossStop MaxTrades Contracts MaxStop Use_MaxStop MaxTPRatio Use_MaxTP Long Short Reverse Use_Kill Kill_Profit_Stop Kill_Loss_Stop Show_Current_PNL Show_Stats_Box Image_Opacity Corner_Image Background_Image Bot_Name ),2200,8715,-6515,1.33768227168074,-3010,22,0.5,
,1.33757535164099,True/2/0/3/0/8/165/300/False/False/1001/801/500/1/160/True/1.5/True/True/False/False/False/800/400/False/False/0.3/panthionIcon4.png/Oden2.png/PantheonMasterBotV01TesterV2 (Use_Time_Filter Start_Time_(HH) Start_Time_(mm) Duration_Time_(HH) Duration_Time_(mm) averageFast averageSlow averageTrend UseTrend UseTrendReverse ProfitStop LossStop MaxTrades Contracts MaxStop Use_MaxStop MaxTPRatio Use_MaxTP Long Short Reverse Use_Kill Kill_Profit_Stop Kill_Loss_Stop Show_Current_PNL Show_Stats_Box Image_Opacity Corner_Image Background_Image Bot_Name ),2520,9985,-7465,1.33757535164099,-2090,21,0.476190476190476,
,1.33753637245393,True/2/0/3/0/10/175/300/False/False/1001/801/500/1/140/True/1.3/True/True/True/False/False/800/400/False/False/0.3/panthionIcon4.png/Oden2.png/PantheonMasterBotV01TesterV2 (Use_Time_Filter Start_Time_(HH) Start_Time_(mm) Duration_Time_(HH) Duration_Time_(mm) averageFast averageSlow averageTrend UseTrend UseTrendReverse ProfitStop LossStop MaxTrades Contracts MaxStop Use_MaxStop MaxTPRatio Use_MaxTP Long Short Reverse Use_Kill Kill_Profit_Stop Kill_Loss_Stop Show_Current_PNL Show_Stats_Box Image_Opacity Corner_Image Background_Image Bot_Name ),3480,13790,-10310,1.33753637245393,-2400,50,0.36,
,1.33751205400193,True/2/0/3/0/7/175/300/False/False/1001/801/500/1/180/True/1.4/True/True/False/False/False/800/400/False/False/0.3/panthionIcon4.png/Oden2.png/PantheonMasterBotV01TesterV2 (Use_Time_Filter Start_Time_(HH) Start_Time_(mm) Duration_Time_(HH) Duration_Time_(mm) averageFast averageSlow averageTrend UseTrend UseTrendReverse ProfitStop LossStop MaxTrades Contracts MaxStop Use_MaxStop MaxTPRatio Use_MaxTP Long Short Reverse Use_Kill Kill_Profit_Stop Kill_Loss_Stop Show_Current_PNL Show_Stats_Box Image_Opacity Corner_Image Background_Image Bot_Name ),1750,6935,-5185,1.33751205400193,-2560,17,0.529411764705882,
,1.33656509695291,True/2/0/3/0/7/155/300/False/False/1001/801/500/1/160/True/1.7/True/True/True/False/False/800/400/False/False/0.3/panthionIcon4.png/Oden2.png/PantheonMasterBotV01TesterV2 (Use_Time_Filter Start_Time_(HH) Start_Time_(mm) Duration_Time_(HH) Duration_Time_(mm) averageFast averageSlow averageTrend UseTrend UseTrendReverse ProfitStop LossStop MaxTrades Contracts MaxStop Use_MaxStop MaxTPRatio Use_MaxTP Long Short Reverse Use_Kill Kill_Profit_Stop Kill_Loss_Stop Show_Current_PNL Show_Stats_Box Image_Opacity Corner_Image Background_Image Bot_Name ),3645,14475,-10830,1.33656509695291,-3810,62,0.274193548387097,
,1.33590361445783,True/2/0/3/0/8/165/300/False/False/1001/801/500/1/140/True/1.6/True/True/True/False/False/800/400/False/False/0.3/panthionIcon4.png/Oden2.png/PantheonMasterBotV01TesterV2 (Use_Time_Filter Start_Time_(HH) Start_Time_(mm) Duration_Time_(HH) Duration_Time_(mm) averageFast averageSlow averageTrend UseTrend UseTrendReverse ProfitStop LossStop MaxTrades Contracts MaxStop Use_MaxStop MaxTPRatio Use_MaxTP Long Short Reverse Use_Kill Kill_Profit_Stop Kill_Loss_Stop Show_Current_PNL Show_Stats_Box Image_Opacity Corner_Image Background_Image Bot_Name ),3485,13860,-10375,1.33590361445783,-2960,52,0.326923076923077,
,1.33590361445783,True/2/0/3/0/8/165/300/False/False/1001/801/500/1/160/True/1.4/True/True/True/False/False/800/400/False/False/0.3/panthionIcon4.png/Oden2.png/PantheonMasterBotV01TesterV2 (Use_Time_Filter Start_Time_(HH) Start_Time_(mm) Duration_Time_(HH) Duration_Time_(mm) averageFast averageSlow averageTrend UseTrend UseTrendReverse ProfitStop LossStop MaxTrades Contracts MaxStop Use_MaxStop MaxTPRatio Use_MaxTP Long Short Reverse Use_Kill Kill_Profit_Stop Kill_Loss_Stop Show_Current_PNL Show_Stats_Box Image_Opacity Corner_Image Background_Image Bot_Name ),3485,13860,-10375,1.33590361445783,-2960,52,0.326923076923077,
,1.33496332518337,True/2/0/3/0/9/195/300/False/False/1001/801/500/1/140/True/1.3/True/False/True/False/False/800/400/False/False/0.3/panthionIcon4.png/Oden2.png/PantheonMasterBotV01TesterV2 (Use_Time_Filter Start_Time_(HH) Start_Time_(mm) Duration_Time_(HH) Duration_Time_(mm) averageFast averageSlow averageTrend UseTrend UseTrendReverse ProfitStop LossStop MaxTrades Contracts MaxStop Use_MaxStop MaxTPRatio Use_MaxTP Long Short Reverse Use_Kill Kill_Profit_Stop Kill_Loss_Stop Show_Current_PNL Show_Stats_Box Image_Opacity Corner_Image Background_Image Bot_Name ),2055,8190,-6135,1.33496332518337,-2705,20,0.45,
,1.33490937746257,True/2/0/3/0/5/185/300/False/False/1001/801/500/1/140/True/1.1/True/False/True/False/False/800/400/False/False/0.3/panthionIcon4.png/Oden2.png/PantheonMasterBotV01TesterV2 (Use_Time_Filter Start_Time_(HH) Start_Time_(mm) Duration_Time_(HH) Duration_Time_(mm) averageFast averageSlow averageTrend UseTrend UseTrendReverse ProfitStop LossStop MaxTrades Contracts MaxStop Use_MaxStop MaxTPRatio Use_MaxTP Long Short Reverse Use_Kill Kill_Profit_Stop Kill_Loss_Stop Show_Current_PNL Show_Stats_Box Image_Opacity Corner_Image Background_Image Bot_Name ),2125,8470,-6345,1.33490937746257,-2140,23,0.478260869565217,
,1.3344,True/2/0/3/0/9/175/300/False/False/1001/801/500/1/160/True/1.4/True/True/False/False/False/800/400/False/False/0.3/panthionIcon4.png/Oden2.png/PantheonMasterBotV01TesterV2 (Use_Time_Filter Start_Time_(HH) Start_Time_(mm) Duration_Time_(HH) Duration_Time_(mm) averageFast averageSlow averageTrend UseTrend UseTrendReverse ProfitStop LossStop MaxTrades Contracts MaxStop Use_MaxStop MaxTPRatio Use_MaxTP Long Short Reverse Use_Kill Kill_Profit_Stop Kill_Loss_Stop Show_Current_PNL Show_Stats_Box Image_Opacity Corner_Image Background_Image Bot_Name ),2090,8340,-6250,1.3344,-2905,20,0.5,
,1.33333333333333,True/2/0/3/0/7/155/300/False/False/1001/801/500/1/160/True/1.6/True/True/True/False/False/800/400/False/False/0.3/panthionIcon4.png/Oden2.png/PantheonMasterBotV01TesterV2 (Use_Time_Filter Start_Time_(HH) Start_Time_(mm) Duration_Time_(HH) Duration_Time_(mm) averageFast averageSlow averageTrend UseTrend UseTrendReverse ProfitStop LossStop MaxTrades Contracts MaxStop Use_MaxStop MaxTPRatio Use_MaxTP Long Short Reverse Use_Kill Kill_Profit_Stop Kill_Loss_Stop Show_Current_PNL Show_Stats_Box Image_Opacity Corner_Image Background_Image Bot_Name ),3610,14440,-10830,1.33333333333333,-3970,62,0.274193548387097,
,1.33333333333333,True/2/0/3/0/8/175/300/False/False/1001/801/500/1/140/True/1.2/True/False/True/False/False/800/400/False/False/0.3/panthionIcon4.png/Oden2.png/PantheonMasterBotV01TesterV2 (Use_Time_Filter Start_Time_(HH) Start_Time_(mm) Duration_Time_(HH) Duration_Time_(mm) averageFast averageSlow averageTrend UseTrend UseTrendReverse ProfitStop LossStop MaxTrades Contracts MaxStop Use_MaxStop MaxTPRatio Use_MaxTP Long Short Reverse Use_Kill Kill_Profit_Stop Kill_Loss_Stop Show_Current_PNL Show_Stats_Box Image_Opacity Corner_Image Background_Image Bot_Name ),2100,8400,-6300,1.33333333333333,-1540,22,0.454545454545455,
,1.33333333333333,True/2/0/3/0/9/155/300/False/False/1001/801/500/1/140/True/1.3/True/True/True/False/False/800/400/False/False/0.3/panthionIcon4.png/Oden2.png/PantheonMasterBotV01TesterV2 (Use_Time_Filter Start_Time_(HH) Start_Time_(mm) Duration_Time_(HH) Duration_Time_(mm) averageFast averageSlow averageTrend UseTrend UseTrendReverse ProfitStop LossStop MaxTrades Contracts MaxStop Use_MaxStop MaxTPRatio Use_MaxTP Long Short Reverse Use_Kill Kill_Profit_Stop Kill_Loss_Stop Show_Current_PNL Show_Stats_Box Image_Opacity Corner_Image Background_Image Bot_Name ),3830,15320,-11490,1.33333333333333,-3035,58,0.310344827586207,
,1.33268983268983,True/2/0/3/0/6/165/300/False/False/1001/801/500/1/140/True/1.6/True/True/False/False/False/800/400/False/False/0.3/panthionIcon4.png/Oden2.png/PantheonMasterBotV01TesterV2 (Use_Time_Filter Start_Time_(HH) Start_Time_(mm) Duration_Time_(HH) Duration_Time_(mm) averageFast averageSlow averageTrend UseTrend UseTrendReverse ProfitStop LossStop MaxTrades Contracts MaxStop Use_MaxStop MaxTPRatio Use_MaxTP Long Short Reverse Use_Kill Kill_Profit_Stop Kill_Loss_Stop Show_Current_PNL Show_Stats_Box Image_Opacity Corner_Image Background_Image Bot_Name ),2585,10355,-7770,1.33268983268983,-1740,23,0.434782608695652,
,1.33260553129549,True/2/0/3/0/2/185/300/False/False/1001/801/500/1/140/True/1.3/True/False/True/False/False/800/400/False/False/0.3/panthionIcon4.png/Oden2.png/PantheonMasterBotV01TesterV2 (Use_Time_Filter Start_Time_(HH) Start_Time_(mm) Duration_Time_(HH) Duration_Time_(mm) averageFast averageSlow averageTrend UseTrend UseTrendReverse ProfitStop LossStop MaxTrades Contracts MaxStop Use_MaxStop MaxTPRatio Use_MaxTP Long Short Reverse Use_Kill Kill_Profit_Stop Kill_Loss_Stop Show_Current_PNL Show_Stats_Box Image_Opacity Corner_Image Background_Image Bot_Name ),2285,9155,-6870,1.33260553129549,-2345,24,0.458333333333333,
,1.3323720259553,True/2/0/3/0/9/165/300/False/False/1001/801/500/1/140/True/1.1/True/False/True/False/False/800/400/False/False/0.3/panthionIcon4.png/Oden2.png/PantheonMasterBotV01TesterV2 (Use_Time_Filter Start_Time_(HH) Start_Time_(mm) Duration_Time_(HH) Duration_Time_(mm) averageFast averageSlow averageTrend UseTrend UseTrendReverse ProfitStop LossStop MaxTrades Contracts MaxStop Use_MaxStop MaxTPRatio Use_MaxTP Long Short Reverse Use_Kill Kill_Profit_Stop Kill_Loss_Stop Show_Current_PNL Show_Stats_Box Image_Opacity Corner_Image Background_Image Bot_Name ),2305,9240,-6935,1.3323720259553,-1515,25,0.48,
,1.33217304823471,True/2/0/3/0/6/165/300/False/False/1001/801/500/1/160/True/1.1/True/True/True/False/False/800/400/False/False/0.3/panthionIcon4.png/Oden2.png/PantheonMasterBotV01TesterV2 (Use_Time_Filter Start_Time_(HH) Start_Time_(mm) Duration_Time_(HH) Duration_Time_(mm) averageFast averageSlow averageTrend UseTrend UseTrendReverse ProfitStop LossStop MaxTrades Contracts MaxStop Use_MaxStop MaxTPRatio Use_MaxTP Long Short Reverse Use_Kill Kill_Profit_Stop Kill_Loss_Stop Show_Current_PNL Show_Stats_Box Image_Opacity Corner_Image Background_Image Bot_Name ),3340,13395,-10055,1.33217304823471,-3420,56,0.303571428571429,
,1.33173461231015,True/2/0/3/0/4/185/300/False/False/1001/801/500/1/140/True/1.7/True/False/True/False/False/800/400/False/False/0.3/panthionIcon4.png/Oden2.png/PantheonMasterBotV01TesterV2 (Use_Time_Filter Start_Time_(HH) Start_Time_(mm) Duration_Time_(HH) Duration_Time_(mm) averageFast averageSlow averageTrend UseTrend UseTrendReverse ProfitStop LossStop MaxTrades Contracts MaxStop Use_MaxStop MaxTPRatio Use_MaxTP Long Short Reverse Use_Kill Kill_Profit_Stop Kill_Loss_Stop Show_Current_PNL Show_Stats_Box Image_Opacity Corner_Image Background_Image Bot_Name ),2075,8330,-6255,1.33173461231015,-2640,21,0.333333333333333,
,1.33150934792522,True/2/0/3/0/2/185/300/False/False/1001/801/500/1/160/True/1.5/True/True/True/False/False/800/400/False/False/0.3/panthionIcon4.png/Oden2.png/PantheonMasterBotV01TesterV2 (Use_Time_Filter Start_Time_(HH) Start_Time_(mm) Duration_Time_(HH) Duration_Time_(mm) averageFast averageSlow averageTrend UseTrend UseTrendReverse ProfitStop LossStop MaxTrades Contracts MaxStop Use_MaxStop MaxTPRatio Use_MaxTP Long Short Reverse Use_Kill Kill_Profit_Stop Kill_Loss_Stop Show_Current_PNL Show_Stats_Box Image_Opacity Corner_Image Background_Image Bot_Name ),3635,14600,-10965,1.33150934792522,-3080,91,0.208791208791209,
,1.33093525179856,True/2/0/3/0/10/155/300/False/False/1001/801/500/1/160/True/1.4/True/False/True/False/False/800/400/False/False/0.3/panthionIcon4.png/Oden2.png/PantheonMasterBotV01TesterV2 (Use_Time_Filter Start_Time_(HH) Start_Time_(mm) Duration_Time_(HH) Duration_Time_(mm) averageFast averageSlow averageTrend UseTrend UseTrendReverse ProfitStop LossStop MaxTrades Contracts MaxStop Use_MaxStop MaxTPRatio Use_MaxTP Long Short Reverse Use_Kill Kill_Profit_Stop Kill_Loss_Stop Show_Current_PNL Show_Stats_Box Image_Opacity Corner_Image Background_Image Bot_Name ),2530,10175,-7645,1.33093525179856,-2400,21,0.476190476190476,
,1.33080927591103,True/2/0/3/0/6/185/300/False/False/1001/801/500/1/180/True/1.2/True/True/True/False/False/800/400/False/False/0.3/panthionIcon4.png/Oden2.png/PantheonMasterBotV01TesterV2 (Use_Time_Filter Start_Time_(HH) Start_Time_(mm) Duration_Time_(HH) Duration_Time_(mm) averageFast averageSlow averageTrend UseTrend UseTrendReverse ProfitStop LossStop MaxTrades Contracts MaxStop Use_MaxStop MaxTPRatio Use_MaxTP Long Short Reverse Use_Kill Kill_Profit_Stop Kill_Loss_Stop Show_Current_PNL Show_Stats_Box Image_Opacity Corner_Image Background_Image Bot_Name ),3495,14060,-10565,1.33080927591103,-2970,56,0.267857142857143,
,1.32938240798503,True/2/0/3/0/7/155/300/False/False/1001/801/500/1/140/True/1.4/True/True/False/False/False/800/400/False/False/0.3/panthionIcon4.png/Oden2.png/PantheonMasterBotV01TesterV2 (Use_Time_Filter Start_Time_(HH) Start_Time_(mm) Duration_Time_(HH) Duration_Time_(mm) averageFast averageSlow averageTrend UseTrend UseTrendReverse ProfitStop LossStop MaxTrades Contracts MaxStop Use_MaxStop MaxTPRatio Use_MaxTP Long Short Reverse Use_Kill Kill_Profit_Stop Kill_Loss_Stop Show_Current_PNL Show_Stats_Box Image_Opacity Corner_Image Background_Image Bot_Name ),2640,10655,-8015,1.32938240798503,-2095,27,0.555555555555556,
,1.32892690513219,True/2/0/3/0/10/175/300/False/False/1001/801/500/1/140/True/1.1/True/False/True/False/False/800/400/False/False/0.3/panthionIcon4.png/Oden2.png/PantheonMasterBotV01TesterV2 (Use_Time_Filter Start_Time_(HH) Start_Time_(mm) Duration_Time_(HH) Duration_Time_(mm) averageFast averageSlow averageTrend UseTrend UseTrendReverse ProfitStop LossStop MaxTrades Contracts MaxStop Use_MaxStop MaxTPRatio Use_MaxTP Long Short Reverse Use_Kill Kill_Profit_Stop Kill_Loss_Stop Show_Current_PNL Show_Stats_Box Image_Opacity Corner_Image Background_Image Bot_Name ),2115,8545,-6430,1.32892690513219,-1530,23,0.521739130434783,
,1.32891466445733,True/2/0/3/0/8/195/300/False/False/1001/801/500/1/160/True/1.4/True/False/True/False/False/800/400/False/False/0.3/panthionIcon4.png/Oden2.png/PantheonMasterBotV01TesterV2 (Use_Time_Filter Start_Time_(HH) Start_Time_(mm) Duration_Time_(HH) Duration_Time_(mm) averageFast averageSlow averageTrend UseTrend UseTrendReverse ProfitStop LossStop MaxTrades Contracts MaxStop Use_MaxStop MaxTPRatio Use_MaxTP Long Short Reverse Use_Kill Kill_Profit_Stop Kill_Loss_Stop Show_Current_PNL Show_Stats_Box Image_Opacity Corner_Image Background_Image Bot_Name ),1985,8020,-6035,1.32891466445733,-2355,18,0.444444444444444,
,1.32858340318525,True/2/0/3/0/7/195/300/False/False/1001/801/500/1/160/True/1.6/True/False/True/False/False/800/400/False/False/0.3/panthionIcon4.png/Oden2.png/PantheonMasterBotV01TesterV2 (Use_Time_Filter Start_Time_(HH) Start_Time_(mm) Duration_Time_(HH) Duration_Time_(mm) averageFast averageSlow averageTrend UseTrend UseTrendReverse ProfitStop LossStop MaxTrades Contracts MaxStop Use_MaxStop MaxTPRatio Use_MaxTP Long Short Reverse Use_Kill Kill_Profit_Stop Kill_Loss_Stop Show_Current_PNL Show_Stats_Box Image_Opacity Corner_Image Background_Image Bot_Name ),1960,7925,-5965,1.32858340318525,-2120,19,0.473684210526316,
,1.32848043676069,True/2/0/3/0/10/155/300/False/False/1001/801/500/1/140/True/1.7/True/True/True/False/False/800/400/False/False/0.3/panthionIcon4.png/Oden2.png/PantheonMasterBotV01TesterV2 (Use_Time_Filter Start_Time_(HH) Start_Time_(mm) Duration_Time_(HH) Duration_Time_(mm) averageFast averageSlow averageTrend UseTrend UseTrendReverse ProfitStop LossStop MaxTrades Contracts MaxStop Use_MaxStop MaxTPRatio Use_MaxTP Long Short Reverse Use_Kill Kill_Profit_Stop Kill_Loss_Stop Show_Current_PNL Show_Stats_Box Image_Opacity Corner_Image Background_Image Bot_Name ),3610,14600,-10990,1.32848043676069,-3160,48,0.395833333333333,
,1.32843497428362,True/2/0/3/0/2/195/300/False/False/1001/801/500/1/140/True/1.4/True/False/True/False/False/800/400/False/False/0.3/panthionIcon4.png/Oden2.png/PantheonMasterBotV01TesterV2 (Use_Time_Filter Start_Time_(HH) Start_Time_(mm) Duration_Time_(HH) Duration_Time_(mm) averageFast averageSlow averageTrend UseTrend UseTrendReverse ProfitStop LossStop MaxTrades Contracts MaxStop Use_MaxStop MaxTPRatio Use_MaxTP Long Short Reverse Use_Kill Kill_Profit_Stop Kill_Loss_Stop Show_Current_PNL Show_Stats_Box Image_Opacity Corner_Image Background_Image Bot_Name ),2235,9040,-6805,1.32843497428362,-2520,23,0.478260869565217,
,1.32834424695978,True/2/0/3/0/2/185/300/False/False/1001/801/500/1/180/True/1.6/True/True/True/False/False/800/400/False/False/0.3/panthionIcon4.png/Oden2.png/PantheonMasterBotV01TesterV2 (Use_Time_Filter Start_Time_(HH) Start_Time_(mm) Duration_Time_(HH) Duration_Time_(mm) averageFast averageSlow averageTrend UseTrend UseTrendReverse ProfitStop LossStop MaxTrades Contracts MaxStop Use_MaxStop MaxTPRatio Use_MaxTP Long Short Reverse Use_Kill Kill_Profit_Stop Kill_Loss_Stop Show_Current_PNL Show_Stats_Box Image_Opacity Corner_Image Background_Image Bot_Name ),3510,14200,-10690,1.32834424695978,-2840,90,0.211111111111111,
,1.32727272727273,True/2/0/3/0/2/175/300/False/False/1001/801/500/1/180/True/1.6/True/True/True/False/False/800/400/False/False/0.3/panthionIcon4.png/Oden2.png/PantheonMasterBotV01TesterV2 (Use_Time_Filter Start_Time_(HH) Start_Time_(mm) Duration_Time_(HH) Duration_Time_(mm) averageFast averageSlow averageTrend UseTrend UseTrendReverse ProfitStop LossStop MaxTrades Contracts MaxStop Use_MaxStop MaxTPRatio Use_MaxTP Long Short Reverse Use_Kill Kill_Profit_Stop Kill_Loss_Stop Show_Current_PNL Show_Stats_Box Image_Opacity Corner_Image Background_Image Bot_Name ),3240,13140,-9900,1.32727272727273,-3725,90,0.233333333333333,
,1.32633279483037,True/2/0/3/0/10/185/300/False/False/1001/801/500/1/160/True/1.4/True/True/False/False/False/800/400/False/False/0.3/panthionIcon4.png/Oden2.png/PantheonMasterBotV01TesterV2 (Use_Time_Filter Start_Time_(HH) Start_Time_(mm) Duration_Time_(HH) Duration_Time_(mm) averageFast averageSlow averageTrend UseTrend UseTrendReverse ProfitStop LossStop MaxTrades Contracts MaxStop Use_MaxStop MaxTPRatio Use_MaxTP Long Short Reverse Use_Kill Kill_Profit_Stop Kill_Loss_Stop Show_Current_PNL Show_Stats_Box Image_Opacity Corner_Image Background_Image Bot_Name ),2020,8210,-6190,1.32633279483037,-2750,18,0.5,
,1.32625582599689,True/2/0/3/0/9/195/300/False/False/1001/801/500/1/180/True/1.4/True/True/True/False/False/800/400/False/False/0.3/panthionIcon4.png/Oden2.png/PantheonMasterBotV01TesterV2 (Use_Time_Filter Start_Time_(HH) Start_Time_(mm) Duration_Time_(HH) Duration_Time_(mm) averageFast averageSlow averageTrend UseTrend UseTrendReverse ProfitStop LossStop MaxTrades Contracts MaxStop Use_MaxStop MaxTPRatio Use_MaxTP Long Short Reverse Use_Kill Kill_Profit_Stop Kill_Loss_Stop Show_Current_PNL Show_Stats_Box Image_Opacity Corner_Image Background_Image Bot_Name ),3150,12805,-9655,1.32625582599689,-2560,45,0.266666666666667,
,1.32568027210884,True/2/0/3/0/8/185/300/False/False/1001/801/500/1/160/True/1.6/True/True/False/False/False/800/400/False/False/0.3/panthionIcon4.png/Oden2.png/PantheonMasterBotV01TesterV2 (Use_Time_Filter Start_Time_(HH) Start_Time_(mm) Duration_Time_(HH) Duration_Time_(mm) averageFast averageSlow averageTrend UseTrend UseTrendReverse ProfitStop LossStop MaxTrades Contracts MaxStop Use_MaxStop MaxTPRatio Use_MaxTP Long Short Reverse Use_Kill Kill_Profit_Stop Kill_Loss_Stop Show_Current_PNL Show_Stats_Box Image_Opacity Corner_Image Background_Image Bot_Name ),1915,7795,-5880,1.32568027210884,-2490,20,0.5,
,1.3256320836966,True/2/0/3/0/10/155/300/False/False/1001/801/500/1/160/True/1.1/True/True/True/False/False/800/400/False/False/0.3/panthionIcon4.png/Oden2.png/PantheonMasterBotV01TesterV2 (Use_Time_Filter Start_Time_(HH) Start_Time_(mm) Duration_Time_(HH) Duration_Time_(mm) averageFast averageSlow averageTrend UseTrend UseTrendReverse ProfitStop LossStop MaxTrades Contracts MaxStop Use_MaxStop MaxTPRatio Use_MaxTP Long Short Reverse Use_Kill Kill_Profit_Stop Kill_Loss_Stop Show_Current_PNL Show_Stats_Box Image_Opacity Corner_Image Background_Image Bot_Name ),3735,15205,-11470,1.3256320836966,-1945,54,0.407407407407407,
,1.32523510971787,True/2/0/3/0/7/185/300/False/False/1001/801/500/1/180/True/1.3/True/True/False/False/False/800/400/False/False/0.3/panthionIcon4.png/Oden2.png/PantheonMasterBotV01TesterV2 (Use_Time_Filter Start_Time_(HH) Start_Time_(mm) Duration_Time_(HH) Duration_Time_(mm) averageFast averageSlow averageTrend UseTrend UseTrendReverse ProfitStop LossStop MaxTrades Contracts MaxStop Use_MaxStop MaxTPRatio Use_MaxTP Long Short Reverse Use_Kill Kill_Profit_Stop Kill_Loss_Stop Show_Current_PNL Show_Stats_Box Image_Opacity Corner_Image Background_Image Bot_Name ),2075,8455,-6380,1.32523510971787,-4035,18,0.5,
,1.3251155624037,True/2/0/3/0/9/165/300/False/False/1001/801/500/1/160/True/1.4/True/True/True/False/False/800/400/False/False/0.3/panthionIcon4.png/Oden2.png/PantheonMasterBotV01TesterV2 (Use_Time_Filter Start_Time_(HH) Start_Time_(mm) Duration_Time_(HH) Duration_Time_(mm) averageFast averageSlow averageTrend UseTrend UseTrendReverse ProfitStop LossStop MaxTrades Contracts MaxStop Use_MaxStop MaxTPRatio Use_MaxTP Long Short Reverse Use_Kill Kill_Profit_Stop Kill_Loss_Stop Show_Current_PNL Show_Stats_Box Image_Opacity Corner_Image Background_Image Bot_Name ),3165,12900,-9735,1.3251155624037,-3065,48,0.3125,
,1.32491767288694,True/2/0/3/0/7/175/300/False/False/1001/801/500/1/140/True/1.4/True/True/True/False/False/800/400/False/False/0.3/panthionIcon4.png/Oden2.png/PantheonMasterBotV01TesterV2 (Use_Time_Filter Start_Time_(HH) Start_Time_(mm) Duration_Time_(HH) Duration_Time_(mm) averageFast averageSlow averageTrend UseTrend UseTrendReverse ProfitStop LossStop MaxTrades Contracts MaxStop Use_MaxStop MaxTPRatio Use_MaxTP Long Short Reverse Use_Kill Kill_Profit_Stop Kill_Loss_Stop Show_Current_PNL Show_Stats_Box Image_Opacity Corner_Image Background_Image Bot_Name ),2960,12070,-9110,1.32491767288694,-3640,52,0.326923076923077,
,1.32470222682548,True/2/0/3/0/9/195/300/False/False/1001/801/500/1/180/True/1.6/True/True/True/False/False/800/400/False/False/0.3/panthionIcon4.png/Oden2.png/PantheonMasterBotV01TesterV2 (Use_Time_Filter Start_Time_(HH) Start_Time_(mm) Duration_Time_(HH) Duration_Time_(mm) averageFast averageSlow averageTrend UseTrend UseTrendReverse ProfitStop LossStop MaxTrades Contracts MaxStop Use_MaxStop MaxTPRatio Use_MaxTP Long Short Reverse Use_Kill Kill_Profit_Stop Kill_Loss_Stop Show_Current_PNL Show_Stats_Box Image_Opacity Corner_Image Background_Image Bot_Name ),3135,12790,-9655,1.32470222682548,-2755,45,0.266666666666667,
,1.3244635193133,True/2/0/3/0/8/155/300/False/False/1001/801/500/1/180/True/1.4/True/True/False/False/False/800/400/False/False/0.3/panthionIcon4.png/Oden2.png/PantheonMasterBotV01TesterV2 (Use_Time_Filter Start_Time_(HH) Start_Time_(mm) Duration_Time_(HH) Duration_Time_(mm) averageFast averageSlow averageTrend UseTrend UseTrendReverse ProfitStop LossStop MaxTrades Contracts MaxStop Use_MaxStop MaxTPRatio Use_MaxTP Long Short Reverse Use_Kill Kill_Profit_Stop Kill_Loss_Stop Show_Current_PNL Show_Stats_Box Image_Opacity Corner_Image Background_Image Bot_Name ),1890,7715,-5825,1.3244635193133,-2585,18,0.5,
,1.32413350449294,True/2/0/3/0/6/165/300/False/False/1001/801/500/1/140/True/1.6/True/False/True/False/False/800/400/False/False/0.3/panthionIcon4.png/Oden2.png/PantheonMasterBotV01TesterV2 (Use_Time_Filter Start_Time_(HH) Start_Time_(mm) Duration_Time_(HH) Duration_Time_(mm) averageFast averageSlow averageTrend UseTrend UseTrendReverse ProfitStop LossStop MaxTrades Contracts MaxStop Use_MaxStop MaxTPRatio Use_MaxTP Long Short Reverse Use_Kill Kill_Profit_Stop Kill_Loss_Stop Show_Current_PNL Show_Stats_Box Image_Opacity Corner_Image Background_Image Bot_Name ),2525,10315,-7790,1.32413350449294,-2750,23,0.434782608695652,
,1.32352941176471,True/2/0/3/0/9/195/300/False/False/1001/801/500/1/180/True/1.4/True/False/True/False/False/800/400/False/False/0.3/panthionIcon4.png/Oden2.png/PantheonMasterBotV01TesterV2 (Use_Time_Filter Start_Time_(HH) Start_Time_(mm) Duration_Time_(HH) Duration_Time_(mm) averageFast averageSlow averageTrend UseTrend UseTrendReverse ProfitStop LossStop MaxTrades Contracts MaxStop Use_MaxStop MaxTPRatio Use_MaxTP Long Short Reverse Use_Kill Kill_Profit_Stop Kill_Loss_Stop Show_Current_PNL Show_Stats_Box Image_Opacity Corner_Image Background_Image Bot_Name ),1870,7650,-5780,1.32352941176471,-2530,17,0.411764705882353,
,1.32330827067669,True/2/0/3/0/7/155/300/False/False/1001/801/500/1/140/True/1.6/True/True/False/False/False/800/400/False/False/0.3/panthionIcon4.png/Oden2.png/PantheonMasterBotV01TesterV2 (Use_Time_Filter Start_Time_(HH) Start_Time_(mm) Duration_Time_(HH) Duration_Time_(mm) averageFast averageSlow averageTrend UseTrend UseTrendReverse ProfitStop LossStop MaxTrades Contracts MaxStop Use_MaxStop MaxTPRatio Use_MaxTP Long Short Reverse Use_Kill Kill_Profit_Stop Kill_Loss_Stop Show_Current_PNL Show_Stats_Box Image_Opacity Corner_Image Background_Image Bot_Name ),2365,9680,-7315,1.32330827067669,-2265,24,0.541666666666667,
,1.32313575525813,True/2/0/3/0/10/155/300/False/False/1001/801/500/1/160/True/1.3/True/True/True/False/False/800/400/False/False/0.3/panthionIcon4.png/Oden2.png/PantheonMasterBotV01TesterV2 (Use_Time_Filter Start_Time_(HH) Start_Time_(mm) Duration_Time_(HH) Duration_Time_(mm) averageFast averageSlow averageTrend UseTrend UseTrendReverse ProfitStop LossStop MaxTrades Contracts MaxStop Use_MaxStop MaxTPRatio Use_MaxTP Long Short Reverse Use_Kill Kill_Profit_Stop Kill_Loss_Stop Show_Current_PNL Show_Stats_Box Image_Opacity Corner_Image Background_Image Bot_Name ),3380,13840,-10460,1.32313575525813,-3425,47,0.425531914893617,
,1.32283858070965,True/2/0/3/0/2/175/300/False/False/1001/801/500/1/180/True/1.3/True/True/True/False/False/800/400/False/False/0.3/panthionIcon4.png/Oden2.png/PantheonMasterBotV01TesterV2 (Use_Time_Filter Start_Time_(HH) Start_Time_(mm) Duration_Time_(HH) Duration_Time_(mm) averageFast averageSlow averageTrend UseTrend UseTrendReverse ProfitStop LossStop MaxTrades Contracts MaxStop Use_MaxStop MaxTPRatio Use_MaxTP Long Short Reverse Use_Kill Kill_Profit_Stop Kill_Loss_Stop Show_Current_PNL Show_Stats_Box Image_Opacity Corner_Image Background_Image Bot_Name ),3230,13235,-10005,1.32283858070965,-3725,91,0.230769230769231,
,1.32265275707899,True/2/0/3/0/2/175/300/False/False/1001/801/500/1/180/True/1.2/True/False/True/False/False/800/400/False/False/0.3/panthionIcon4.png/Oden2.png/PantheonMasterBotV01TesterV2 (Use_Time_Filter Start_Time_(HH) Start_Time_(mm) Duration_Time_(HH) Duration_Time_(mm) averageFast averageSlow averageTrend UseTrend UseTrendReverse ProfitStop LossStop MaxTrades Contracts MaxStop Use_MaxStop MaxTPRatio Use_MaxTP Long Short Reverse Use_Kill Kill_Profit_Stop Kill_Loss_Stop Show_Current_PNL Show_Stats_Box Image_Opacity Corner_Image Background_Image Bot_Name ),2165,8875,-6710,1.32265275707899,-2700,20,0.55,
,1.3219696969697,True/2/0/3/0/9/175/300/False/False/1001/801/500/1/140/True/1.7/True/False/True/False/False/800/400/False/False/0.3/panthionIcon4.png/Oden2.png/PantheonMasterBotV01TesterV2 (Use_Time_Filter Start_Time_(HH) Start_Time_(mm) Duration_Time_(HH) Duration_Time_(mm) averageFast averageSlow averageTrend UseTrend UseTrendReverse ProfitStop LossStop MaxTrades Contracts MaxStop Use_MaxStop MaxTPRatio Use_MaxTP Long Short Reverse Use_Kill Kill_Profit_Stop Kill_Loss_Stop Show_Current_PNL Show_Stats_Box Image_Opacity Corner_Image Background_Image Bot_Name ),2125,8725,-6600,1.3219696969697,-2465,21,0.428571428571429,
,1.32179386309992,True/2/0/3/0/4/185/300/False/False/1001/801/500/1/140/True/1.2/True/False/True/False/False/800/400/False/False/0.3/panthionIcon4.png/Oden2.png/PantheonMasterBotV01TesterV2 (Use_Time_Filter Start_Time_(HH) Start_Time_(mm) Duration_Time_(HH) Duration_Time_(mm) averageFast averageSlow averageTrend UseTrend UseTrendReverse ProfitStop LossStop MaxTrades Contracts MaxStop Use_MaxStop MaxTPRatio Use_MaxTP Long Short Reverse Use_Kill Kill_Profit_Stop Kill_Loss_Stop Show_Current_PNL Show_Stats_Box Image_Opacity Corner_Image Background_Image Bot_Name ),2045,8400,-6355,1.32179386309992,-2155,22,0.454545454545455,
,1.32155477031802,True/2/0/3/0/5/195/300/False/False/1001/801/500/1/160/True/1.3/True/False/True/False/False/800/400/False/False/0.3/panthionIcon4.png/Oden2.png/PantheonMasterBotV01TesterV2 (Use_Time_Filter Start_Time_(HH) Start_Time_(mm) Duration_Time_(HH) Duration_Time_(mm) averageFast averageSlow averageTrend UseTrend UseTrendReverse ProfitStop LossStop MaxTrades Contracts MaxStop Use_MaxStop MaxTPRatio Use_MaxTP Long Short Reverse Use_Kill Kill_Profit_Stop Kill_Loss_Stop Show_Current_PNL Show_Stats_Box Image_Opacity Corner_Image Background_Image Bot_Name ),1820,7480,-5660,1.32155477031802,-2315,20,0.4,
,1.32086450540316,True/2/0/3/0/8/165/300/False/False/1001/801/500/1/180/True/1.2/True/True/False/False/False/800/400/False/False/0.3/panthionIcon4.png/Oden2.png/PantheonMasterBotV01TesterV2 (Use_Time_Filter Start_Time_(HH) Start_Time_(mm) Duration_Time_(HH) Duration_Time_(mm) averageFast averageSlow averageTrend UseTrend UseTrendReverse ProfitStop LossStop MaxTrades Contracts MaxStop Use_MaxStop MaxTPRatio Use_MaxTP Long Short Reverse Use_Kill Kill_Profit_Stop Kill_Loss_Stop Show_Current_PNL Show_Stats_Box Image_Opacity Corner_Image Background_Image Bot_Name ),1930,7945,-6015,1.32086450540316,-2315,18,0.5,
,1.32041969330105,True/2/0/3/0/4/195/300/False/False/1001/801/500/1/160/True/1.4/True/False/True/False/False/800/400/False/False/0.3/panthionIcon4.png/Oden2.png/PantheonMasterBotV01TesterV2 (Use_Time_Filter Start_Time_(HH) Start_Time_(mm) Duration_Time_(HH) Duration_Time_(mm) averageFast averageSlow averageTrend UseTrend UseTrendReverse ProfitStop LossStop MaxTrades Contracts MaxStop Use_MaxStop MaxTPRatio Use_MaxTP Long Short Reverse Use_Kill Kill_Profit_Stop Kill_Loss_Stop Show_Current_PNL Show_Stats_Box Image_Opacity Corner_Image Background_Image Bot_Name ),1985,8180,-6195,1.32041969330105,-2990,20,0.45,
,1.32036947010209,True/2/0/3/0/10/175/300/False/False/1001/801/500/1/140/True/1.2/True/True/True/False/False/800/400/False/False/0.3/panthionIcon4.png/Oden2.png/PantheonMasterBotV01TesterV2 (Use_Time_Filter Start_Time_(HH) Start_Time_(mm) Duration_Time_(HH) Duration_Time_(mm) averageFast averageSlow averageTrend UseTrend UseTrendReverse ProfitStop LossStop MaxTrades Contracts MaxStop Use_MaxStop MaxTPRatio Use_MaxTP Long Short Reverse Use_Kill Kill_Profit_Stop Kill_Loss_Stop Show_Current_PNL Show_Stats_Box Image_Opacity Corner_Image Background_Image Bot_Name ),3295,13580,-10285,1.32036947010209,-2375,50,0.38,
,1.32022029897718,True/2/0/3/0/4/175/300/False/False/1001/801/500/1/180/True/1.5/True/False/True/False/False/800/400/False/False/0.3/panthionIcon4.png/Oden2.png/PantheonMasterBotV01TesterV2 (Use_Time_Filter Start_Time_(HH) Start_Time_(mm) Duration_Time_(HH) Duration_Time_(mm) averageFast averageSlow averageTrend UseTrend UseTrendReverse ProfitStop LossStop MaxTrades Contracts MaxStop Use_MaxStop MaxTPRatio Use_MaxTP Long Short Reverse Use_Kill Kill_Profit_Stop Kill_Loss_Stop Show_Current_PNL Show_Stats_Box Image_Opacity Corner_Image Background_Image Bot_Name ),2035,8390,-6355,1.32022029897718,-2700,20,0.55,
,1.32006048387097,True/2/0/3/0/9/175/300/False/False/1001/801/500/1/160/True/1.3/True/True/True/False/False/800/400/False/False/0.3/panthionIcon4.png/Oden2.png/PantheonMasterBotV01TesterV2 (Use_Time_Filter Start_Time_(HH) Start_Time_(mm) Duration_Time_(HH) Duration_Time_(mm) averageFast averageSlow averageTrend UseTrend UseTrendReverse ProfitStop LossStop MaxTrades Contracts MaxStop Use_MaxStop MaxTPRatio Use_MaxTP Long Short Reverse Use_Kill Kill_Profit_Stop Kill_Loss_Stop Show_Current_PNL Show_Stats_Box Image_Opacity Corner_Image Background_Image Bot_Name ),3175,13095,-9920,1.32006048387097,-2880,48,0.354166666666667,
,1.31948686621869,True/2/0/3/0/6/165/300/False/False/1001/801/500/1/180/True/1.2/True/False/True/False/False/800/400/False/False/0.3/panthionIcon4.png/Oden2.png/PantheonMasterBotV01TesterV2 (Use_Time_Filter Start_Time_(HH) Start_Time_(mm) Duration_Time_(HH) Duration_Time_(mm) averageFast averageSlow averageTrend UseTrend UseTrendReverse ProfitStop LossStop MaxTrades Contracts MaxStop Use_MaxStop MaxTPRatio Use_MaxTP Long Short Reverse Use_Kill Kill_Profit_Stop Kill_Loss_Stop Show_Current_PNL Show_Stats_Box Image_Opacity Corner_Image Background_Image Bot_Name ),2615,10800,-8185,1.31948686621869,-2785,20,0.5,
,1.3193588162762,True/2/0/3/0/3/165/300/False/False/1001/801/500/1/160/True/1.3/True/False/True/False/False/800/400/False/False/0.3/panthionIcon4.png/Oden2.png/PantheonMasterBotV01TesterV2 (Use_Time_Filter Start_Time_(HH) Start_Time_(mm) Duration_Time_(HH) Duration_Time_(mm) averageFast averageSlow averageTrend UseTrend UseTrendReverse ProfitStop LossStop MaxTrades Contracts MaxStop Use_MaxStop MaxTPRatio Use_MaxTP Long Short Reverse Use_Kill Kill_Profit_Stop Kill_Loss_Stop Show_Current_PNL Show_Stats_Box Image_Opacity Corner_Image Background_Image Bot_Name ),2590,10700,-8110,1.3193588162762,-2610,23,0.478260869565217,
,1.31933198380567,True/2/0/3/0/9/195/300/False/False/1001/801/500/1/140/True/1.4/True/True/True/False/False/800/400/False/False/0.3/panthionIcon4.png/Oden2.png/PantheonMasterBotV01TesterV2 (Use_Time_Filter Start_Time_(HH) Start_Time_(mm) Duration_Time_(HH) Duration_Time_(mm) averageFast averageSlow averageTrend UseTrend UseTrendReverse ProfitStop LossStop MaxTrades Contracts MaxStop Use_MaxStop MaxTPRatio Use_MaxTP Long Short Reverse Use_Kill Kill_Profit_Stop Kill_Loss_Stop Show_Current_PNL Show_Stats_Box Image_Opacity Corner_Image Background_Image Bot_Name ),3155,13035,-9880,1.31933198380567,-2940,46,0.347826086956522,
,1.31926323867997,True/2/0/3/0/3/175/300/False/False/1001/801/500/1/140/True/1.5/True/False/True/False/False/800/400/False/False/0.3/panthionIcon4.png/Oden2.png/PantheonMasterBotV01TesterV2 (Use_Time_Filter Start_Time_(HH) Start_Time_(mm) Duration_Time_(HH) Duration_Time_(mm) averageFast averageSlow averageTrend UseTrend UseTrendReverse ProfitStop LossStop MaxTrades Contracts MaxStop Use_MaxStop MaxTPRatio Use_MaxTP Long Short Reverse Use_Kill Kill_Profit_Stop Kill_Loss_Stop Show_Current_PNL Show_Stats_Box Image_Opacity Corner_Image Background_Image Bot_Name ),2080,8595,-6515,1.31926323867997,-2200,22,0.454545454545455,
,1.31894807821982,True/2/0/3/0/8/165/300/False/False/1001/801/500/1/160/True/1.1/True/False/True/False/False/800/400/False/False/0.3/panthionIcon4.png/Oden2.png/PantheonMasterBotV01TesterV2 (Use_Time_Filter Start_Time_(HH) Start_Time_(mm) Duration_Time_(HH) Duration_Time_(mm) averageFast averageSlow averageTrend UseTrend UseTrendReverse ProfitStop LossStop MaxTrades Contracts MaxStop Use_MaxStop MaxTPRatio Use_MaxTP Long Short Reverse Use_Kill Kill_Profit_Stop Kill_Loss_Stop Show_Current_PNL Show_Stats_Box Image_Opacity Corner_Image Background_Image Bot_Name ),2365,9780,-7415,1.31894807821982,-2240,23,0.521739130434783,
,1.31884057971015,True/2/0/3/0/2/175/300/False/False/1001/801/500/1/160/True/1.6/True/True/True/False/False/800/400/False/False/0.3/panthionIcon4.png/Oden2.png/PantheonMasterBotV01TesterV2 (Use_Time_Filter Start_Time_(HH) Start_Time_(mm) Duration_Time_(HH) Duration_Time_(mm) averageFast averageSlow averageTrend UseTrend UseTrendReverse ProfitStop LossStop MaxTrades Contracts MaxStop Use_MaxStop MaxTPRatio Use_MaxTP Long Short Reverse Use_Kill Kill_Profit_Stop Kill_Loss_Stop Show_Current_PNL Show_Stats_Box Image_Opacity Corner_Image Background_Image Bot_Name ),3190,13195,-10005,1.31884057971015,-3725,91,0.230769230769231,
,1.31865413161801,True/2/0/3/0/9/175/300/False/False/1001/801/500/1/140/True/1.1/True/True/True/False/False/800/400/False/False/0.3/panthionIcon4.png/Oden2.png/PantheonMasterBotV01TesterV2 (Use_Time_Filter Start_Time_(HH) Start_Time_(mm) Duration_Time_(HH) Duration_Time_(mm) averageFast averageSlow averageTrend UseTrend UseTrendReverse ProfitStop LossStop MaxTrades Contracts MaxStop Use_MaxStop MaxTPRatio Use_MaxTP Long Short Reverse Use_Kill Kill_Profit_Stop Kill_Loss_Stop Show_Current_PNL Show_Stats_Box Image_Opacity Corner_Image Background_Image Bot_Name ),3220,13325,-10105,1.31865413161801,-1830,50,0.4,
,1.31854043392505,True/2/0/3/0/8/155/300/False/False/1001/801/500/1/180/True/1.6/True/True/True/False/False/800/400/False/False/0.3/panthionIcon4.png/Oden2.png/PantheonMasterBotV01TesterV2 (Use_Time_Filter Start_Time_(HH) Start_Time_(mm) Duration_Time_(HH) Duration_Time_(mm) averageFast averageSlow averageTrend UseTrend UseTrendReverse ProfitStop LossStop MaxTrades Contracts MaxStop Use_MaxStop MaxTPRatio Use_MaxTP Long Short Reverse Use_Kill Kill_Profit_Stop Kill_Loss_Stop Show_Current_PNL Show_Stats_Box Image_Opacity Corner_Image Background_Image Bot_Name ),3230,13370,-10140,1.31854043392505,-3260,52,0.269230769230769,
,1.31846799580273,True/2/0/3/0/10/185/300/False/False/1001/801/500/1/140/True/1.6/True/True/True/False/False/800/400/False/False/0.3/panthionIcon4.png/Oden2.png/PantheonMasterBotV01TesterV2 (Use_Time_Filter Start_Time_(HH) Start_Time_(mm) Duration_Time_(HH) Duration_Time_(mm) averageFast averageSlow averageTrend UseTrend UseTrendReverse ProfitStop LossStop MaxTrades Contracts MaxStop Use_MaxStop MaxTPRatio Use_MaxTP Long Short Reverse Use_Kill Kill_Profit_Stop Kill_Loss_Stop Show_Current_PNL Show_Stats_Box Image_Opacity Corner_Image Background_Image Bot_Name ),3035,12565,-9530,1.31846799580273,-3060,44,0.340909090909091,
,1.3184331797235,True/2/0/3/0/9/155/300/False/False/1001/801/500/1/180/True/1.3/True/True/True/False/False/800/400/False/False/0.3/panthionIcon4.png/Oden2.png/PantheonMasterBotV01TesterV2 (Use_Time_Filter Start_Time_(HH) Start_Time_(mm) Duration_Time_(HH) Duration_Time_(mm) averageFast averageSlow averageTrend UseTrend UseTrendReverse ProfitStop LossStop MaxTrades Contracts MaxStop Use_MaxStop MaxTPRatio Use_MaxTP Long Short Reverse Use_Kill Kill_Profit_Stop Kill_Loss_Stop Show_Current_PNL Show_Stats_Box Image_Opacity Corner_Image Background_Image Bot_Name ),3455,14305,-10850,1.3184331797235,-3820,54,0.296296296296296,
,1.31820287169986,True/2/0/3/0/4/165/300/False/False/1001/801/500/1/180/True/1.3/True/True/True/False/False/800/400/False/False/0.3/panthionIcon4.png/Oden2.png/PantheonMasterBotV01TesterV2 (Use_Time_Filter Start_Time_(HH) Start_Time_(mm) Duration_Time_(HH) Duration_Time_(mm) averageFast averageSlow averageTrend UseTrend UseTrendReverse ProfitStop LossStop MaxTrades Contracts MaxStop Use_MaxStop MaxTPRatio Use_MaxTP Long Short Reverse Use_Kill Kill_Profit_Stop Kill_Loss_Stop Show_Current_PNL Show_Stats_Box Image_Opacity Corner_Image Background_Image Bot_Name ),3435,14230,-10795,1.31820287169986,-3255,66,0.242424242424242,
,1.31801939765186,True/2/0/3/0/8/165/300/False/False/1001/801/500/1/180/True/1.7/True/True/True/False/False/800/400/False/False/0.3/panthionIcon4.png/Oden2.png/PantheonMasterBotV01TesterV2 (Use_Time_Filter Start_Time_(HH) Start_Time_(mm) Duration_Time_(HH) Duration_Time_(mm) averageFast averageSlow averageTrend UseTrend UseTrendReverse ProfitStop LossStop MaxTrades Contracts MaxStop Use_MaxStop MaxTPRatio Use_MaxTP Long Short Reverse Use_Kill Kill_Profit_Stop Kill_Loss_Stop Show_Current_PNL Show_Stats_Box Image_Opacity Corner_Image Background_Image Bot_Name ),3115,12910,-9795,1.31801939765186,-2810,51,0.333333333333333,
,1.31784107946027,True/2/0/3/0/2/175/300/False/False/1001/801/500/1/160/True/1.7/True/True/True/False/False/800/400/False/False/0.3/panthionIcon4.png/Oden2.png/PantheonMasterBotV01TesterV2 (Use_Time_Filter Start_Time_(HH) Start_Time_(mm) Duration_Time_(HH) Duration_Time_(mm) averageFast averageSlow averageTrend UseTrend UseTrendReverse ProfitStop LossStop MaxTrades Contracts MaxStop Use_MaxStop MaxTPRatio Use_MaxTP Long Short Reverse Use_Kill Kill_Profit_Stop Kill_Loss_Stop Show_Current_PNL Show_Stats_Box Image_Opacity Corner_Image Background_Image Bot_Name ),3180,13185,-10005,1.31784107946027,-3725,91,0.230769230769231,
,1.31646586345382,True/2/0/3/0/6/185/300/False/False/1001/801/500/1/140/True/1.3/True/False/True/False/False/800/400/False/False/0.3/panthionIcon4.png/Oden2.png/PantheonMasterBotV01TesterV2 (Use_Time_Filter Start_Time_(HH) Start_Time_(mm) Duration_Time_(HH) Duration_Time_(mm) averageFast averageSlow averageTrend UseTrend UseTrendReverse ProfitStop LossStop MaxTrades Contracts MaxStop Use_MaxStop MaxTPRatio Use_MaxTP Long Short Reverse Use_Kill Kill_Profit_Stop Kill_Loss_Stop Show_Current_PNL Show_Stats_Box Image_Opacity Corner_Image Background_Image Bot_Name ),1970,8195,-6225,1.31646586345382,-2100,22,0.454545454545455,
,1.31636363636364,True/2/0/3/0/8/185/300/False/False/1001/801/500/1/140/True/1.5/True/True/True/False/False/800/400/False/False/0.3/panthionIcon4.png/Oden2.png/PantheonMasterBotV01TesterV2 (Use_Time_Filter Start_Time_(HH) Start_Time_(mm) Duration_Time_(HH) Duration_Time_(mm) averageFast averageSlow averageTrend UseTrend UseTrendReverse ProfitStop LossStop MaxTrades Contracts MaxStop Use_MaxStop MaxTPRatio Use_MaxTP Long Short Reverse Use_Kill Kill_Profit_Stop Kill_Loss_Stop Show_Current_PNL Show_Stats_Box Image_Opacity Corner_Image Background_Image Bot_Name ),3045,12670,-9625,1.31636363636364,-2645,47,0.297872340425532,
,1.3160136286201,True/2/0/3/0/10/185/300/False/False/1001/801/500/1/180/True/1.2/True/False/True/False/False/800/400/False/False/0.3/panthionIcon4.png/Oden2.png/PantheonMasterBotV01TesterV2 (Use_Time_Filter Start_Time_(HH) Start_Time_(mm) Duration_Time_(HH) Duration_Time_(mm) averageFast averageSlow averageTrend UseTrend UseTrendReverse ProfitStop LossStop MaxTrades Contracts MaxStop Use_MaxStop MaxTPRatio Use_MaxTP Long Short Reverse Use_Kill Kill_Profit_Stop Kill_Loss_Stop Show_Current_PNL Show_Stats_Box Image_Opacity Corner_Image Background_Image Bot_Name ),1855,7725,-5870,1.3160136286201,-2510,17,0.470588235294118,
,1.31476997578692,True/2/0/3/0/4/195/300/False/False/1001/801/500/1/160/True/1.6/True/False/True/False/False/800/400/False/False/0.3/panthionIcon4.png/Oden2.png/PantheonMasterBotV01TesterV2 (Use_Time_Filter Start_Time_(HH) Start_Time_(mm) Duration_Time_(HH) Duration_Time_(mm) averageFast averageSlow averageTrend UseTrend UseTrendReverse ProfitStop LossStop MaxTrades Contracts MaxStop Use_MaxStop MaxTPRatio Use_MaxTP Long Short Reverse Use_Kill Kill_Profit_Stop Kill_Loss_Stop Show_Current_PNL Show_Stats_Box Image_Opacity Corner_Image Background_Image Bot_Name ),1950,8145,-6195,1.31476997578692,-2990,20,0.45,
,1.31472359058566,True/2/0/3/0/7/175/300/False/False/1001/801/500/1/180/True/1.3/True/True/True/False/False/800/400/False/False/0.3/panthionIcon4.png/Oden2.png/PantheonMasterBotV01TesterV2 (Use_Time_Filter Start_Time_(HH) Start_Time_(mm) Duration_Time_(HH) Duration_Time_(mm) averageFast averageSlow averageTrend UseTrend UseTrendReverse ProfitStop LossStop MaxTrades Contracts MaxStop Use_MaxStop MaxTPRatio Use_MaxTP Long Short Reverse Use_Kill Kill_Profit_Stop Kill_Loss_Stop Show_Current_PNL Show_Stats_Box Image_Opacity Corner_Image Background_Image Bot_Name ),2875,12010,-9135,1.31472359058566,-3260,50,0.3,
,1.31409256370255,True/2/0/3/0/10/185/300/False/False/1001/801/500/1/160/True/1.4/True/True/True/False/False/800/400/False/False/0.3/panthionIcon4.png/Oden2.png/PantheonMasterBotV01TesterV2 (Use_Time_Filter Start_Time_(HH) Start_Time_(mm) Duration_Time_(HH) Duration_Time_(mm) averageFast averageSlow averageTrend UseTrend UseTrendReverse ProfitStop LossStop MaxTrades Contracts MaxStop Use_MaxStop MaxTPRatio Use_MaxTP Long Short Reverse Use_Kill Kill_Profit_Stop Kill_Loss_Stop Show_Current_PNL Show_Stats_Box Image_Opacity Corner_Image Background_Image Bot_Name ),3020,12635,-9615,1.31409256370255,-3060,46,0.347826086956522,
,1.3136403127715,True/2/0/3/0/7/185/300/False/False/1001/801/500/1/160/True/1.3/True/True/False/False/False/800/400/False/False/0.3/panthionIcon4.png/Oden2.png/PantheonMasterBotV01TesterV2 (Use_Time_Filter Start_Time_(HH) Start_Time_(mm) Duration_Time_(HH) Duration_Time_(mm) averageFast averageSlow averageTrend UseTrend UseTrendReverse ProfitStop LossStop MaxTrades Contracts MaxStop Use_MaxStop MaxTPRatio Use_MaxTP Long Short Reverse Use_Kill Kill_Profit_Stop Kill_Loss_Stop Show_Current_PNL Show_Stats_Box Image_Opacity Corner_Image Background_Image Bot_Name ),1805,7560,-5755,1.3136403127715,-3640,20,0.5,
,1.3135935397039,True/2/0/3/0/3/165/300/False/False/1001/801/500/1/180/True/1.7/True/False/True/False/False/800/400/False/False/0.3/panthionIcon4.png/Oden2.png/PantheonMasterBotV01TesterV2 (Use_Time_Filter Start_Time_(HH) Start_Time_(mm) Duration_Time_(HH) Duration_Time_(mm) averageFast averageSlow averageTrend UseTrend UseTrendReverse ProfitStop LossStop MaxTrades Contracts MaxStop Use_MaxStop MaxTPRatio Use_MaxTP Long Short Reverse Use_Kill Kill_Profit_Stop Kill_Loss_Stop Show_Current_PNL Show_Stats_Box Image_Opacity Corner_Image Background_Image Bot_Name ),2330,9760,-7430,1.3135935397039,-2740,20,0.5,
,1.31347962382445,True/2/0/3/0/4/195/300/False/False/1001/801/500/1/140/True/1.3/True/False/True/False/False/800/400/False/False/0.3/panthionIcon4.png/Oden2.png/PantheonMasterBotV01TesterV2 (Use_Time_Filter Start_Time_(HH) Start_Time_(mm) Duration_Time_(HH) Duration_Time_(mm) averageFast averageSlow averageTrend UseTrend UseTrendReverse ProfitStop LossStop MaxTrades Contracts MaxStop Use_MaxStop MaxTPRatio Use_MaxTP Long Short Reverse Use_Kill Kill_Profit_Stop Kill_Loss_Stop Show_Current_PNL Show_Stats_Box Image_Opacity Corner_Image Background_Image Bot_Name ),2000,8380,-6380,1.31347962382445,-1830,21,0.476190476190476,
,1.31269349845201,True/2/0/3/0/9/155/300/False/False/1001/801/500/1/160/True/1.1/True/True/True/False/False/800/400/False/False/0.3/panthionIcon4.png/Oden2.png/PantheonMasterBotV01TesterV2 (Use_Time_Filter Start_Time_(HH) Start_Time_(mm) Duration_Time_(HH) Duration_Time_(mm) averageFast averageSlow averageTrend UseTrend UseTrendReverse ProfitStop LossStop MaxTrades Contracts MaxStop Use_MaxStop MaxTPRatio Use_MaxTP Long Short Reverse Use_Kill Kill_Profit_Stop Kill_Loss_Stop Show_Current_PNL Show_Stats_Box Image_Opacity Corner_Image Background_Image Bot_Name ),3535,14840,-11305,1.31269349845201,-3255,58,0.310344827586207,
,1.31254283755997,True/2/0/3/0/2/175/300/False/False/1001/801/500/1/160/True/1.3/True/False/True/False/False/800/400/False/False/0.3/panthionIcon4.png/Oden2.png/PantheonMasterBotV01TesterV2 (Use_Time_Filter Start_Time_(HH) Start_Time_(mm) Duration_Time_(HH) Duration_Time_(mm) averageFast averageSlow averageTrend UseTrend UseTrendReverse ProfitStop LossStop MaxTrades Contracts MaxStop Use_MaxStop MaxTPRatio Use_MaxTP Long Short Reverse Use_Kill Kill_Profit_Stop Kill_Loss_Stop Show_Current_PNL Show_Stats_Box Image_Opacity Corner_Image Background_Image Bot_Name ),2280,9575,-7295,1.31254283755997,-2400,22,0.5,
,1.31235610130468,True/2/0/3/0/3/175/300/False/False/1001/801/500/1/160/True/1.3/True/False/True/False/False/800/400/False/False/0.3/panthionIcon4.png/Oden2.png/PantheonMasterBotV01TesterV2 (Use_Time_Filter Start_Time_(HH) Start_Time_(mm) Duration_Time_(HH) Duration_Time_(mm) averageFast averageSlow averageTrend UseTrend UseTrendReverse ProfitStop LossStop MaxTrades Contracts MaxStop Use_MaxStop MaxTPRatio Use_MaxTP Long Short Reverse Use_Kill Kill_Profit_Stop Kill_Loss_Stop Show_Current_PNL Show_Stats_Box Image_Opacity Corner_Image Background_Image Bot_Name ),2035,8550,-6515,1.31235610130468,-2460,22,0.5,
,1.31202651515152,True/2/0/3/0/3/195/300/False/False/1001/801/500/1/140/True/1.6/True/True/True/False/False/800/400/False/False/0.3/panthionIcon4.png/Oden2.png/PantheonMasterBotV01TesterV2 (Use_Time_Filter Start_Time_(HH) Start_Time_(mm) Duration_Time_(HH) Duration_Time_(mm) averageFast averageSlow averageTrend UseTrend UseTrendReverse ProfitStop LossStop MaxTrades Contracts MaxStop Use_MaxStop MaxTPRatio Use_MaxTP Long Short Reverse Use_Kill Kill_Profit_Stop Kill_Loss_Stop Show_Current_PNL Show_Stats_Box Image_Opacity Corner_Image Background_Image Bot_Name ),3295,13855,-10560,1.31202651515152,-3375,82,0.195121951219512,
,1.31202651515152,True/2/0/3/0/3/195/300/False/False/1001/801/500/1/160/True/1.4/True/True/True/False/False/800/400/False/False/0.3/panthionIcon4.png/Oden2.png/PantheonMasterBotV01TesterV2 (Use_Time_Filter Start_Time_(HH) Start_Time_(mm) Duration_Time_(HH) Duration_Time_(mm) averageFast averageSlow averageTrend UseTrend UseTrendReverse ProfitStop LossStop MaxTrades Contracts MaxStop Use_MaxStop MaxTPRatio Use_MaxTP Long Short Reverse Use_Kill Kill_Profit_Stop Kill_Loss_Stop Show_Current_PNL Show_Stats_Box Image_Opacity Corner_Image Background_Image Bot_Name ),3295,13855,-10560,1.31202651515152,-3375,82,0.195121951219512,
,1.31151118385161,True/2/0/3/0/9/185/300/False/False/1001/801/500/1/160/True/1.3/True/True/True/False/False/800/400/False/False/0.3/panthionIcon4.png/Oden2.png/PantheonMasterBotV01TesterV2 (Use_Time_Filter Start_Time_(HH) Start_Time_(mm) Duration_Time_(HH) Duration_Time_(mm) averageFast averageSlow averageTrend UseTrend UseTrendReverse ProfitStop LossStop MaxTrades Contracts MaxStop Use_MaxStop MaxTPRatio Use_MaxTP Long Short Reverse Use_Kill Kill_Profit_Stop Kill_Loss_Stop Show_Current_PNL Show_Stats_Box Image_Opacity Corner_Image Background_Image Bot_Name ),2855,12020,-9165,1.31151118385161,-3270,47,0.361702127659574,
,1.31132075471698,True/2/0/3/0/9/185/300/False/False/1001/801/500/1/140/True/1.3/True/False/True/False/False/800/400/False/False/0.3/panthionIcon4.png/Oden2.png/PantheonMasterBotV01TesterV2 (Use_Time_Filter Start_Time_(HH) Start_Time_(mm) Duration_Time_(HH) Duration_Time_(mm) averageFast averageSlow averageTrend UseTrend UseTrendReverse ProfitStop LossStop MaxTrades Contracts MaxStop Use_MaxStop MaxTPRatio Use_MaxTP Long Short Reverse Use_Kill Kill_Profit_Stop Kill_Loss_Stop Show_Current_PNL Show_Stats_Box Image_Opacity Corner_Image Background_Image Bot_Name ),1980,8340,-6360,1.31132075471698,-2495,22,0.454545454545455,
,1.31087151841869,True/2/0/3/0/6/175/300/False/False/1001/801/500/1/180/True/1.6/True/True/False/False/False/800/400/False/False/0.3/panthionIcon4.png/Oden2.png/PantheonMasterBotV01TesterV2 (Use_Time_Filter Start_Time_(HH) Start_Time_(mm) Duration_Time_(HH) Duration_Time_(mm) averageFast averageSlow averageTrend UseTrend UseTrendReverse ProfitStop LossStop MaxTrades Contracts MaxStop Use_MaxStop MaxTPRatio Use_MaxTP Long Short Reverse Use_Kill Kill_Profit_Stop Kill_Loss_Stop Show_Current_PNL Show_Stats_Box Image_Opacity Corner_Image Background_Image Bot_Name ),1730,7295,-5565,1.31087151841869,-2915,18,0.555555555555556,
,1.31087151841869,True/2/0/3/0/6/175/300/False/False/1001/801/500/1/180/True/1.1/True/True/False/False/False/800/400/False/False/0.3/panthionIcon4.png/Oden2.png/PantheonMasterBotV01TesterV2 (Use_Time_Filter Start_Time_(HH) Start_Time_(mm) Duration_Time_(HH) Duration_Time_(mm) averageFast averageSlow averageTrend UseTrend UseTrendReverse ProfitStop LossStop MaxTrades Contracts MaxStop Use_MaxStop MaxTPRatio Use_MaxTP Long Short Reverse Use_Kill Kill_Profit_Stop Kill_Loss_Stop Show_Current_PNL Show_Stats_Box Image_Opacity Corner_Image Background_Image Bot_Name ),1730,7295,-5565,1.31087151841869,-3365,18,0.555555555555556,
,1.31006493506494,True/2/0/3/0/9/185/300/False/False/1001/801/500/1/160/True/1.4/True/False/True/False/False/800/400/False/False/0.3/panthionIcon4.png/Oden2.png/PantheonMasterBotV01TesterV2 (Use_Time_Filter Start_Time_(HH) Start_Time_(mm) Duration_Time_(HH) Duration_Time_(mm) averageFast averageSlow averageTrend UseTrend UseTrendReverse ProfitStop LossStop MaxTrades Contracts MaxStop Use_MaxStop MaxTPRatio Use_MaxTP Long Short Reverse Use_Kill Kill_Profit_Stop Kill_Loss_Stop Show_Current_PNL Show_Stats_Box Image_Opacity Corner_Image Background_Image Bot_Name ),1910,8070,-6160,1.31006493506494,-2280,20,0.45,
,1.30969420949902,True/2/0/3/0/5/165/300/False/False/1001/801/500/1/180/True/1.2/True/False/True/False/False/800/400/False/False/0.3/panthionIcon4.png/Oden2.png/PantheonMasterBotV01TesterV2 (Use_Time_Filter Start_Time_(HH) Start_Time_(mm) Duration_Time_(HH) Duration_Time_(mm) averageFast averageSlow averageTrend UseTrend UseTrendReverse ProfitStop LossStop MaxTrades Contracts MaxStop Use_MaxStop MaxTPRatio Use_MaxTP Long Short Reverse Use_Kill Kill_Profit_Stop Kill_Loss_Stop Show_Current_PNL Show_Stats_Box Image_Opacity Corner_Image Background_Image Bot_Name ),2380,10065,-7685,1.30969420949902,-2700,20,0.55,
,1.30966559780119,True/2/0/3/0/10/155/300/False/False/1001/801/500/1/180/True/1.1/True/True/True/False/False/800/400/False/False/0.3/panthionIcon4.png/Oden2.png/PantheonMasterBotV01TesterV2 (Use_Time_Filter Start_Time_(HH) Start_Time_(mm) Duration_Time_(HH) Duration_Time_(mm) averageFast averageSlow averageTrend UseTrend UseTrendReverse ProfitStop LossStop MaxTrades Contracts MaxStop Use_MaxStop MaxTPRatio Use_MaxTP Long Short Reverse Use_Kill Kill_Profit_Stop Kill_Loss_Stop Show_Current_PNL Show_Stats_Box Image_Opacity Corner_Image Background_Image Bot_Name ),3380,14295,-10915,1.30966559780119,-2850,54,0.407407407407407,
,1.3090241343127,True/2/0/3/0/9/185/300/False/False/1001/801/500/1/180/True/1.7/True/True/True/False/False/800/400/False/False/0.3/panthionIcon4.png/Oden2.png/PantheonMasterBotV01TesterV2 (Use_Time_Filter Start_Time_(HH) Start_Time_(mm) Duration_Time_(HH) Duration_Time_(mm) averageFast averageSlow averageTrend UseTrend UseTrendReverse ProfitStop LossStop MaxTrades Contracts MaxStop Use_MaxStop MaxTPRatio Use_MaxTP Long Short Reverse Use_Kill Kill_Profit_Stop Kill_Loss_Stop Show_Current_PNL Show_Stats_Box Image_Opacity Corner_Image Background_Image Bot_Name ),2945,12475,-9530,1.3090241343127,-3135,46,0.326086956521739,
,1.30875781948168,True/2/0/3/0/9/155/300/False/False/1001/801/500/1/140/True/1.1/True/True/True/False/False/800/400/False/False/0.3/panthionIcon4.png/Oden2.png/PantheonMasterBotV01TesterV2 (Use_Time_Filter Start_Time_(HH) Start_Time_(mm) Duration_Time_(HH) Duration_Time_(mm) averageFast averageSlow averageTrend UseTrend UseTrendReverse ProfitStop LossStop MaxTrades Contracts MaxStop Use_MaxStop MaxTPRatio Use_MaxTP Long Short Reverse Use_Kill Kill_Profit_Stop Kill_Loss_Stop Show_Current_PNL Show_Stats_Box Image_Opacity Corner_Image Background_Image Bot_Name ),3455,14645,-11190,1.30875781948168,-2700,58,0.344827586206897,
,1.30851880276285,True/2/0/3/0/9/175/300/False/False/1001/801/500/1/140/True/1.1/True/False/True/False/False/800/400/False/False/0.3/panthionIcon4.png/Oden2.png/PantheonMasterBotV01TesterV2 (Use_Time_Filter Start_Time_(HH) Start_Time_(mm) Duration_Time_(HH) Duration_Time_(mm) averageFast averageSlow averageTrend UseTrend UseTrendReverse ProfitStop LossStop MaxTrades Contracts MaxStop Use_MaxStop MaxTPRatio Use_MaxTP Long Short Reverse Use_Kill Kill_Profit_Stop Kill_Loss_Stop Show_Current_PNL Show_Stats_Box Image_Opacity Corner_Image Background_Image Bot_Name ),2010,8525,-6515,1.30851880276285,-1560,23,0.521739130434783,
,1.30815913688469,True/2/0/3/0/8/165/300/False/False/1001/801/500/1/160/True/1.2/True/False/True/False/False/800/400/False/False/0.3/panthionIcon4.png/Oden2.png/PantheonMasterBotV01TesterV2 (Use_Time_Filter Start_Time_(HH) Start_Time_(mm) Duration_Time_(HH) Duration_Time_(mm) averageFast averageSlow averageTrend UseTrend UseTrendReverse ProfitStop LossStop MaxTrades Contracts MaxStop Use_MaxStop MaxTPRatio Use_MaxTP Long Short Reverse Use_Kill Kill_Profit_Stop Kill_Loss_Stop Show_Current_PNL Show_Stats_Box Image_Opacity Corner_Image Background_Image Bot_Name ),2285,9700,-7415,1.30815913688469,-2695,22,0.5,
,1.30788590604027,True/2/0/3/0/10/185/300/False/False/1001/801/500/1/180/True/1.4/True/True/False/False/False/800/400/False/False/0.3/panthionIcon4.png/Oden2.png/PantheonMasterBotV01TesterV2 (Use_Time_Filter Start_Time_(HH) Start_Time_(mm) Duration_Time_(HH) Duration_Time_(mm) averageFast averageSlow averageTrend UseTrend UseTrendReverse ProfitStop LossStop MaxTrades Contracts MaxStop Use_MaxStop MaxTPRatio Use_MaxTP Long Short Reverse Use_Kill Kill_Profit_Stop Kill_Loss_Stop Show_Current_PNL Show_Stats_Box Image_Opacity Corner_Image Background_Image Bot_Name ),1835,7795,-5960,1.30788590604027,-2700,15,0.466666666666667,
,1.30752453653217,True/2/0/3/0/9/185/300/False/False/1001/801/500/1/140/True/1.1/True/True/True/False/False/800/400/False/False/0.3/panthionIcon4.png/Oden2.png/PantheonMasterBotV01TesterV2 (Use_Time_Filter Start_Time_(HH) Start_Time_(mm) Duration_Time_(HH) Duration_Time_(mm) averageFast averageSlow averageTrend UseTrend UseTrendReverse ProfitStop LossStop MaxTrades Contracts MaxStop Use_MaxStop MaxTPRatio Use_MaxTP Long Short Reverse Use_Kill Kill_Profit_Stop Kill_Loss_Stop Show_Current_PNL Show_Stats_Box Image_Opacity Corner_Image Background_Image Bot_Name ),2820,11990,-9170,1.30752453653217,-3135,49,0.387755102040816,
,1.30734154126767,True/2/0/3/0/2/185/300/False/False/1001/801/500/1/180/True/1.5/True/True/True/False/False/800/400/False/False/0.3/panthionIcon4.png/Oden2.png/PantheonMasterBotV01TesterV2 (Use_Time_Filter Start_Time_(HH) Start_Time_(mm) Duration_Time_(HH) Duration_Time_(mm) averageFast averageSlow averageTrend UseTrend UseTrendReverse ProfitStop LossStop MaxTrades Contracts MaxStop Use_MaxStop MaxTPRatio Use_MaxTP Long Short Reverse Use_Kill Kill_Profit_Stop Kill_Loss_Stop Show_Current_PNL Show_Stats_Box Image_Opacity Corner_Image Background_Image Bot_Name ),3370,14335,-10965,1.30734154126767,-2930,91,0.208791208791209,
,1.30625507717303,True/2/0/3/0/4/185/300/False/False/1001/801/500/1/160/True/1.4/True/False/True/False/False/800/400/False/False/0.3/panthionIcon4.png/Oden2.png/PantheonMasterBotV01TesterV2 (Use_Time_Filter Start_Time_(HH) Start_Time_(mm) Duration_Time_(HH) Duration_Time_(mm) averageFast averageSlow averageTrend UseTrend UseTrendReverse ProfitStop LossStop MaxTrades Contracts MaxStop Use_MaxStop MaxTPRatio Use_MaxTP Long Short Reverse Use_Kill Kill_Profit_Stop Kill_Loss_Stop Show_Current_PNL Show_Stats_Box Image_Opacity Corner_Image Background_Image Bot_Name ),1885,8040,-6155,1.30625507717303,-2550,21,0.380952380952381,
,1.30553558590942,True/2/0/3/0/4/175/300/False/False/1001/801/500/1/180/True/1.1/True/False/True/False/False/800/400/False/False/0.3/panthionIcon4.png/Oden2.png/PantheonMasterBotV01TesterV2 (Use_Time_Filter Start_Time_(HH) Start_Time_(mm) Duration_Time_(HH) Duration_Time_(mm) averageFast averageSlow averageTrend UseTrend UseTrendReverse ProfitStop LossStop MaxTrades Contracts MaxStop Use_MaxStop MaxTPRatio Use_MaxTP Long Short Reverse Use_Kill Kill_Profit_Stop Kill_Loss_Stop Show_Current_PNL Show_Stats_Box Image_Opacity Corner_Image Background_Image Bot_Name ),2125,9080,-6955,1.30553558590942,-2700,22,0.545454545454545,
,1.30512820512821,True/2/0/3/0/2/155/300/False/False/1001/801/500/1/180/True/1.2/True/False/True/False/False/800/400/False/False/0.3/panthionIcon4.png/Oden2.png/PantheonMasterBotV01TesterV2 (Use_Time_Filter Start_Time_(HH) Start_Time_(mm) Duration_Time_(HH) Duration_Time_(mm) averageFast averageSlow averageTrend UseTrend UseTrendReverse ProfitStop LossStop MaxTrades Contracts MaxStop Use_MaxStop MaxTPRatio Use_MaxTP Long Short Reverse Use_Kill Kill_Profit_Stop Kill_Loss_Stop Show_Current_PNL Show_Stats_Box Image_Opacity Corner_Image Background_Image Bot_Name ),2380,10180,-7800,1.30512820512821,-2700,22,0.545454545454545,
,1.30506155950752,True/2/0/3/0/2/185/300/False/False/1001/801/500/1/160/True/1.6/True/True/True/False/False/800/400/False/False/0.3/panthionIcon4.png/Oden2.png/PantheonMasterBotV01TesterV2 (Use_Time_Filter Start_Time_(HH) Start_Time_(mm) Duration_Time_(HH) Duration_Time_(mm) averageFast averageSlow averageTrend UseTrend UseTrendReverse ProfitStop LossStop MaxTrades Contracts MaxStop Use_MaxStop MaxTPRatio Use_MaxTP Long Short Reverse Use_Kill Kill_Profit_Stop Kill_Loss_Stop Show_Current_PNL Show_Stats_Box Image_Opacity Corner_Image Background_Image Bot_Name ),3345,14310,-10965,1.30506155950752,-3000,91,0.208791208791209,
,1.3047619047619,True/2/0/3/0/3/185/300/False/False/1001/801/500/1/160/True/1.5/True/True/True/False/False/800/400/False/False/0.3/panthionIcon4.png/Oden2.png/PantheonMasterBotV01TesterV2 (Use_Time_Filter Start_Time_(HH) Start_Time_(mm) Duration_Time_(HH) Duration_Time_(mm) averageFast averageSlow averageTrend UseTrend UseTrendReverse ProfitStop LossStop MaxTrades Contracts MaxStop Use_MaxStop MaxTPRatio Use_MaxTP Long Short Reverse Use_Kill Kill_Profit_Stop Kill_Loss_Stop Show_Current_PNL Show_Stats_Box Image_Opacity Corner_Image Background_Image Bot_Name ),3200,13700,-10500,1.3047619047619,-2730,84,0.25,
,1.30444785276074,True/2/0/3/0/3/175/300/False/False/1001/801/500/1/180/True/1.3/True/False/True/False/False/800/400/False/False/0.3/panthionIcon4.png/Oden2.png/PantheonMasterBotV01TesterV2 (Use_Time_Filter Start_Time_(HH) Start_Time_(mm) Duration_Time_(HH) Duration_Time_(mm) averageFast averageSlow averageTrend UseTrend UseTrendReverse ProfitStop LossStop MaxTrades Contracts MaxStop Use_MaxStop MaxTPRatio Use_MaxTP Long Short Reverse Use_Kill Kill_Profit_Stop Kill_Loss_Stop Show_Current_PNL Show_Stats_Box Image_Opacity Corner_Image Background_Image Bot_Name ),1985,8505,-6520,1.30444785276074,-2775,20,0.55,
,1.30391715443494,True/2/0/3/0/2/185/300/False/False/1001/801/500/1/140/True/1.7/True/True/True/False/False/800/400/False/False/0.3/panthionIcon4.png/Oden2.png/PantheonMasterBotV01TesterV2 (Use_Time_Filter Start_Time_(HH) Start_Time_(mm) Duration_Time_(HH) Duration_Time_(mm) averageFast averageSlow averageTrend UseTrend UseTrendReverse ProfitStop LossStop MaxTrades Contracts MaxStop Use_MaxStop MaxTPRatio Use_MaxTP Long Short Reverse Use_Kill Kill_Profit_Stop Kill_Loss_Stop Show_Current_PNL Show_Stats_Box Image_Opacity Corner_Image Background_Image Bot_Name ),3375,14480,-11105,1.30391715443494,-3090,91,0.208791208791209,
,1.30385487528345,True/2/0/3/0/4/195/300/False/False/1001/801/500/1/160/True/1.7/True/False/True/False/False/800/400/False/False/0.3/panthionIcon4.png/Oden2.png/PantheonMasterBotV01TesterV2 (Use_Time_Filter Start_Time_(HH) Start_Time_(mm) Duration_Time_(HH) Duration_Time_(mm) averageFast averageSlow averageTrend UseTrend UseTrendReverse ProfitStop LossStop MaxTrades Contracts MaxStop Use_MaxStop MaxTPRatio Use_MaxTP Long Short Reverse Use_Kill Kill_Profit_Stop Kill_Loss_Stop Show_Current_PNL Show_Stats_Box Image_Opacity Corner_Image Background_Image Bot_Name ),2010,8625,-6615,1.30385487528345,-2990,21,0.428571428571429,
,1.30378933847142,True/2/0/3/0/6/155/300/False/False/1001/801/500/1/180/True/1.2/True/False/True/False/False/800/400/False/False/0.3/panthionIcon4.png/Oden2.png/PantheonMasterBotV01TesterV2 (Use_Time_Filter Start_Time_(HH) Start_Time_(mm) Duration_Time_(HH) Duration_Time_(mm) averageFast averageSlow averageTrend UseTrend UseTrendReverse ProfitStop LossStop MaxTrades Contracts MaxStop Use_MaxStop MaxTPRatio Use_MaxTP Long Short Reverse Use_Kill Kill_Profit_Stop Kill_Loss_Stop Show_Current_PNL Show_Stats_Box Image_Opacity Corner_Image Background_Image Bot_Name ),2365,10150,-7785,1.30378933847142,-2700,20,0.55,
,1.30369253956292,True/2/0/3/0/8/165/300/False/False/1001/801/500/1/140/True/1.7/True/False/True/False/False/800/400/False/False/0.3/panthionIcon4.png/Oden2.png/PantheonMasterBotV01TesterV2 (Use_Time_Filter Start_Time_(HH) Start_Time_(mm) Duration_Time_(HH) Duration_Time_(mm) averageFast averageSlow averageTrend UseTrend UseTrendReverse ProfitStop LossStop MaxTrades Contracts MaxStop Use_MaxStop MaxTPRatio Use_MaxTP Long Short Reverse Use_Kill Kill_Profit_Stop Kill_Loss_Stop Show_Current_PNL Show_Stats_Box Image_Opacity Corner_Image Background_Image Bot_Name ),2015,8650,-6635,1.30369253956292,-3205,21,0.428571428571429,
,1.30366492146597,True/2/0/3/0/8/175/300/False/False/1001/801/500/1/180/True/1.7/True/True/False/False/False/800/400/False/False/0.3/panthionIcon4.png/Oden2.png/PantheonMasterBotV01TesterV2 (Use_Time_Filter Start_Time_(HH) Start_Time_(mm) Duration_Time_(HH) Duration_Time_(mm) averageFast averageSlow averageTrend UseTrend UseTrendReverse ProfitStop LossStop MaxTrades Contracts MaxStop Use_MaxStop MaxTPRatio Use_MaxTP Long Short Reverse Use_Kill Kill_Profit_Stop Kill_Loss_Stop Show_Current_PNL Show_Stats_Box Image_Opacity Corner_Image Background_Image Bot_Name ),1740,7470,-5730,1.30366492146597,-2755,17,0.470588235294118,
,1.30318021201413,True/2/0/3/0/8/155/300/False/False/1001/801/500/1/140/True/1.2/True/True/False/False/False/800/400/False/False/0.3/panthionIcon4.png/Oden2.png/PantheonMasterBotV01TesterV2 (Use_Time_Filter Start_Time_(HH) Start_Time_(mm) Duration_Time_(HH) Duration_Time_(mm) averageFast averageSlow averageTrend UseTrend UseTrendReverse ProfitStop LossStop MaxTrades Contracts MaxStop Use_MaxStop MaxTPRatio Use_MaxTP Long Short Reverse Use_Kill Kill_Profit_Stop Kill_Loss_Stop Show_Current_PNL Show_Stats_Box Image_Opacity Corner_Image Background_Image Bot_Name ),2145,9220,-7075,1.30318021201413,-1400,24,0.541666666666667,
,1.30314707771355,True/2/0/3/0/5/155/300/False/False/1001/801/500/1/180/True/1.2/True/False/True/False/False/800/400/False/False/0.3/panthionIcon4.png/Oden2.png/PantheonMasterBotV01TesterV2 (Use_Time_Filter Start_Time_(HH) Start_Time_(mm) Duration_Time_(HH) Duration_Time_(mm) averageFast averageSlow averageTrend UseTrend UseTrendReverse ProfitStop LossStop MaxTrades Contracts MaxStop Use_MaxStop MaxTPRatio Use_MaxTP Long Short Reverse Use_Kill Kill_Profit_Stop Kill_Loss_Stop Show_Current_PNL Show_Stats_Box Image_Opacity Corner_Image Background_Image Bot_Name ),2360,10145,-7785,1.30314707771355,-2700,20,0.55,
,1.3031465848043,True/2/0/3/0/5/175/300/False/False/1001/801/500/1/140/True/1.2/True/False/True/False/False/800/400/False/False/0.3/panthionIcon4.png/Oden2.png/PantheonMasterBotV01TesterV2 (Use_Time_Filter Start_Time_(HH) Start_Time_(mm) Duration_Time_(HH) Duration_Time_(mm) averageFast averageSlow averageTrend UseTrend UseTrendReverse ProfitStop LossStop MaxTrades Contracts MaxStop Use_MaxStop MaxTPRatio Use_MaxTP Long Short Reverse Use_Kill Kill_Profit_Stop Kill_Loss_Stop Show_Current_PNL Show_Stats_Box Image_Opacity Corner_Image Background_Image Bot_Name ),1975,8490,-6515,1.3031465848043,-2225,22,0.5,
,1.30301602262017,True/2/0/3/0/3/195/300/False/False/1001/801/500/1/180/True/1.7/True/True/True/False/False/800/400/False/False/0.3/panthionIcon4.png/Oden2.png/PantheonMasterBotV01TesterV2 (Use_Time_Filter Start_Time_(HH) Start_Time_(mm) Duration_Time_(HH) Duration_Time_(mm) averageFast averageSlow averageTrend UseTrend UseTrendReverse ProfitStop LossStop MaxTrades Contracts MaxStop Use_MaxStop MaxTPRatio Use_MaxTP Long Short Reverse Use_Kill Kill_Profit_Stop Kill_Loss_Stop Show_Current_PNL Show_Stats_Box Image_Opacity Corner_Image Background_Image Bot_Name ),3215,13825,-10610,1.30301602262017,-2965,82,0.182926829268293,
,1.3027950310559,True/2/0/3/0/10/175/300/False/False/1001/801/500/1/160/True/1.4/True/True/False/False/False/800/400/False/False/0.3/panthionIcon4.png/Oden2.png/PantheonMasterBotV01TesterV2 (Use_Time_Filter Start_Time_(HH) Start_Time_(mm) Duration_Time_(HH) Duration_Time_(mm) averageFast averageSlow averageTrend UseTrend UseTrendReverse ProfitStop LossStop MaxTrades Contracts MaxStop Use_MaxStop MaxTPRatio Use_MaxTP Long Short Reverse Use_Kill Kill_Profit_Stop Kill_Loss_Stop Show_Current_PNL Show_Stats_Box Image_Opacity Corner_Image Background_Image Bot_Name ),1950,8390,-6440,1.3027950310559,-3080,20,0.5,
,1.30262551819438,True/2/0/3/0/6/165/300/False/False/1001/801/500/1/180/True/1.6/True/True/True/False/False/800/400/False/False/0.3/panthionIcon4.png/Oden2.png/PantheonMasterBotV01TesterV2 (Use_Time_Filter Start_Time_(HH) Start_Time_(mm) Duration_Time_(HH) Duration_Time_(mm) averageFast averageSlow averageTrend UseTrend UseTrendReverse ProfitStop LossStop MaxTrades Contracts MaxStop Use_MaxStop MaxTPRatio Use_MaxTP Long Short Reverse Use_Kill Kill_Profit_Stop Kill_Loss_Stop Show_Current_PNL Show_Stats_Box Image_Opacity Corner_Image Background_Image Bot_Name ),3285,14140,-10855,1.30262551819438,-3280,57,0.245614035087719,
,1.30240265120133,True/2/0/3/0/8/195/300/False/False/1001/801/500/1/160/True/1.2/True/False/True/False/False/800/400/False/False/0.3/panthionIcon4.png/Oden2.png/PantheonMasterBotV01TesterV2 (Use_Time_Filter Start_Time_(HH) Start_Time_(mm) Duration_Time_(HH) Duration_Time_(mm) averageFast averageSlow averageTrend UseTrend UseTrendReverse ProfitStop LossStop MaxTrades Contracts MaxStop Use_MaxStop MaxTPRatio Use_MaxTP Long Short Reverse Use_Kill Kill_Profit_Stop Kill_Loss_Stop Show_Current_PNL Show_Stats_Box Image_Opacity Corner_Image Background_Image Bot_Name ),1825,7860,-6035,1.30240265120133,-2515,19,0.473684210526316,
,1.30051607780865,True/2/0/3/0/6/155/300/False/False/1001/801/500/1/160/True/1.2/True/True/True/False/False/800/400/False/False/0.3/panthionIcon4.png/Oden2.png/PantheonMasterBotV01TesterV2 (Use_Time_Filter Start_Time_(HH) Start_Time_(mm) Duration_Time_(HH) Duration_Time_(mm) averageFast averageSlow averageTrend UseTrend UseTrendReverse ProfitStop LossStop MaxTrades Contracts MaxStop Use_MaxStop MaxTPRatio Use_MaxTP Long Short Reverse Use_Kill Kill_Profit_Stop Kill_Loss_Stop Show_Current_PNL Show_Stats_Box Image_Opacity Corner_Image Background_Image Bot_Name ),3785,16380,-12595,1.30051607780865,-4055,63,0.317460317460317,
,1.29972752043597,True/2/0/3/0/3/165/300/False/False/1001/801/500/1/140/True/1.2/True/False/True/False/False/800/400/False/False/0.3/panthionIcon4.png/Oden2.png/PantheonMasterBotV01TesterV2 (Use_Time_Filter Start_Time_(HH) Start_Time_(mm) Duration_Time_(HH) Duration_Time_(mm) averageFast averageSlow averageTrend UseTrend UseTrendReverse ProfitStop LossStop MaxTrades Contracts MaxStop Use_MaxStop MaxTPRatio Use_MaxTP Long Short Reverse Use_Kill Kill_Profit_Stop Kill_Loss_Stop Show_Current_PNL Show_Stats_Box Image_Opacity Corner_Image Background_Image Bot_Name ),2200,9540,-7340,1.29972752043597,-2840,25,0.48,
,1.29941002949853,True/2/0/3/0/5/185/300/False/False/1001/801/500/1/160/True/1.2/True/False/True/False/False/800/400/False/False/0.3/panthionIcon4.png/Oden2.png/PantheonMasterBotV01TesterV2 (Use_Time_Filter Start_Time_(HH) Start_Time_(mm) Duration_Time_(HH) Duration_Time_(mm) averageFast averageSlow averageTrend UseTrend UseTrendReverse ProfitStop LossStop MaxTrades Contracts MaxStop Use_MaxStop MaxTPRatio Use_MaxTP Long Short Reverse Use_Kill Kill_Profit_Stop Kill_Loss_Stop Show_Current_PNL Show_Stats_Box Image_Opacity Corner_Image Background_Image Bot_Name ),2030,8810,-6780,1.29941002949853,-2400,23,0.434782608695652,
,1.29938271604938,True/2/0/3/0/4/155/300/False/False/1001/801/500/1/180/True/1.5/True/False/True/False/False/800/400/False/False/0.3/panthionIcon4.png/Oden2.png/PantheonMasterBotV01TesterV2 (Use_Time_Filter Start_Time_(HH) Start_Time_(mm) Duration_Time_(HH) Duration_Time_(mm) averageFast averageSlow averageTrend UseTrend UseTrendReverse ProfitStop LossStop MaxTrades Contracts MaxStop Use_MaxStop MaxTPRatio Use_MaxTP Long Short Reverse Use_Kill Kill_Profit_Stop Kill_Loss_Stop Show_Current_PNL Show_Stats_Box Image_Opacity Corner_Image Background_Image Bot_Name ),2425,10525,-8100,1.29938271604938,-3125,21,0.571428571428571,
,1.29930518439337,True/2/0/3/0/10/185/300/False/False/1001/801/500/1/180/True/1.2/True/True/True/False/False/800/400/False/False/0.3/panthionIcon4.png/Oden2.png/PantheonMasterBotV01TesterV2 (Use_Time_Filter Start_Time_(HH) Start_Time_(mm) Duration_Time_(HH) Duration_Time_(mm) averageFast averageSlow averageTrend UseTrend UseTrendReverse ProfitStop LossStop MaxTrades Contracts MaxStop Use_MaxStop MaxTPRatio Use_MaxTP Long Short Reverse Use_Kill Kill_Profit_Stop Kill_Loss_Stop Show_Current_PNL Show_Stats_Box Image_Opacity Corner_Image Background_Image Bot_Name ),2800,12155,-9355,1.29930518439337,-3060,44,0.340909090909091,
,1.2992398064962,True/2/0/3/0/2/175/300/False/False/1001/801/500/1/140/True/1.2/True/False/True/False/False/800/400/False/False/0.3/panthionIcon4.png/Oden2.png/PantheonMasterBotV01TesterV2 (Use_Time_Filter Start_Time_(HH) Start_Time_(mm) Duration_Time_(HH) Duration_Time_(mm) averageFast averageSlow averageTrend UseTrend UseTrendReverse ProfitStop LossStop MaxTrades Contracts MaxStop Use_MaxStop MaxTPRatio Use_MaxTP Long Short Reverse Use_Kill Kill_Profit_Stop Kill_Loss_Stop Show_Current_PNL Show_Stats_Box Image_Opacity Corner_Image Background_Image Bot_Name ),2165,9400,-7235,1.2992398064962,-2875,25,0.48,
,1.29918450560652,True/2/0/3/0/10/185/300/False/False/1001/801/500/1/180/True/1.6/True/True/True/False/False/800/400/False/False/0.3/panthionIcon4.png/Oden2.png/PantheonMasterBotV01TesterV2 (Use_Time_Filter Start_Time_(HH) Start_Time_(mm) Duration_Time_(HH) Duration_Time_(mm) averageFast averageSlow averageTrend UseTrend UseTrendReverse ProfitStop LossStop MaxTrades Contracts MaxStop Use_MaxStop MaxTPRatio Use_MaxTP Long Short Reverse Use_Kill Kill_Profit_Stop Kill_Loss_Stop Show_Current_PNL Show_Stats_Box Image_Opacity Corner_Image Background_Image Bot_Name ),2935,12745,-9810,1.29918450560652,-3060,45,0.311111111111111,
,1.29871794871795,True/2/0/3/0/2/155/300/False/False/1001/801/500/1/180/True/1.5/True/False/True/False/False/800/400/False/False/0.3/panthionIcon4.png/Oden2.png/PantheonMasterBotV01TesterV2 (Use_Time_Filter Start_Time_(HH) Start_Time_(mm) Duration_Time_(HH) Duration_Time_(mm) averageFast averageSlow averageTrend UseTrend UseTrendReverse ProfitStop LossStop MaxTrades Contracts MaxStop Use_MaxStop MaxTPRatio Use_MaxTP Long Short Reverse Use_Kill Kill_Profit_Stop Kill_Loss_Stop Show_Current_PNL Show_Stats_Box Image_Opacity Corner_Image Background_Image Bot_Name ),2330,10130,-7800,1.29871794871795,-3130,22,0.545454545454545,
,1.29867761057912,True/2/0/3/0/2/185/300/False/False/1001/801/500/1/180/True/1.3/True/True/True/False/False/800/400/False/False/0.3/panthionIcon4.png/Oden2.png/PantheonMasterBotV01TesterV2 (Use_Time_Filter Start_Time_(HH) Start_Time_(mm) Duration_Time_(HH) Duration_Time_(mm) averageFast averageSlow averageTrend UseTrend UseTrendReverse ProfitStop LossStop MaxTrades Contracts MaxStop Use_MaxStop MaxTPRatio Use_MaxTP Long Short Reverse Use_Kill Kill_Profit_Stop Kill_Loss_Stop Show_Current_PNL Show_Stats_Box Image_Opacity Corner_Image Background_Image Bot_Name ),3275,14240,-10965,1.29867761057912,-3110,91,0.208791208791209,
,1.29836932569414,True/2/0/3/0/10/155/300/False/False/1001/801/500/1/160/True/1.5/True/True/True/False/False/800/400/False/False/0.3/panthionIcon4.png/Oden2.png/PantheonMasterBotV01TesterV2 (Use_Time_Filter Start_Time_(HH) Start_Time_(mm) Duration_Time_(HH) Duration_Time_(mm) averageFast averageSlow averageTrend UseTrend UseTrendReverse ProfitStop LossStop MaxTrades Contracts MaxStop Use_MaxStop MaxTPRatio Use_MaxTP Long Short Reverse Use_Kill Kill_Profit_Stop Kill_Loss_Stop Show_Current_PNL Show_Stats_Box Image_Opacity Corner_Image Background_Image Bot_Name ),3385,14730,-11345,1.29836932569414,-3360,51,0.392156862745098,
,1.29829545454545,True/2/0/3/0/10/175/300/False/False/1001/801/500/1/160/True/1.6/True/False/True/False/False/800/400/False/False/0.3/panthionIcon4.png/Oden2.png/PantheonMasterBotV01TesterV2 (Use_Time_Filter Start_Time_(HH) Start_Time_(mm) Duration_Time_(HH) Duration_Time_(mm) averageFast averageSlow averageTrend UseTrend UseTrendReverse ProfitStop LossStop MaxTrades Contracts MaxStop Use_MaxStop MaxTPRatio Use_MaxTP Long Short Reverse Use_Kill Kill_Profit_Stop Kill_Loss_Stop Show_Current_PNL Show_Stats_Box Image_Opacity Corner_Image Background_Image Bot_Name ),2100,9140,-7040,1.29829545454545,-2485,21,0.476190476190476,
,1.29814814814815,True/2/0/3/0/4/155/300/False/False/1001/801/500/1/180/True/1.2/True/False/True/False/False/800/400/False/False/0.3/panthionIcon4.png/Oden2.png/PantheonMasterBotV01TesterV2 (Use_Time_Filter Start_Time_(HH) Start_Time_(mm) Duration_Time_(HH) Duration_Time_(mm) averageFast averageSlow averageTrend UseTrend UseTrendReverse ProfitStop LossStop MaxTrades Contracts MaxStop Use_MaxStop MaxTPRatio Use_MaxTP Long Short Reverse Use_Kill Kill_Profit_Stop Kill_Loss_Stop Show_Current_PNL Show_Stats_Box Image_Opacity Corner_Image Background_Image Bot_Name ),2415,10515,-8100,1.29814814814815,-2700,21,0.571428571428571,
,1.29793103448276,True/2/0/3/0/3/165/300/False/False/1001/801/500/1/140/True/1.6/True/False/True/False/False/800/400/False/False/0.3/panthionIcon4.png/Oden2.png/PantheonMasterBotV01TesterV2 (Use_Time_Filter Start_Time_(HH) Start_Time_(mm) Duration_Time_(HH) Duration_Time_(mm) averageFast averageSlow averageTrend UseTrend UseTrendReverse ProfitStop LossStop MaxTrades Contracts MaxStop Use_MaxStop MaxTPRatio Use_MaxTP Long Short Reverse Use_Kill Kill_Profit_Stop Kill_Loss_Stop Show_Current_PNL Show_Stats_Box Image_Opacity Corner_Image Background_Image Bot_Name ),2160,9410,-7250,1.29793103448276,-2470,23,0.434782608695652,
,1.29763912310287,True/2/0/3/0/10/185/300/False/False/1001/801/500/1/180/True/1.4/True/False/True/False/False/800/400/False/False/0.3/panthionIcon4.png/Oden2.png/PantheonMasterBotV01TesterV2 (Use_Time_Filter Start_Time_(HH) Start_Time_(mm) Duration_Time_(HH) Duration_Time_(mm) averageFast averageSlow averageTrend UseTrend UseTrendReverse ProfitStop LossStop MaxTrades Contracts MaxStop Use_MaxStop MaxTPRatio Use_MaxTP Long Short Reverse Use_Kill Kill_Profit_Stop Kill_Loss_Stop Show_Current_PNL Show_Stats_Box Image_Opacity Corner_Image Background_Image Bot_Name ),1765,7695,-5930,1.29763912310287,-2510,17,0.411764705882353,
,1.2972972972973,True/2/0/3/0/7/185/300/False/False/1001/801/500/1/140/True/1.2/True/False/True/False/False/800/400/False/False/0.3/panthionIcon4.png/Oden2.png/PantheonMasterBotV01TesterV2 (Use_Time_Filter Start_Time_(HH) Start_Time_(mm) Duration_Time_(HH) Duration_Time_(mm) averageFast averageSlow averageTrend UseTrend UseTrendReverse ProfitStop LossStop MaxTrades Contracts MaxStop Use_MaxStop MaxTPRatio Use_MaxTP Long Short Reverse Use_Kill Kill_Profit_Stop Kill_Loss_Stop Show_Current_PNL Show_Stats_Box Image_Opacity Corner_Image Background_Image Bot_Name ),1925,8400,-6475,1.2972972972973,-1610,22,0.454545454545455,
,1.29673590504451,True/2/0/3/0/8/175/300/False/False/1001/801/500/1/160/True/1.5/True/True/False/False/False/800/400/False/False/0.3/panthionIcon4.png/Oden2.png/PantheonMasterBotV01TesterV2 (Use_Time_Filter Start_Time_(HH) Start_Time_(mm) Duration_Time_(HH) Duration_Time_(mm) averageFast averageSlow averageTrend UseTrend UseTrendReverse ProfitStop LossStop MaxTrades Contracts MaxStop Use_MaxStop MaxTPRatio Use_MaxTP Long Short Reverse Use_Kill Kill_Profit_Stop Kill_Loss_Stop Show_Current_PNL Show_Stats_Box Image_Opacity Corner_Image Background_Image Bot_Name ),2000,8740,-6740,1.29673590504451,-2590,20,0.45,
,1.29626749611198,True/2/0/3/0/7/185/300/False/False/1001/801/500/1/140/True/1.7/True/False/True/False/False/800/400/False/False/0.3/panthionIcon4.png/Oden2.png/PantheonMasterBotV01TesterV2 (Use_Time_Filter Start_Time_(HH) Start_Time_(mm) Duration_Time_(HH) Duration_Time_(mm) averageFast averageSlow averageTrend UseTrend UseTrendReverse ProfitStop LossStop MaxTrades Contracts MaxStop Use_MaxStop MaxTPRatio Use_MaxTP Long Short Reverse Use_Kill Kill_Profit_Stop Kill_Loss_Stop Show_Current_PNL Show_Stats_Box Image_Opacity Corner_Image Background_Image Bot_Name ),1905,8335,-6430,1.29626749611198,-2290,21,0.380952380952381,
,1.29609407811844,True/2/0/3/0/7/155/300/False/False/1001/801/500/1/180/True/1.2/True/True/True/False/False/800/400/False/False/0.3/panthionIcon4.png/Oden2.png/PantheonMasterBotV01TesterV2 (Use_Time_Filter Start_Time_(HH) Start_Time_(mm) Duration_Time_(HH) Duration_Time_(mm) averageFast averageSlow averageTrend UseTrend UseTrendReverse ProfitStop LossStop MaxTrades Contracts MaxStop Use_MaxStop MaxTPRatio Use_MaxTP Long Short Reverse Use_Kill Kill_Profit_Stop Kill_Loss_Stop Show_Current_PNL Show_Stats_Box Image_Opacity Corner_Image Background_Image Bot_Name ),3525,15430,-11905,1.29609407811844,-3640,64,0.28125,
,1.29603122966818,True/2/0/3/0/4/165/300/False/False/1001/801/500/1/180/True/1.2/True/False/True/False/False/800/400/False/False/0.3/panthionIcon4.png/Oden2.png/PantheonMasterBotV01TesterV2 (Use_Time_Filter Start_Time_(HH) Start_Time_(mm) Duration_Time_(HH) Duration_Time_(mm) averageFast averageSlow averageTrend UseTrend UseTrendReverse ProfitStop LossStop MaxTrades Contracts MaxStop Use_MaxStop MaxTPRatio Use_MaxTP Long Short Reverse Use_Kill Kill_Profit_Stop Kill_Loss_Stop Show_Current_PNL Show_Stats_Box Image_Opacity Corner_Image Background_Image Bot_Name ),2275,9960,-7685,1.29603122966818,-2700,20,0.55,
,1.29593094944513,True/2/0/3/0/6/155/300/False/False/1001/801/500/1/140/True/1.6/True/False/True/False/False/800/400/False/False/0.3/panthionIcon4.png/Oden2.png/PantheonMasterBotV01TesterV2 (Use_Time_Filter Start_Time_(HH) Start_Time_(mm) Duration_Time_(HH) Duration_Time_(mm) averageFast averageSlow averageTrend UseTrend UseTrendReverse ProfitStop LossStop MaxTrades Contracts MaxStop Use_MaxStop MaxTPRatio Use_MaxTP Long Short Reverse Use_Kill Kill_Profit_Stop Kill_Loss_Stop Show_Current_PNL Show_Stats_Box Image_Opacity Corner_Image Background_Image Bot_Name ),2400,10510,-8110,1.29593094944513,-2835,23,0.478260869565217,
,1.2952,True/2/0/3/0/9/175/300/False/False/1001/801/500/1/160/True/1.7/True/True/False/False/False/800/400/False/False/0.3/panthionIcon4.png/Oden2.png/PantheonMasterBotV01TesterV2 (Use_Time_Filter Start_Time_(HH) Start_Time_(mm) Duration_Time_(HH) Duration_Time_(mm) averageFast averageSlow averageTrend UseTrend UseTrendReverse ProfitStop LossStop MaxTrades Contracts MaxStop Use_MaxStop MaxTPRatio Use_MaxTP Long Short Reverse Use_Kill Kill_Profit_Stop Kill_Loss_Stop Show_Current_PNL Show_Stats_Box Image_Opacity Corner_Image Background_Image Bot_Name ),1845,8095,-6250,1.2952,-2810,19,0.473684210526316,
,1.29500471253534,True/2/0/3/0/2/175/300/False/False/1001/801/500/1/160/True/1.4/True/True/True/False/False/800/400/False/False/0.3/panthionIcon4.png/Oden2.png/PantheonMasterBotV01TesterV2 (Use_Time_Filter Start_Time_(HH) Start_Time_(mm) Duration_Time_(HH) Duration_Time_(mm) averageFast averageSlow averageTrend UseTrend UseTrendReverse ProfitStop LossStop MaxTrades Contracts MaxStop Use_MaxStop MaxTPRatio Use_MaxTP Long Short Reverse Use_Kill Kill_Profit_Stop Kill_Loss_Stop Show_Current_PNL Show_Stats_Box Image_Opacity Corner_Image Background_Image Bot_Name ),3130,13740,-10610,1.29500471253534,-3725,95,0.221052631578947,
,1.29483037156704,True/2/0/3/0/10/185/300/False/False/1001/801/500/1/160/True/1.7/True/True/False/False/False/800/400/False/False/0.3/panthionIcon4.png/Oden2.png/PantheonMasterBotV01TesterV2 (Use_Time_Filter Start_Time_(HH) Start_Time_(mm) Duration_Time_(HH) Duration_Time_(mm) averageFast averageSlow averageTrend UseTrend UseTrendReverse ProfitStop LossStop MaxTrades Contracts MaxStop Use_MaxStop MaxTPRatio Use_MaxTP Long Short Reverse Use_Kill Kill_Profit_Stop Kill_Loss_Stop Show_Current_PNL Show_Stats_Box Image_Opacity Corner_Image Background_Image Bot_Name ),1825,8015,-6190,1.29483037156704,-2750,17,0.470588235294118,
,1.29438001784121,True/2/0/3/0/8/185/300/False/False/1001/801/500/1/180/True/1.1/True/True/False/False/False/800/400/False/False/0.3/panthionIcon4.png/Oden2.png/PantheonMasterBotV01TesterV2 (Use_Time_Filter Start_Time_(HH) Start_Time_(mm) Duration_Time_(HH) Duration_Time_(mm) averageFast averageSlow averageTrend UseTrend UseTrendReverse ProfitStop LossStop MaxTrades Contracts MaxStop Use_MaxStop MaxTPRatio Use_MaxTP Long Short Reverse Use_Kill Kill_Profit_Stop Kill_Loss_Stop Show_Current_PNL Show_Stats_Box Image_Opacity Corner_Image Background_Image Bot_Name ),1650,7255,-5605,1.29438001784121,-3200,17,0.529411764705882,
,1.29399293286219,True/2/0/3/0/8/155/300/False/False/1001/801/500/1/140/True/1.3/True/True/False/False/False/800/400/False/False/0.3/panthionIcon4.png/Oden2.png/PantheonMasterBotV01TesterV2 (Use_Time_Filter Start_Time_(HH) Start_Time_(mm) Duration_Time_(HH) Duration_Time_(mm) averageFast averageSlow averageTrend UseTrend UseTrendReverse ProfitStop LossStop MaxTrades Contracts MaxStop Use_MaxStop MaxTPRatio Use_MaxTP Long Short Reverse Use_Kill Kill_Profit_Stop Kill_Loss_Stop Show_Current_PNL Show_Stats_Box Image_Opacity Corner_Image Background_Image Bot_Name ),2080,9155,-7075,1.29399293286219,-1745,24,0.541666666666667,
,1.29385307346327,True/2/0/3/0/2/175/300/False/False/1001/801/500/1/180/True/1.4/True/True/True/False/False/800/400/False/False/0.3/panthionIcon4.png/Oden2.png/PantheonMasterBotV01TesterV2 (Use_Time_Filter Start_Time_(HH) Start_Time_(mm) Duration_Time_(HH) Duration_Time_(mm) averageFast averageSlow averageTrend UseTrend UseTrendReverse ProfitStop LossStop MaxTrades Contracts MaxStop Use_MaxStop MaxTPRatio Use_MaxTP Long Short Reverse Use_Kill Kill_Profit_Stop Kill_Loss_Stop Show_Current_PNL Show_Stats_Box Image_Opacity Corner_Image Background_Image Bot_Name ),2940,12945,-10005,1.29385307346327,-3725,91,0.230769230769231,
,1.29368512110727,True/2/0/3/0/6/155/300/False/False/1001/801/500/1/140/True/1.5/True/True/True/False/False/800/400/False/False/0.3/panthionIcon4.png/Oden2.png/PantheonMasterBotV01TesterV2 (Use_Time_Filter Start_Time_(HH) Start_Time_(mm) Duration_Time_(HH) Duration_Time_(mm) averageFast averageSlow averageTrend UseTrend UseTrendReverse ProfitStop LossStop MaxTrades Contracts MaxStop Use_MaxStop MaxTPRatio Use_MaxTP Long Short Reverse Use_Kill Kill_Profit_Stop Kill_Loss_Stop Show_Current_PNL Show_Stats_Box Image_Opacity Corner_Image Background_Image Bot_Name ),3395,14955,-11560,1.29368512110727,-4645,58,0.310344827586207,
,1.29358974358974,True/2/0/3/0/2/155/300/False/False/1001/801/500/1/180/True/1.7/True/False/True/False/False/800/400/False/False/0.3/panthionIcon4.png/Oden2.png/PantheonMasterBotV01TesterV2 (Use_Time_Filter Start_Time_(HH) Start_Time_(mm) Duration_Time_(HH) Duration_Time_(mm) averageFast averageSlow averageTrend UseTrend UseTrendReverse ProfitStop LossStop MaxTrades Contracts MaxStop Use_MaxStop MaxTPRatio Use_MaxTP Long Short Reverse Use_Kill Kill_Profit_Stop Kill_Loss_Stop Show_Current_PNL Show_Stats_Box Image_Opacity Corner_Image Background_Image Bot_Name ),2290,10090,-7800,1.29358974358974,-2950,22,0.545454545454545,
,1.29336734693878,True/2/0/3/0/8/185/300/False/False/1001/801/500/1/160/True/1.3/True/True/False/False/False/800/400/False/False/0.3/panthionIcon4.png/Oden2.png/PantheonMasterBotV01TesterV2 (Use_Time_Filter Start_Time_(HH) Start_Time_(mm) Duration_Time_(HH) Duration_Time_(mm) averageFast averageSlow averageTrend UseTrend UseTrendReverse ProfitStop LossStop MaxTrades Contracts MaxStop Use_MaxStop MaxTPRatio Use_MaxTP Long Short Reverse Use_Kill Kill_Profit_Stop Kill_Loss_Stop Show_Current_PNL Show_Stats_Box Image_Opacity Corner_Image Background_Image Bot_Name ),1725,7605,-5880,1.29336734693878,-2725,19,0.473684210526316,
,1.29309035687168,True/2/0/3/0/3/175/300/False/False/1001/801/500/1/140/True/1.2/True/False/True/False/False/800/400/False/False/0.3/panthionIcon4.png/Oden2.png/PantheonMasterBotV01TesterV2 (Use_Time_Filter Start_Time_(HH) Start_Time_(mm) Duration_Time_(HH) Duration_Time_(mm) averageFast averageSlow averageTrend UseTrend UseTrendReverse ProfitStop LossStop MaxTrades Contracts MaxStop Use_MaxStop MaxTPRatio Use_MaxTP Long Short Reverse Use_Kill Kill_Profit_Stop Kill_Loss_Stop Show_Current_PNL Show_Stats_Box Image_Opacity Corner_Image Background_Image Bot_Name ),1930,8515,-6585,1.29309035687168,-2270,23,0.478260869565217,
,1.2929908576404,True/2/0/3/0/3/155/300/False/False/1001/801/500/1/180/True/1.6/True/True/True/False/False/800/400/False/False/0.3/panthionIcon4.png/Oden2.png/PantheonMasterBotV01TesterV2 (Use_Time_Filter Start_Time_(HH) Start_Time_(mm) Duration_Time_(HH) Duration_Time_(mm) averageFast averageSlow averageTrend UseTrend UseTrendReverse ProfitStop LossStop MaxTrades Contracts MaxStop Use_MaxStop MaxTPRatio Use_MaxTP Long Short Reverse Use_Kill Kill_Profit_Stop Kill_Loss_Stop Show_Current_PNL Show_Stats_Box Image_Opacity Corner_Image Background_Image Bot_Name ),3365,14850,-11485,1.2929908576404,-3750,81,0.246913580246914,
,1.2929061784897,True/2/0/3/0/3/175/300/False/False/1001/801/500/1/160/True/1.7/True/False/True/False/False/800/400/False/False/0.3/panthionIcon4.png/Oden2.png/PantheonMasterBotV01TesterV2 (Use_Time_Filter Start_Time_(HH) Start_Time_(mm) Duration_Time_(HH) Duration_Time_(mm) averageFast averageSlow averageTrend UseTrend UseTrendReverse ProfitStop LossStop MaxTrades Contracts MaxStop Use_MaxStop MaxTPRatio Use_MaxTP Long Short Reverse Use_Kill Kill_Profit_Stop Kill_Loss_Stop Show_Current_PNL Show_Stats_Box Image_Opacity Corner_Image Background_Image Bot_Name ),1920,8475,-6555,1.2929061784897,-3010,22,0.454545454545455,
,1.29273182957393,True/2/0/3/0/8/195/300/False/False/1001/801/500/1/160/True/1.2/True/True/True/False/False/800/400/False/False/0.3/panthionIcon4.png/Oden2.png/PantheonMasterBotV01TesterV2 (Use_Time_Filter Start_Time_(HH) Start_Time_(mm) Duration_Time_(HH) Duration_Time_(mm) averageFast averageSlow averageTrend UseTrend UseTrendReverse ProfitStop LossStop MaxTrades Contracts MaxStop Use_MaxStop MaxTPRatio Use_MaxTP Long Short Reverse Use_Kill Kill_Profit_Stop Kill_Loss_Stop Show_Current_PNL Show_Stats_Box Image_Opacity Corner_Image Background_Image Bot_Name ),2920,12895,-9975,1.29273182957393,-3040,49,0.346938775510204,
,1.29156626506024,True/2/0/3/0/7/175/300/False/False/1001/801/500/1/160/True/1.4/True/False/True/False/False/800/400/False/False/0.3/panthionIcon4.png/Oden2.png/PantheonMasterBotV01TesterV2 (Use_Time_Filter Start_Time_(HH) Start_Time_(mm) Duration_Time_(HH) Duration_Time_(mm) averageFast averageSlow averageTrend UseTrend UseTrendReverse ProfitStop LossStop MaxTrades Contracts MaxStop Use_MaxStop MaxTPRatio Use_MaxTP Long Short Reverse Use_Kill Kill_Profit_Stop Kill_Loss_Stop Show_Current_PNL Show_Stats_Box Image_Opacity Corner_Image Background_Image Bot_Name ),1815,8040,-6225,1.29156626506024,-2735,20,0.45,
,1.29136400322841,True/2/0/3/0/8/175/300/False/False/1001/801/500/1/160/True/1.4/True/False/True/False/False/800/400/False/False/0.3/panthionIcon4.png/Oden2.png/PantheonMasterBotV01TesterV2 (Use_Time_Filter Start_Time_(HH) Start_Time_(mm) Duration_Time_(HH) Duration_Time_(mm) averageFast averageSlow averageTrend UseTrend UseTrendReverse ProfitStop LossStop MaxTrades Contracts MaxStop Use_MaxStop MaxTPRatio Use_MaxTP Long Short Reverse Use_Kill Kill_Profit_Stop Kill_Loss_Stop Show_Current_PNL Show_Stats_Box Image_Opacity Corner_Image Background_Image Bot_Name ),1805,8000,-6195,1.29136400322841,-2530,21,0.380952380952381,
,1.29119318181818,True/2/0/3/0/2/175/300/False/False/1001/801/500/1/140/True/1.2/True/True/True/False/False/800/400/False/False/0.3/panthionIcon4.png/Oden2.png/PantheonMasterBotV01TesterV2 (Use_Time_Filter Start_Time_(HH) Start_Time_(mm) Duration_Time_(HH) Duration_Time_(mm) averageFast averageSlow averageTrend UseTrend UseTrendReverse ProfitStop LossStop MaxTrades Contracts MaxStop Use_MaxStop MaxTPRatio Use_MaxTP Long Short Reverse Use_Kill Kill_Profit_Stop Kill_Loss_Stop Show_Current_PNL Show_Stats_Box Image_Opacity Corner_Image Background_Image Bot_Name ),3075,13635,-10560,1.29119318181818,-2930,95,0.242105263157895,
,1.29099462365591,True/2/0/3/0/8/155/300/False/False/1001/801/500/1/160/True/1.2/True/True/False/False/False/800/400/False/False/0.3/panthionIcon4.png/Oden2.png/PantheonMasterBotV01TesterV2 (Use_Time_Filter Start_Time_(HH) Start_Time_(mm) Duration_Time_(HH) Duration_Time_(mm) averageFast averageSlow averageTrend UseTrend UseTrendReverse ProfitStop LossStop MaxTrades Contracts MaxStop Use_MaxStop MaxTPRatio Use_MaxTP Long Short Reverse Use_Kill Kill_Profit_Stop Kill_Loss_Stop Show_Current_PNL Show_Stats_Box Image_Opacity Corner_Image Background_Image Bot_Name ),2165,9605,-7440,1.29099462365591,-2095,23,0.565217391304348,
,1.29093253115599,True/2/0/3/0/10/155/300/False/False/1001/801/500/1/140/True/1.4/True/True/True/False/False/800/400/False/False/0.3/panthionIcon4.png/Oden2.png/PantheonMasterBotV01TesterV2 (Use_Time_Filter Start_Time_(HH) Start_Time_(mm) Duration_Time_(HH) Duration_Time_(mm) averageFast averageSlow averageTrend UseTrend UseTrendReverse ProfitStop LossStop MaxTrades Contracts MaxStop Use_MaxStop MaxTPRatio Use_MaxTP Long Short Reverse Use_Kill Kill_Profit_Stop Kill_Loss_Stop Show_Current_PNL Show_Stats_Box Image_Opacity Corner_Image Background_Image Bot_Name ),3385,15020,-11635,1.29093253115599,-2130,54,0.407407407407407,
,1.29048843187661,True/2/0/3/0/8/185/300/False/False/1001/801/500/1/160/True/1.3/True/True/True/False/False/800/400/False/False/0.3/panthionIcon4.png/Oden2.png/PantheonMasterBotV01TesterV2 (Use_Time_Filter Start_Time_(HH) Start_Time_(mm) Duration_Time_(HH) Duration_Time_(mm) averageFast averageSlow averageTrend UseTrend UseTrendReverse ProfitStop LossStop MaxTrades Contracts MaxStop Use_MaxStop MaxTPRatio Use_MaxTP Long Short Reverse Use_Kill Kill_Profit_Stop Kill_Loss_Stop Show_Current_PNL Show_Stats_Box Image_Opacity Corner_Image Background_Image Bot_Name ),2825,12550,-9725,1.29048843187661,-2775,47,0.297872340425532,
,1.29047131147541,True/2/0/3/0/8/185/300/False/False/1001/801/500/1/160/True/1.6/True/True/True/False/False/800/400/False/False/0.3/panthionIcon4.png/Oden2.png/PantheonMasterBotV01TesterV2 (Use_Time_Filter Start_Time_(HH) Start_Time_(mm) Duration_Time_(HH) Duration_Time_(mm) averageFast averageSlow averageTrend UseTrend UseTrendReverse ProfitStop LossStop MaxTrades Contracts MaxStop Use_MaxStop MaxTPRatio Use_MaxTP Long Short Reverse Use_Kill Kill_Profit_Stop Kill_Loss_Stop Show_Current_PNL Show_Stats_Box Image_Opacity Corner_Image Background_Image Bot_Name ),2835,12595,-9760,1.29047131147541,-2470,47,0.276595744680851,
,1.2904214559387,True/2/0/3/0/5/175/300/False/False/1001/801/500/1/140/True/1.7/True/False/True/False/False/800/400/False/False/0.3/panthionIcon4.png/Oden2.png/PantheonMasterBotV01TesterV2 (Use_Time_Filter Start_Time_(HH) Start_Time_(mm) Duration_Time_(HH) Duration_Time_(mm) averageFast averageSlow averageTrend UseTrend UseTrendReverse ProfitStop LossStop MaxTrades Contracts MaxStop Use_MaxStop MaxTPRatio Use_MaxTP Long Short Reverse Use_Kill Kill_Profit_Stop Kill_Loss_Stop Show_Current_PNL Show_Stats_Box Image_Opacity Corner_Image Background_Image Bot_Name ),1895,8420,-6525,1.2904214559387,-2585,22,0.363636363636364,
,1.29009433962264,True/2/0/3/0/9/175/300/False/False/1001/801/500/1/140/True/1.2/True/True/True/False/False/800/400/False/False/0.3/panthionIcon4.png/Oden2.png/PantheonMasterBotV01TesterV2 (Use_Time_Filter Start_Time_(HH) Start_Time_(mm) Duration_Time_(HH) Duration_Time_(mm) averageFast averageSlow averageTrend UseTrend UseTrendReverse ProfitStop LossStop MaxTrades Contracts MaxStop Use_MaxStop MaxTPRatio Use_MaxTP Long Short Reverse Use_Kill Kill_Profit_Stop Kill_Loss_Stop Show_Current_PNL Show_Stats_Box Image_Opacity Corner_Image Background_Image Bot_Name ),3075,13675,-10600,1.29009433962264,-2455,50,0.38,
,1.28995057660626,True/2/0/3/0/10/165/300/False/False/1001/801/500/1/160/True/1.3/True/True/False/False/False/800/400/False/False/0.3/panthionIcon4.png/Oden2.png/PantheonMasterBotV01TesterV2 (Use_Time_Filter Start_Time_(HH) Start_Time_(mm) Duration_Time_(HH) Duration_Time_(mm) averageFast averageSlow averageTrend UseTrend UseTrendReverse ProfitStop LossStop MaxTrades Contracts MaxStop Use_MaxStop MaxTPRatio Use_MaxTP Long Short Reverse Use_Kill Kill_Profit_Stop Kill_Loss_Stop Show_Current_PNL Show_Stats_Box Image_Opacity Corner_Image Background_Image Bot_Name ),1760,7830,-6070,1.28995057660626,-2655,20,0.5,
,1.28963855421687,True/2/0/3/0/8/165/300/False/False/1001/801/500/1/180/True/1.2/True/True/True/False/False/800/400/False/False/0.3/panthionIcon4.png/Oden2.png/PantheonMasterBotV01TesterV2 (Use_Time_Filter Start_Time_(HH) Start_Time_(mm) Duration_Time_(HH) Duration_Time_(mm) averageFast averageSlow averageTrend UseTrend UseTrendReverse ProfitStop LossStop MaxTrades Contracts MaxStop Use_MaxStop MaxTPRatio Use_MaxTP Long Short Reverse Use_Kill Kill_Profit_Stop Kill_Loss_Stop Show_Current_PNL Show_Stats_Box Image_Opacity Corner_Image Background_Image Bot_Name ),3005,13380,-10375,1.28963855421687,-3150,52,0.326923076923077,
,1.28957528957529,True/2/0/3/0/6/165/300/False/False/1001/801/500/1/140/True/1.7/True/True/False/False/False/800/400/False/False/0.3/panthionIcon4.png/Oden2.png/PantheonMasterBotV01TesterV2 (Use_Time_Filter Start_Time_(HH) Start_Time_(mm) Duration_Time_(HH) Duration_Time_(mm) averageFast averageSlow averageTrend UseTrend UseTrendReverse ProfitStop LossStop MaxTrades Contracts MaxStop Use_MaxStop MaxTPRatio Use_MaxTP Long Short Reverse Use_Kill Kill_Profit_Stop Kill_Loss_Stop Show_Current_PNL Show_Stats_Box Image_Opacity Corner_Image Background_Image Bot_Name ),2250,10020,-7770,1.28957528957529,-1670,23,0.434782608695652,
,1.28888888888889,True/2/0/3/0/4/185/300/False/False/1001/801/500/1/160/True/1.1/True/False/True/False/False/800/400/False/False/0.3/panthionIcon4.png/Oden2.png/PantheonMasterBotV01TesterV2 (Use_Time_Filter Start_Time_(HH) Start_Time_(mm) Duration_Time_(HH) Duration_Time_(mm) averageFast averageSlow averageTrend UseTrend UseTrendReverse ProfitStop LossStop MaxTrades Contracts MaxStop Use_MaxStop MaxTPRatio Use_MaxTP Long Short Reverse Use_Kill Kill_Profit_Stop Kill_Loss_Stop Show_Current_PNL Show_Stats_Box Image_Opacity Corner_Image Background_Image Bot_Name ),1820,8120,-6300,1.28888888888889,-2400,22,0.454545454545455,
,1.28870967741935,True/2/0/3/0/7/155/300/False/False/1001/801/500/1/180/True/1.6/True/True/False/False/False/800/400/False/False/0.3/panthionIcon4.png/Oden2.png/PantheonMasterBotV01TesterV2 (Use_Time_Filter Start_Time_(HH) Start_Time_(mm) Duration_Time_(HH) Duration_Time_(mm) averageFast averageSlow averageTrend UseTrend UseTrendReverse ProfitStop LossStop MaxTrades Contracts MaxStop Use_MaxStop MaxTPRatio Use_MaxTP Long Short Reverse Use_Kill Kill_Profit_Stop Kill_Loss_Stop Show_Current_PNL Show_Stats_Box Image_Opacity Corner_Image Background_Image Bot_Name ),1790,7990,-6200,1.28870967741935,-2945,19,0.526315789473684,
,1.28865979381443,True/2/0/3/0/10/155/300/False/False/1001/801/500/1/140/True/1.4/True/True/False/False/False/800/400/False/False/0.3/panthionIcon4.png/Oden2.png/PantheonMasterBotV01TesterV2 (Use_Time_Filter Start_Time_(HH) Start_Time_(mm) Duration_Time_(HH) Duration_Time_(mm) averageFast averageSlow averageTrend UseTrend UseTrendReverse ProfitStop LossStop MaxTrades Contracts MaxStop Use_MaxStop MaxTPRatio Use_MaxTP Long Short Reverse Use_Kill Kill_Profit_Stop Kill_Loss_Stop Show_Current_PNL Show_Stats_Box Image_Opacity Corner_Image Background_Image Bot_Name ),2100,9375,-7275,1.28865979381443,-2020,23,0.478260869565217,
,1.28836174944403,True/2/0/3/0/4/175/300/False/False/1001/801/500/1/160/True/1.5/True/False/True/False/False/800/400/False/False/0.3/panthionIcon4.png/Oden2.png/PantheonMasterBotV01TesterV2 (Use_Time_Filter Start_Time_(HH) Start_Time_(mm) Duration_Time_(HH) Duration_Time_(mm) averageFast averageSlow averageTrend UseTrend UseTrendReverse ProfitStop LossStop MaxTrades Contracts MaxStop Use_MaxStop MaxTPRatio Use_MaxTP Long Short Reverse Use_Kill Kill_Profit_Stop Kill_Loss_Stop Show_Current_PNL Show_Stats_Box Image_Opacity Corner_Image Background_Image Bot_Name ),1945,8690,-6745,1.28836174944403,-3000,22,0.545454545454545,
,1.28813559322034,True/2/0/3/0/6/155/300/False/False/1001/801/500/1/140/True/1.4/True/True/True/False/False/800/400/False/False/0.3/panthionIcon4.png/Oden2.png/PantheonMasterBotV01TesterV2 (Use_Time_Filter Start_Time_(HH) Start_Time_(mm) Duration_Time_(HH) Duration_Time_(mm) averageFast averageSlow averageTrend UseTrend UseTrendReverse ProfitStop LossStop MaxTrades Contracts MaxStop Use_MaxStop MaxTPRatio Use_MaxTP Long Short Reverse Use_Kill Kill_Profit_Stop Kill_Loss_Stop Show_Current_PNL Show_Stats_Box Image_Opacity Corner_Image Background_Image Bot_Name ),3740,16720,-12980,1.28813559322034,-3785,66,0.303030303030303,
,1.28811973807297,True/2/0/3/0/2/185/300/False/False/1001/801/500/1/180/True/1.7/True/True/True/False/False/800/400/False/False/0.3/panthionIcon4.png/Oden2.png/PantheonMasterBotV01TesterV2 (Use_Time_Filter Start_Time_(HH) Start_Time_(mm) Duration_Time_(HH) Duration_Time_(mm) averageFast averageSlow averageTrend UseTrend UseTrendReverse ProfitStop LossStop MaxTrades Contracts MaxStop Use_MaxStop MaxTPRatio Use_MaxTP Long Short Reverse Use_Kill Kill_Profit_Stop Kill_Loss_Stop Show_Current_PNL Show_Stats_Box Image_Opacity Corner_Image Background_Image Bot_Name ),3080,13770,-10690,1.28811973807297,-2750,90,0.211111111111111,
,1.28743961352657,True/2/0/3/0/7/195/300/False/False/1001/801/500/1/160/True/1.1/True/False/True/False/False/800/400/False/False/0.3/panthionIcon4.png/Oden2.png/PantheonMasterBotV01TesterV2 (Use_Time_Filter Start_Time_(HH) Start_Time_(mm) Duration_Time_(HH) Duration_Time_(mm) averageFast averageSlow averageTrend UseTrend UseTrendReverse ProfitStop LossStop MaxTrades Contracts MaxStop Use_MaxStop MaxTPRatio Use_MaxTP Long Short Reverse Use_Kill Kill_Profit_Stop Kill_Loss_Stop Show_Current_PNL Show_Stats_Box Image_Opacity Corner_Image Background_Image Bot_Name ),1785,7995,-6210,1.28743961352657,-1665,20,0.5,
,1.28689883913765,True/2/0/3/0/4/185/300/False/False/1001/801/500/1/180/True/1.2/True/False/True/False/False/800/400/False/False/0.3/panthionIcon4.png/Oden2.png/PantheonMasterBotV01TesterV2 (Use_Time_Filter Start_Time_(HH) Start_Time_(mm) Duration_Time_(HH) Duration_Time_(mm) averageFast averageSlow averageTrend UseTrend UseTrendReverse ProfitStop LossStop MaxTrades Contracts MaxStop Use_MaxStop MaxTPRatio Use_MaxTP Long Short Reverse Use_Kill Kill_Profit_Stop Kill_Loss_Stop Show_Current_PNL Show_Stats_Box Image_Opacity Corner_Image Background_Image Bot_Name ),1730,7760,-6030,1.28689883913765,-2750,20,0.4,
,1.28645833333333,True/2/0/3/0/3/175/300/False/False/1001/801/500/1/160/True/1.7/True/True/True/False/False/800/400/False/False/0.3/panthionIcon4.png/Oden2.png/PantheonMasterBotV01TesterV2 (Use_Time_Filter Start_Time_(HH) Start_Time_(mm) Duration_Time_(HH) Duration_Time_(mm) averageFast averageSlow averageTrend UseTrend UseTrendReverse ProfitStop LossStop MaxTrades Contracts MaxStop Use_MaxStop MaxTPRatio Use_MaxTP Long Short Reverse Use_Kill Kill_Profit_Stop Kill_Loss_Stop Show_Current_PNL Show_Stats_Box Image_Opacity Corner_Image Background_Image Bot_Name ),2750,12350,-9600,1.28645833333333,-3705,76,0.25,
,1.28571428571429,True/2/0/3/0/10/175/300/False/False/1001/801/500/1/160/True/1.7/True/True/False/False/False/800/400/False/False/0.3/panthionIcon4.png/Oden2.png/PantheonMasterBotV01TesterV2 (Use_Time_Filter Start_Time_(HH) Start_Time_(mm) Duration_Time_(HH) Duration_Time_(mm) averageFast averageSlow averageTrend UseTrend UseTrendReverse ProfitStop LossStop MaxTrades Contracts MaxStop Use_MaxStop MaxTPRatio Use_MaxTP Long Short Reverse Use_Kill Kill_Profit_Stop Kill_Loss_Stop Show_Current_PNL Show_Stats_Box Image_Opacity Corner_Image Background_Image Bot_Name ),1840,8280,-6440,1.28571428571429,-2995,19,0.473684210526316,
,1.28528072837633,True/2/0/3/0/10/165/300/False/False/1001/801/500/1/140/True/1.1/True/False/True/False/False/800/400/False/False/0.3/panthionIcon4.png/Oden2.png/PantheonMasterBotV01TesterV2 (Use_Time_Filter Start_Time_(HH) Start_Time_(mm) Duration_Time_(HH) Duration_Time_(mm) averageFast averageSlow averageTrend UseTrend UseTrendReverse ProfitStop LossStop MaxTrades Contracts MaxStop Use_MaxStop MaxTPRatio Use_MaxTP Long Short Reverse Use_Kill Kill_Profit_Stop Kill_Loss_Stop Show_Current_PNL Show_Stats_Box Image_Opacity Corner_Image Background_Image Bot_Name ),1880,8470,-6590,1.28528072837633,-1525,23,0.478260869565217,
,1.2851966873706,True/2/0/3/0/8/185/300/False/False/1001/801/500/1/140/True/1.7/True/True/True/False/False/800/400/False/False/0.3/panthionIcon4.png/Oden2.png/PantheonMasterBotV01TesterV2 (Use_Time_Filter Start_Time_(HH) Start_Time_(mm) Duration_Time_(HH) Duration_Time_(mm) averageFast averageSlow averageTrend UseTrend UseTrendReverse ProfitStop LossStop MaxTrades Contracts MaxStop Use_MaxStop MaxTPRatio Use_MaxTP Long Short Reverse Use_Kill Kill_Profit_Stop Kill_Loss_Stop Show_Current_PNL Show_Stats_Box Image_Opacity Corner_Image Background_Image Bot_Name ),2755,12415,-9660,1.2851966873706,-2460,47,0.276595744680851,
,1.28484438430311,True/2/0/3/0/7/165/300/False/False/1001/801/500/1/160/True/1.6/True/True/False/False/False/800/400/False/False/0.3/panthionIcon4.png/Oden2.png/PantheonMasterBotV01TesterV2 (Use_Time_Filter Start_Time_(HH) Start_Time_(mm) Duration_Time_(HH) Duration_Time_(mm) averageFast averageSlow averageTrend UseTrend UseTrendReverse ProfitStop LossStop MaxTrades Contracts MaxStop Use_MaxStop MaxTPRatio Use_MaxTP Long Short Reverse Use_Kill Kill_Profit_Stop Kill_Loss_Stop Show_Current_PNL Show_Stats_Box Image_Opacity Corner_Image Background_Image Bot_Name ),2105,9495,-7390,1.28484438430311,-1890,21,0.523809523809524,
,1.28475486903962,True/2/0/3/0/4/175/300/False/False/1001/801/500/1/140/True/1.5/True/False/True/False/False/800/400/False/False/0.3/panthionIcon4.png/Oden2.png/PantheonMasterBotV01TesterV2 (Use_Time_Filter Start_Time_(HH) Start_Time_(mm) Duration_Time_(HH) Duration_Time_(mm) averageFast averageSlow averageTrend UseTrend UseTrendReverse ProfitStop LossStop MaxTrades Contracts MaxStop Use_MaxStop MaxTPRatio Use_MaxTP Long Short Reverse Use_Kill Kill_Profit_Stop Kill_Loss_Stop Show_Current_PNL Show_Stats_Box Image_Opacity Corner_Image Background_Image Bot_Name ),2120,9565,-7445,1.28475486903962,-2795,23,0.478260869565217,
,1.28446771378709,True/2/0/3/0/8/175/300/False/False/1001/801/500/1/180/True/1.3/True/True/False/False/False/800/400/False/False/0.3/panthionIcon4.png/Oden2.png/PantheonMasterBotV01TesterV2 (Use_Time_Filter Start_Time_(HH) Start_Time_(mm) Duration_Time_(HH) Duration_Time_(mm) averageFast averageSlow averageTrend UseTrend UseTrendReverse ProfitStop LossStop MaxTrades Contracts MaxStop Use_MaxStop MaxTPRatio Use_MaxTP Long Short Reverse Use_Kill Kill_Profit_Stop Kill_Loss_Stop Show_Current_PNL Show_Stats_Box Image_Opacity Corner_Image Background_Image Bot_Name ),1630,7360,-5730,1.28446771378709,-3045,17,0.470588235294118,
,1.28419560595322,True/2/0/3/0/8/165/300/False/False/1001/801/500/1/180/True/1.6/True/False/True/False/False/800/400/False/False/0.3/panthionIcon4.png/Oden2.png/PantheonMasterBotV01TesterV2 (Use_Time_Filter Start_Time_(HH) Start_Time_(mm) Duration_Time_(HH) Duration_Time_(mm) averageFast averageSlow averageTrend UseTrend UseTrendReverse ProfitStop LossStop MaxTrades Contracts MaxStop Use_MaxStop MaxTPRatio Use_MaxTP Long Short Reverse Use_Kill Kill_Profit_Stop Kill_Loss_Stop Show_Current_PNL Show_Stats_Box Image_Opacity Corner_Image Background_Image Bot_Name ),2005,9060,-7055,1.28419560595322,-2775,19,0.473684210526316,
,1.28337639965547,True/2/0/3/0/8/185/300/False/False/1001/801/500/1/180/True/1.7/True/True/False/False/False/800/400/False/False/0.3/panthionIcon4.png/Oden2.png/PantheonMasterBotV01TesterV2 (Use_Time_Filter Start_Time_(HH) Start_Time_(mm) Duration_Time_(HH) Duration_Time_(mm) averageFast averageSlow averageTrend UseTrend UseTrendReverse ProfitStop LossStop MaxTrades Contracts MaxStop Use_MaxStop MaxTPRatio Use_MaxTP Long Short Reverse Use_Kill Kill_Profit_Stop Kill_Loss_Stop Show_Current_PNL Show_Stats_Box Image_Opacity Corner_Image Background_Image Bot_Name ),1645,7450,-5805,1.28337639965547,-2715,17,0.470588235294118,
,1.28331862312445,True/2/0/3/0/8/175/300/False/False/1001/801/500/1/180/True/1.1/True/True/False/False/False/800/400/False/False/0.3/panthionIcon4.png/Oden2.png/PantheonMasterBotV01TesterV2 (Use_Time_Filter Start_Time_(HH) Start_Time_(mm) Duration_Time_(HH) Duration_Time_(mm) averageFast averageSlow averageTrend UseTrend UseTrendReverse ProfitStop LossStop MaxTrades Contracts MaxStop Use_MaxStop MaxTPRatio Use_MaxTP Long Short Reverse Use_Kill Kill_Profit_Stop Kill_Loss_Stop Show_Current_PNL Show_Stats_Box Image_Opacity Corner_Image Background_Image Bot_Name ),1605,7270,-5665,1.28331862312445,-3225,17,0.529411764705882,
,1.2832948421863,True/2/0/3/0/6/185/300/False/False/1001/801/500/1/140/True/1.7/True/False/True/False/False/800/400/False/False/0.3/panthionIcon4.png/Oden2.png/PantheonMasterBotV01TesterV2 (Use_Time_Filter Start_Time_(HH) Start_Time_(mm) Duration_Time_(HH) Duration_Time_(mm) averageFast averageSlow averageTrend UseTrend UseTrendReverse ProfitStop LossStop MaxTrades Contracts MaxStop Use_MaxStop MaxTPRatio Use_MaxTP Long Short Reverse Use_Kill Kill_Profit_Stop Kill_Loss_Stop Show_Current_PNL Show_Stats_Box Image_Opacity Corner_Image Background_Image Bot_Name ),1840,8335,-6495,1.2832948421863,-2560,22,0.363636363636364,
,1.28328328328328,True/2/0/3/0/8/175/300/False/False/1001/801/500/1/140/True/1.3/True/True/True/False/False/800/400/False/False/0.3/panthionIcon4.png/Oden2.png/PantheonMasterBotV01TesterV2 (Use_Time_Filter Start_Time_(HH) Start_Time_(mm) Duration_Time_(HH) Duration_Time_(mm) averageFast averageSlow averageTrend UseTrend UseTrendReverse ProfitStop LossStop MaxTrades Contracts MaxStop Use_MaxStop MaxTPRatio Use_MaxTP Long Short Reverse Use_Kill Kill_Profit_Stop Kill_Loss_Stop Show_Current_PNL Show_Stats_Box Image_Opacity Corner_Image Background_Image Bot_Name ),2830,12820,-9990,1.28328328328328,-2760,51,0.333333333333333,
,1.2827743902439,True/2/0/3/0/3/175/300/False/False/1001/801/500/1/180/True/1.5/True/False/True/False/False/800/400/False/False/0.3/panthionIcon4.png/Oden2.png/PantheonMasterBotV01TesterV2 (Use_Time_Filter Start_Time_(HH) Start_Time_(mm) Duration_Time_(HH) Duration_Time_(mm) averageFast averageSlow averageTrend UseTrend UseTrendReverse ProfitStop LossStop MaxTrades Contracts MaxStop Use_MaxStop MaxTPRatio Use_MaxTP Long Short Reverse Use_Kill Kill_Profit_Stop Kill_Loss_Stop Show_Current_PNL Show_Stats_Box Image_Opacity Corner_Image Background_Image Bot_Name ),1855,8415,-6560,1.2827743902439,-2760,20,0.5,
,1.28254580520733,True/2/0/3/0/7/175/300/False/False/1001/801/500/1/180/True/1.5/True/True/False/False/False/800/400/False/False/0.3/panthionIcon4.png/Oden2.png/PantheonMasterBotV01TesterV2 (Use_Time_Filter Start_Time_(HH) Start_Time_(mm) Duration_Time_(HH) Duration_Time_(mm) averageFast averageSlow averageTrend UseTrend UseTrendReverse ProfitStop LossStop MaxTrades Contracts MaxStop Use_MaxStop MaxTPRatio Use_MaxTP Long Short Reverse Use_Kill Kill_Profit_Stop Kill_Loss_Stop Show_Current_PNL Show_Stats_Box Image_Opacity Corner_Image Background_Image Bot_Name ),1465,6650,-5185,1.28254580520733,-2465,17,0.529411764705882,
,1.2822808671065,True/2/0/3/0/3/195/300/False/False/1001/801/500/1/160/True/1.7/True/True/True/False/False/800/400/False/False/0.3/panthionIcon4.png/Oden2.png/PantheonMasterBotV01TesterV2 (Use_Time_Filter Start_Time_(HH) Start_Time_(mm) Duration_Time_(HH) Duration_Time_(mm) averageFast averageSlow averageTrend UseTrend UseTrendReverse ProfitStop LossStop MaxTrades Contracts MaxStop Use_MaxStop MaxTPRatio Use_MaxTP Long Short Reverse Use_Kill Kill_Profit_Stop Kill_Loss_Stop Show_Current_PNL Show_Stats_Box Image_Opacity Corner_Image Background_Image Bot_Name ),2995,13605,-10610,1.2822808671065,-3135,82,0.182926829268293,
,1.28227459016393,True/2/0/3/0/8/185/300/False/False/1001/801/500/1/160/True/1.5/True/True/True/False/False/800/400/False/False/0.3/panthionIcon4.png/Oden2.png/PantheonMasterBotV01TesterV2 (Use_Time_Filter Start_Time_(HH) Start_Time_(mm) Duration_Time_(HH) Duration_Time_(mm) averageFast averageSlow averageTrend UseTrend UseTrendReverse ProfitStop LossStop MaxTrades Contracts MaxStop Use_MaxStop MaxTPRatio Use_MaxTP Long Short Reverse Use_Kill Kill_Profit_Stop Kill_Loss_Stop Show_Current_PNL Show_Stats_Box Image_Opacity Corner_Image Background_Image Bot_Name ),2755,12515,-9760,1.28227459016393,-2550,47,0.276595744680851,
,1.28159015617605,True/2/0/3/0/6/185/300/False/False/1001/801/500/1/160/True/1.3/True/True/True/False/False/800/400/False/False/0.3/panthionIcon4.png/Oden2.png/PantheonMasterBotV01TesterV2 (Use_Time_Filter Start_Time_(HH) Start_Time_(mm) Duration_Time_(HH) Duration_Time_(mm) averageFast averageSlow averageTrend UseTrend UseTrendReverse ProfitStop LossStop MaxTrades Contracts MaxStop Use_MaxStop MaxTPRatio Use_MaxTP Long Short Reverse Use_Kill Kill_Profit_Stop Kill_Loss_Stop Show_Current_PNL Show_Stats_Box Image_Opacity Corner_Image Background_Image Bot_Name ),2975,13540,-10565,1.28159015617605,-2980,56,0.267857142857143,
,1.28148475475033,True/2/0/3/0/8/155/300/False/False/1001/801/500/1/140/True/1.2/True/True/True/False/False/800/400/False/False/0.3/panthionIcon4.png/Oden2.png/PantheonMasterBotV01TesterV2 (Use_Time_Filter Start_Time_(HH) Start_Time_(mm) Duration_Time_(HH) Duration_Time_(mm) averageFast averageSlow averageTrend UseTrend UseTrendReverse ProfitStop LossStop MaxTrades Contracts MaxStop Use_MaxStop MaxTPRatio Use_MaxTP Long Short Reverse Use_Kill Kill_Profit_Stop Kill_Loss_Stop Show_Current_PNL Show_Stats_Box Image_Opacity Corner_Image Background_Image Bot_Name ),3185,14500,-11315,1.28148475475033,-2850,55,0.327272727272727,
,1.28120950323974,True/2/0/3/0/2/195/300/False/False/1001/801/500/1/160/True/1.5/True/True/True/False/False/800/400/False/False/0.3/panthionIcon4.png/Oden2.png/PantheonMasterBotV01TesterV2 (Use_Time_Filter Start_Time_(HH) Start_Time_(mm) Duration_Time_(HH) Duration_Time_(mm) averageFast averageSlow averageTrend UseTrend UseTrendReverse ProfitStop LossStop MaxTrades Contracts MaxStop Use_MaxStop MaxTPRatio Use_MaxTP Long Short Reverse Use_Kill Kill_Profit_Stop Kill_Loss_Stop Show_Current_PNL Show_Stats_Box Image_Opacity Corner_Image Background_Image Bot_Name ),3255,14830,-11575,1.28120950323974,-3060,101,0.217821782178218,
,1.28120411160059,True/2/0/3/0/2/185/300/False/False/1001/801/500/1/180/True/1.6/True/False/True/False/False/800/400/False/False/0.3/panthionIcon4.png/Oden2.png/PantheonMasterBotV01TesterV2 (Use_Time_Filter Start_Time_(HH) Start_Time_(mm) Duration_Time_(HH) Duration_Time_(mm) averageFast averageSlow averageTrend UseTrend UseTrendReverse ProfitStop LossStop MaxTrades Contracts MaxStop Use_MaxStop MaxTPRatio Use_MaxTP Long Short Reverse Use_Kill Kill_Profit_Stop Kill_Loss_Stop Show_Current_PNL Show_Stats_Box Image_Opacity Corner_Image Background_Image Bot_Name ),1915,8725,-6810,1.28120411160059,-2825,20,0.4,
,1.28029121164847,True/2/0/3/0/9/165/300/False/False/1001/801/500/1/180/True/1.1/True/True/True/False/False/800/400/False/False/0.3/panthionIcon4.png/Oden2.png/PantheonMasterBotV01TesterV2 (Use_Time_Filter Start_Time_(HH) Start_Time_(mm) Duration_Time_(HH) Duration_Time_(mm) averageFast averageSlow averageTrend UseTrend UseTrendReverse ProfitStop LossStop MaxTrades Contracts MaxStop Use_MaxStop MaxTPRatio Use_MaxTP Long Short Reverse Use_Kill Kill_Profit_Stop Kill_Loss_Stop Show_Current_PNL Show_Stats_Box Image_Opacity Corner_Image Background_Image Bot_Name ),2695,12310,-9615,1.28029121164847,-3325,47,0.319148936170213,
,1.28029121164847,True/2/0/3/0/9/165/300/False/False/1001/801/500/1/180/True/1.2/True/True/True/False/False/800/400/False/False/0.3/panthionIcon4.png/Oden2.png/PantheonMasterBotV01TesterV2 (Use_Time_Filter Start_Time_(HH) Start_Time_(mm) Duration_Time_(HH) Duration_Time_(mm) averageFast averageSlow averageTrend UseTrend UseTrendReverse ProfitStop LossStop MaxTrades Contracts MaxStop Use_MaxStop MaxTPRatio Use_MaxTP Long Short Reverse Use_Kill Kill_Profit_Stop Kill_Loss_Stop Show_Current_PNL Show_Stats_Box Image_Opacity Corner_Image Background_Image Bot_Name ),2695,12310,-9615,1.28029121164847,-3145,46,0.304347826086957,
,1.28018433179724,True/2/0/3/0/9/155/300/False/False/1001/801/500/1/180/True/1.2/True/True/True/False/False/800/400/False/False/0.3/panthionIcon4.png/Oden2.png/PantheonMasterBotV01TesterV2 (Use_Time_Filter Start_Time_(HH) Start_Time_(mm) Duration_Time_(HH) Duration_Time_(mm) averageFast averageSlow averageTrend UseTrend UseTrendReverse ProfitStop LossStop MaxTrades Contracts MaxStop Use_MaxStop MaxTPRatio Use_MaxTP Long Short Reverse Use_Kill Kill_Profit_Stop Kill_Loss_Stop Show_Current_PNL Show_Stats_Box Image_Opacity Corner_Image Background_Image Bot_Name ),3040,13890,-10850,1.28018433179724,-4000,54,0.296296296296296,
,1.28006088280061,True/2/0/3/0/9/195/300/False/False/1001/801/500/1/160/True/1.4/True/True/True/False/False/800/400/False/False/0.3/panthionIcon4.png/Oden2.png/PantheonMasterBotV01TesterV2 (Use_Time_Filter Start_Time_(HH) Start_Time_(mm) Duration_Time_(HH) Duration_Time_(mm) averageFast averageSlow averageTrend UseTrend UseTrendReverse ProfitStop LossStop MaxTrades Contracts MaxStop Use_MaxStop MaxTPRatio Use_MaxTP Long Short Reverse Use_Kill Kill_Profit_Stop Kill_Loss_Stop Show_Current_PNL Show_Stats_Box Image_Opacity Corner_Image Background_Image Bot_Name ),2760,12615,-9855,1.28006088280061,-2560,47,0.297872340425532,
,1.28,True/2/0/3/0/8/175/300/False/False/1001/801/500/1/140/True/1.6/True/False/True/False/False/800/400/False/False/0.3/panthionIcon4.png/Oden2.png/PantheonMasterBotV01TesterV2 (Use_Time_Filter Start_Time_(HH) Start_Time_(mm) Duration_Time_(HH) Duration_Time_(mm) averageFast averageSlow averageTrend UseTrend UseTrendReverse ProfitStop LossStop MaxTrades Contracts MaxStop Use_MaxStop MaxTPRatio Use_MaxTP Long Short Reverse Use_Kill Kill_Profit_Stop Kill_Loss_Stop Show_Current_PNL Show_Stats_Box Image_Opacity Corner_Image Background_Image Bot_Name ),1750,8000,-6250,1.28,-2330,21,0.380952380952381,
,1.27998176014592,True/2/0/3/0/2/185/300/False/False/1001/801/500/1/180/True/1.1/True/True/True/False/False/800/400/False/False/0.3/panthionIcon4.png/Oden2.png/PantheonMasterBotV01TesterV2 (Use_Time_Filter Start_Time_(HH) Start_Time_(mm) Duration_Time_(HH) Duration_Time_(mm) averageFast averageSlow averageTrend UseTrend UseTrendReverse ProfitStop LossStop MaxTrades Contracts MaxStop Use_MaxStop MaxTPRatio Use_MaxTP Long Short Reverse Use_Kill Kill_Profit_Stop Kill_Loss_Stop Show_Current_PNL Show_Stats_Box Image_Opacity Corner_Image Background_Image Bot_Name ),3070,14035,-10965,1.27998176014592,-2320,91,0.21978021978022,
,1.27998176014592,True/2/0/3/0/2/185/300/False/False/1001/801/500/1/180/True/1.4/True/True/True/False/False/800/400/False/False/0.3/panthionIcon4.png/Oden2.png/PantheonMasterBotV01TesterV2 (Use_Time_Filter Start_Time_(HH) Start_Time_(mm) Duration_Time_(HH) Duration_Time_(mm) averageFast averageSlow averageTrend UseTrend UseTrendReverse ProfitStop LossStop MaxTrades Contracts MaxStop Use_MaxStop MaxTPRatio Use_MaxTP Long Short Reverse Use_Kill Kill_Profit_Stop Kill_Loss_Stop Show_Current_PNL Show_Stats_Box Image_Opacity Corner_Image Background_Image Bot_Name ),3070,14035,-10965,1.27998176014592,-3025,91,0.208791208791209,
,1.27992547741034,True/2/0/3/0/6/185/300/False/False/1001/801/500/1/140/True/1.4/True/True/True/False/False/800/400/False/False/0.3/panthionIcon4.png/Oden2.png/PantheonMasterBotV01TesterV2 (Use_Time_Filter Start_Time_(HH) Start_Time_(mm) Duration_Time_(HH) Duration_Time_(mm) averageFast averageSlow averageTrend UseTrend UseTrendReverse ProfitStop LossStop MaxTrades Contracts MaxStop Use_MaxStop MaxTPRatio Use_MaxTP Long Short Reverse Use_Kill Kill_Profit_Stop Kill_Loss_Stop Show_Current_PNL Show_Stats_Box Image_Opacity Corner_Image Background_Image Bot_Name ),3005,13740,-10735,1.27992547741034,-3160,57,0.280701754385965,
,1.27982832618026,True/2/0/3/0/8/155/300/False/False/1001/801/500/1/180/True/1.5/True/True/False/False/False/800/400/False/False/0.3/panthionIcon4.png/Oden2.png/PantheonMasterBotV01TesterV2 (Use_Time_Filter Start_Time_(HH) Start_Time_(mm) Duration_Time_(HH) Duration_Time_(mm) averageFast averageSlow averageTrend UseTrend UseTrendReverse ProfitStop LossStop MaxTrades Contracts MaxStop Use_MaxStop MaxTPRatio Use_MaxTP Long Short Reverse Use_Kill Kill_Profit_Stop Kill_Loss_Stop Show_Current_PNL Show_Stats_Box Image_Opacity Corner_Image Background_Image Bot_Name ),1630,7455,-5825,1.27982832618026,-2585,18,0.5,
,1.27977161500816,True/2/0/3/0/6/185/300/False/False/1001/801/500/1/140/True/1.6/True/False/True/False/False/800/400/False/False/0.3/panthionIcon4.png/Oden2.png/PantheonMasterBotV01TesterV2 (Use_Time_Filter Start_Time_(HH) Start_Time_(mm) Duration_Time_(HH) Duration_Time_(mm) averageFast averageSlow averageTrend UseTrend UseTrendReverse ProfitStop LossStop MaxTrades Contracts MaxStop Use_MaxStop MaxTPRatio Use_MaxTP Long Short Reverse Use_Kill Kill_Profit_Stop Kill_Loss_Stop Show_Current_PNL Show_Stats_Box Image_Opacity Corner_Image Background_Image Bot_Name ),1715,7845,-6130,1.27977161500816,-2770,21,0.380952380952381,
,1.2796875,True/2/0/3/0/4/185/300/False/False/1001/801/500/1/140/True/1.3/True/False/True/False/False/800/400/False/False/0.3/panthionIcon4.png/Oden2.png/PantheonMasterBotV01TesterV2 (Use_Time_Filter Start_Time_(HH) Start_Time_(mm) Duration_Time_(HH) Duration_Time_(mm) averageFast averageSlow averageTrend UseTrend UseTrendReverse ProfitStop LossStop MaxTrades Contracts MaxStop Use_MaxStop MaxTPRatio Use_MaxTP Long Short Reverse Use_Kill Kill_Profit_Stop Kill_Loss_Stop Show_Current_PNL Show_Stats_Box Image_Opacity Corner_Image Background_Image Bot_Name ),1790,8190,-6400,1.2796875,-2100,22,0.409090909090909,
,1.2796875,True/2/0/3/0/8/185/300/False/False/1001/801/500/1/140/True/1.3/True/False/True/False/False/800/400/False/False/0.3/panthionIcon4.png/Oden2.png/PantheonMasterBotV01TesterV2 (Use_Time_Filter Start_Time_(HH) Start_Time_(mm) Duration_Time_(HH) Duration_Time_(mm) averageFast averageSlow averageTrend UseTrend UseTrendReverse ProfitStop LossStop MaxTrades Contracts MaxStop Use_MaxStop MaxTPRatio Use_MaxTP Long Short Reverse Use_Kill Kill_Profit_Stop Kill_Loss_Stop Show_Current_PNL Show_Stats_Box Image_Opacity Corner_Image Background_Image Bot_Name ),1790,8190,-6400,1.2796875,-1450,22,0.409090909090909,
,1.27958579881657,True/2/0/3/0/8/155/300/False/False/1001/801/500/1/180/True/1.7/True/True/True/False/False/800/400/False/False/0.3/panthionIcon4.png/Oden2.png/PantheonMasterBotV01TesterV2 (Use_Time_Filter Start_Time_(HH) Start_Time_(mm) Duration_Time_(HH) Duration_Time_(mm) averageFast averageSlow averageTrend UseTrend UseTrendReverse ProfitStop LossStop MaxTrades Contracts MaxStop Use_MaxStop MaxTPRatio Use_MaxTP Long Short Reverse Use_Kill Kill_Profit_Stop Kill_Loss_Stop Show_Current_PNL Show_Stats_Box Image_Opacity Corner_Image Background_Image Bot_Name ),2835,12975,-10140,1.27958579881657,-3260,52,0.269230769230769,
,1.27882736156352,True/2/0/3/0/10/155/300/False/False/1001/801/500/1/180/True/1.2/True/False/True/False/False/800/400/False/False/0.3/panthionIcon4.png/Oden2.png/PantheonMasterBotV01TesterV2 (Use_Time_Filter Start_Time_(HH) Start_Time_(mm) Duration_Time_(HH) Duration_Time_(mm) averageFast averageSlow averageTrend UseTrend UseTrendReverse ProfitStop LossStop MaxTrades Contracts MaxStop Use_MaxStop MaxTPRatio Use_MaxTP Long Short Reverse Use_Kill Kill_Profit_Stop Kill_Loss_Stop Show_Current_PNL Show_Stats_Box Image_Opacity Corner_Image Background_Image Bot_Name ),2140,9815,-7675,1.27882736156352,-2700,19,0.526315789473684,
,1.27824402840542,True/2/0/3/0/2/165/300/False/False/1001/801/500/1/180/True/1.2/True/False/True/False/False/800/400/False/False/0.3/panthionIcon4.png/Oden2.png/PantheonMasterBotV01TesterV2 (Use_Time_Filter Start_Time_(HH) Start_Time_(mm) Duration_Time_(HH) Duration_Time_(mm) averageFast averageSlow averageTrend UseTrend UseTrendReverse ProfitStop LossStop MaxTrades Contracts MaxStop Use_MaxStop MaxTPRatio Use_MaxTP Long Short Reverse Use_Kill Kill_Profit_Stop Kill_Loss_Stop Show_Current_PNL Show_Stats_Box Image_Opacity Corner_Image Background_Image Bot_Name ),2155,9900,-7745,1.27824402840542,-2700,21,0.523809523809524,
,1.27815468113976,True/2/0/3/0/6/165/300/False/False/1001/801/500/1/180/True/1.1/True/True/True/False/False/800/400/False/False/0.3/panthionIcon4.png/Oden2.png/PantheonMasterBotV01TesterV2 (Use_Time_Filter Start_Time_(HH) Start_Time_(mm) Duration_Time_(HH) Duration_Time_(mm) averageFast averageSlow averageTrend UseTrend UseTrendReverse ProfitStop LossStop MaxTrades Contracts MaxStop Use_MaxStop MaxTPRatio Use_MaxTP Long Short Reverse Use_Kill Kill_Profit_Stop Kill_Loss_Stop Show_Current_PNL Show_Stats_Box Image_Opacity Corner_Image Background_Image Bot_Name ),3075,14130,-11055,1.27815468113976,-2980,59,0.288135593220339,
,1.27813953488372,True/2/0/3/0/2/175/300/False/False/1001/801/500/1/140/True/1.6/True/True/True/False/False/800/400/False/False/0.3/panthionIcon4.png/Oden2.png/PantheonMasterBotV01TesterV2 (Use_Time_Filter Start_Time_(HH) Start_Time_(mm) Duration_Time_(HH) Duration_Time_(mm) averageFast averageSlow averageTrend UseTrend UseTrendReverse ProfitStop LossStop MaxTrades Contracts MaxStop Use_MaxStop MaxTPRatio Use_MaxTP Long Short Reverse Use_Kill Kill_Profit_Stop Kill_Loss_Stop Show_Current_PNL Show_Stats_Box Image_Opacity Corner_Image Background_Image Bot_Name ),2990,13740,-10750,1.27813953488372,-3725,95,0.221052631578947,
,1.27808764940239,True/2/0/3/0/8/195/300/False/False/1001/801/500/1/140/True/1.6/True/False/True/False/False/800/400/False/False/0.3/panthionIcon4.png/Oden2.png/PantheonMasterBotV01TesterV2 (Use_Time_Filter Start_Time_(HH) Start_Time_(mm) Duration_Time_(HH) Duration_Time_(mm) averageFast averageSlow averageTrend UseTrend UseTrendReverse ProfitStop LossStop MaxTrades Contracts MaxStop Use_MaxStop MaxTPRatio Use_MaxTP Long Short Reverse Use_Kill Kill_Profit_Stop Kill_Loss_Stop Show_Current_PNL Show_Stats_Box Image_Opacity Corner_Image Background_Image Bot_Name ),1745,8020,-6275,1.27808764940239,-2215,19,0.421052631578947,
,1.27808764940239,True/2/0/3/0/8/195/300/False/False/1001/801/500/1/140/True/1.4/True/False/True/False/False/800/400/False/False/0.3/panthionIcon4.png/Oden2.png/PantheonMasterBotV01TesterV2 (Use_Time_Filter Start_Time_(HH) Start_Time_(mm) Duration_Time_(HH) Duration_Time_(mm) averageFast averageSlow averageTrend UseTrend UseTrendReverse ProfitStop LossStop MaxTrades Contracts MaxStop Use_MaxStop MaxTPRatio Use_MaxTP Long Short Reverse Use_Kill Kill_Profit_Stop Kill_Loss_Stop Show_Current_PNL Show_Stats_Box Image_Opacity Corner_Image Background_Image Bot_Name ),1745,8020,-6275,1.27808764940239,-2635,20,0.45,
,1.27807486631016,True/2/0/3/0/9/185/300/False/False/1001/801/500/1/180/True/1.1/True/True/False/False/False/800/400/False/False/0.3/panthionIcon4.png/Oden2.png/PantheonMasterBotV01TesterV2 (Use_Time_Filter Start_Time_(HH) Start_Time_(mm) Duration_Time_(HH) Duration_Time_(mm) averageFast averageSlow averageTrend UseTrend UseTrendReverse ProfitStop LossStop MaxTrades Contracts MaxStop Use_MaxStop MaxTPRatio Use_MaxTP Long Short Reverse Use_Kill Kill_Profit_Stop Kill_Loss_Stop Show_Current_PNL Show_Stats_Box Image_Opacity Corner_Image Background_Image Bot_Name ),1560,7170,-5610,1.27807486631016,-3270,17,0.588235294117647,
,1.27774294670846,True/2/0/3/0/10/155/300/False/False/1001/801/500/1/140/True/1.7/True/True/False/False/False/800/400/False/False/0.3/panthionIcon4.png/Oden2.png/PantheonMasterBotV01TesterV2 (Use_Time_Filter Start_Time_(HH) Start_Time_(mm) Duration_Time_(HH) Duration_Time_(mm) averageFast averageSlow averageTrend UseTrend UseTrendReverse ProfitStop LossStop MaxTrades Contracts MaxStop Use_MaxStop MaxTPRatio Use_MaxTP Long Short Reverse Use_Kill Kill_Profit_Stop Kill_Loss_Stop Show_Current_PNL Show_Stats_Box Image_Opacity Corner_Image Background_Image Bot_Name ),2215,10190,-7975,1.27774294670846,-3700,24,0.458333333333333,
,1.27721720658524,True/2/0/3/0/10/185/300/False/False/1001/801/500/1/180/True/1.5/True/True/True/False/False/800/400/False/False/0.3/panthionIcon4.png/Oden2.png/PantheonMasterBotV01TesterV2 (Use_Time_Filter Start_Time_(HH) Start_Time_(mm) Duration_Time_(HH) Duration_Time_(mm) averageFast averageSlow averageTrend UseTrend UseTrendReverse ProfitStop LossStop MaxTrades Contracts MaxStop Use_MaxStop MaxTPRatio Use_MaxTP Long Short Reverse Use_Kill Kill_Profit_Stop Kill_Loss_Stop Show_Current_PNL Show_Stats_Box Image_Opacity Corner_Image Background_Image Bot_Name ),2610,12025,-9415,1.27721720658524,-3060,44,0.318181818181818,
,1.27710843373494,True/2/0/3/0/9/185/300/False/False/1001/801/500/1/180/True/1.7/True/True/False/False/False/800/400/False/False/0.3/panthionIcon4.png/Oden2.png/PantheonMasterBotV01TesterV2 (Use_Time_Filter Start_Time_(HH) Start_Time_(mm) Duration_Time_(HH) Duration_Time_(mm) averageFast averageSlow averageTrend UseTrend UseTrendReverse ProfitStop LossStop MaxTrades Contracts MaxStop Use_MaxStop MaxTPRatio Use_MaxTP Long Short Reverse Use_Kill Kill_Profit_Stop Kill_Loss_Stop Show_Current_PNL Show_Stats_Box Image_Opacity Corner_Image Background_Image Bot_Name ),1610,7420,-5810,1.27710843373494,-2730,17,0.529411764705882,
,1.27649402390438,True/2/0/3/0/5/185/300/False/False/1001/801/500/1/160/True/1.4/True/False/True/False/False/800/400/False/False/0.3/panthionIcon4.png/Oden2.png/PantheonMasterBotV01TesterV2 (Use_Time_Filter Start_Time_(HH) Start_Time_(mm) Duration_Time_(HH) Duration_Time_(mm) averageFast averageSlow averageTrend UseTrend UseTrendReverse ProfitStop LossStop MaxTrades Contracts MaxStop Use_MaxStop MaxTPRatio Use_MaxTP Long Short Reverse Use_Kill Kill_Profit_Stop Kill_Loss_Stop Show_Current_PNL Show_Stats_Box Image_Opacity Corner_Image Background_Image Bot_Name ),1735,8010,-6275,1.27649402390438,-2620,21,0.380952380952381,
,1.27635782747604,True/2/0/3/0/9/185/300/False/False/1001/801/500/1/140/True/1.6/True/False/True/False/False/800/400/False/False/0.3/panthionIcon4.png/Oden2.png/PantheonMasterBotV01TesterV2 (Use_Time_Filter Start_Time_(HH) Start_Time_(mm) Duration_Time_(HH) Duration_Time_(mm) averageFast averageSlow averageTrend UseTrend UseTrendReverse ProfitStop LossStop MaxTrades Contracts MaxStop Use_MaxStop MaxTPRatio Use_MaxTP Long Short Reverse Use_Kill Kill_Profit_Stop Kill_Loss_Stop Show_Current_PNL Show_Stats_Box Image_Opacity Corner_Image Background_Image Bot_Name ),1730,7990,-6260,1.27635782747604,-2285,20,0.4,
,1.27632254750899,True/2/0/3/0/9/165/300/False/False/1001/801/500/1/160/True/1.7/True/True/True/False/False/800/400/False/False/0.3/panthionIcon4.png/Oden2.png/PantheonMasterBotV01TesterV2 (Use_Time_Filter Start_Time_(HH) Start_Time_(mm) Duration_Time_(HH) Duration_Time_(mm) averageFast averageSlow averageTrend UseTrend UseTrendReverse ProfitStop LossStop MaxTrades Contracts MaxStop Use_MaxStop MaxTPRatio Use_MaxTP Long Short Reverse Use_Kill Kill_Profit_Stop Kill_Loss_Stop Show_Current_PNL Show_Stats_Box Image_Opacity Corner_Image Background_Image Bot_Name ),2690,12425,-9735,1.27632254750899,-2955,48,0.3125,
,1.27624720774386,True/2/0/3/0/8/165/300/False/False/1001/801/500/1/140/True/1.1/True/False/True/False/False/800/400/False/False/0.3/panthionIcon4.png/Oden2.png/PantheonMasterBotV01TesterV2 (Use_Time_Filter Start_Time_(HH) Start_Time_(mm) Duration_Time_(HH) Duration_Time_(mm) averageFast averageSlow averageTrend UseTrend UseTrendReverse ProfitStop LossStop MaxTrades Contracts MaxStop Use_MaxStop MaxTPRatio Use_MaxTP Long Short Reverse Use_Kill Kill_Profit_Stop Kill_Loss_Stop Show_Current_PNL Show_Stats_Box Image_Opacity Corner_Image Background_Image Bot_Name ),1855,8570,-6715,1.27624720774386,-2070,23,0.521739130434783,
,1.27615334632878,True/2/0/3/0/2/195/300/False/False/1001/801/500/1/160/True/1.2/True/False/True/False/False/800/400/False/False/0.3/panthionIcon4.png/Oden2.png/PantheonMasterBotV01TesterV2 (Use_Time_Filter Start_Time_(HH) Start_Time_(mm) Duration_Time_(HH) Duration_Time_(mm) averageFast averageSlow averageTrend UseTrend UseTrendReverse ProfitStop LossStop MaxTrades Contracts MaxStop Use_MaxStop MaxTPRatio Use_MaxTP Long Short Reverse Use_Kill Kill_Profit_Stop Kill_Loss_Stop Show_Current_PNL Show_Stats_Box Image_Opacity Corner_Image Background_Image Bot_Name ),2125,9820,-7695,1.27615334632878,-2645,24,0.5,
,1.27570921985816,True/2/0/3/0/10/185/300/False/False/1001/801/500/1/180/True/1.1/True/True/False/False/False/800/400/False/False/0.3/panthionIcon4.png/Oden2.png/PantheonMasterBotV01TesterV2 (Use_Time_Filter Start_Time_(HH) Start_Time_(mm) Duration_Time_(HH) Duration_Time_(mm) averageFast averageSlow averageTrend UseTrend UseTrendReverse ProfitStop LossStop MaxTrades Contracts MaxStop Use_MaxStop MaxTPRatio Use_MaxTP Long Short Reverse Use_Kill Kill_Profit_Stop Kill_Loss_Stop Show_Current_PNL Show_Stats_Box Image_Opacity Corner_Image Background_Image Bot_Name ),1555,7195,-5640,1.27570921985816,-2700,15,0.533333333333333,
,1.27561556791104,True/2/0/3/0/4/195/300/False/False/1001/801/500/1/140/True/1.6/True/False/True/False/False/800/400/False/False/0.3/panthionIcon4.png/Oden2.png/PantheonMasterBotV01TesterV2 (Use_Time_Filter Start_Time_(HH) Start_Time_(mm) Duration_Time_(HH) Duration_Time_(mm) averageFast averageSlow averageTrend UseTrend UseTrendReverse ProfitStop LossStop MaxTrades Contracts MaxStop Use_MaxStop MaxTPRatio Use_MaxTP Long Short Reverse Use_Kill Kill_Profit_Stop Kill_Loss_Stop Show_Current_PNL Show_Stats_Box Image_Opacity Corner_Image Background_Image Bot_Name ),1735,8030,-6295,1.27561556791104,-2690,20,0.4,
,1.27494033412888,True/2/0/3/0/3/185/300/False/False/1001/801/500/1/180/True/1.1/True/True/True/False/False/800/400/False/False/0.3/panthionIcon4.png/Oden2.png/PantheonMasterBotV01TesterV2 (Use_Time_Filter Start_Time_(HH) Start_Time_(mm) Duration_Time_(HH) Duration_Time_(mm) averageFast averageSlow averageTrend UseTrend UseTrendReverse ProfitStop LossStop MaxTrades Contracts MaxStop Use_MaxStop MaxTPRatio Use_MaxTP Long Short Reverse Use_Kill Kill_Profit_Stop Kill_Loss_Stop Show_Current_PNL Show_Stats_Box Image_Opacity Corner_Image Background_Image Bot_Name ),2880,13355,-10475,1.27494033412888,-2650,84,0.261904761904762,
,1.27474747474747,True/2/0/3/0/2/175/300/False/False/1001/801/500/1/180/True/1.7/True/True/True/False/False/800/400/False/False/0.3/panthionIcon4.png/Oden2.png/PantheonMasterBotV01TesterV2 (Use_Time_Filter Start_Time_(HH) Start_Time_(mm) Duration_Time_(HH) Duration_Time_(mm) averageFast averageSlow averageTrend UseTrend UseTrendReverse ProfitStop LossStop MaxTrades Contracts MaxStop Use_MaxStop MaxTPRatio Use_MaxTP Long Short Reverse Use_Kill Kill_Profit_Stop Kill_Loss_Stop Show_Current_PNL Show_Stats_Box Image_Opacity Corner_Image Background_Image Bot_Name ),2720,12620,-9900,1.27474747474747,-3725,90,0.233333333333333,
,1.27389558232932,True/2/0/3/0/7/175/300/False/False/1001/801/500/1/160/True/1.6/True/False/True/False/False/800/400/False/False/0.3/panthionIcon4.png/Oden2.png/PantheonMasterBotV01TesterV2 (Use_Time_Filter Start_Time_(HH) Start_Time_(mm) Duration_Time_(HH) Duration_Time_(mm) averageFast averageSlow averageTrend UseTrend UseTrendReverse ProfitStop LossStop MaxTrades Contracts MaxStop Use_MaxStop MaxTPRatio Use_MaxTP Long Short Reverse Use_Kill Kill_Profit_Stop Kill_Loss_Stop Show_Current_PNL Show_Stats_Box Image_Opacity Corner_Image Background_Image Bot_Name ),1705,7930,-6225,1.27389558232932,-2620,20,0.45,
,1.27361791462561,True/2/0/3/0/7/165/300/False/False/1001/801/500/1/140/True/1.3/True/False/True/False/False/800/400/False/False/0.3/panthionIcon4.png/Oden2.png/PantheonMasterBotV01TesterV2 (Use_Time_Filter Start_Time_(HH) Start_Time_(mm) Duration_Time_(HH) Duration_Time_(mm) averageFast averageSlow averageTrend UseTrend UseTrendReverse ProfitStop LossStop MaxTrades Contracts MaxStop Use_MaxStop MaxTPRatio Use_MaxTP Long Short Reverse Use_Kill Kill_Profit_Stop Kill_Loss_Stop Show_Current_PNL Show_Stats_Box Image_Opacity Corner_Image Background_Image Bot_Name ),1955,9100,-7145,1.27361791462561,-2595,23,0.434782608695652,
,1.27341964965727,True/2/0/3/0/5/185/300/False/False/1001/801/500/1/180/True/1.3/True/False/True/False/False/800/400/False/False/0.3/panthionIcon4.png/Oden2.png/PantheonMasterBotV01TesterV2 (Use_Time_Filter Start_Time_(HH) Start_Time_(mm) Duration_Time_(HH) Duration_Time_(mm) averageFast averageSlow averageTrend UseTrend UseTrendReverse ProfitStop LossStop MaxTrades Contracts MaxStop Use_MaxStop MaxTPRatio Use_MaxTP Long Short Reverse Use_Kill Kill_Profit_Stop Kill_Loss_Stop Show_Current_PNL Show_Stats_Box Image_Opacity Corner_Image Background_Image Bot_Name ),1795,8360,-6565,1.27341964965727,-2810,20,0.4,
,1.27333333333333,True/2/0/3/0/3/185/300/False/False/1001/801/500/1/180/True/1.3/True/True/True/False/False/800/400/False/False/0.3/panthionIcon4.png/Oden2.png/PantheonMasterBotV01TesterV2 (Use_Time_Filter Start_Time_(HH) Start_Time_(mm) Duration_Time_(HH) Duration_Time_(mm) averageFast averageSlow averageTrend UseTrend UseTrendReverse ProfitStop LossStop MaxTrades Contracts MaxStop Use_MaxStop MaxTPRatio Use_MaxTP Long Short Reverse Use_Kill Kill_Profit_Stop Kill_Loss_Stop Show_Current_PNL Show_Stats_Box Image_Opacity Corner_Image Background_Image Bot_Name ),2870,13370,-10500,1.27333333333333,-2870,84,0.25,
,1.27306501547988,True/2/0/3/0/6/155/300/False/False/1001/801/500/1/140/True/1.7/True/True/False/False/False/800/400/False/False/0.3/panthionIcon4.png/Oden2.png/PantheonMasterBotV01TesterV2 (Use_Time_Filter Start_Time_(HH) Start_Time_(mm) Duration_Time_(HH) Duration_Time_(mm) averageFast averageSlow averageTrend UseTrend UseTrendReverse ProfitStop LossStop MaxTrades Contracts MaxStop Use_MaxStop MaxTPRatio Use_MaxTP Long Short Reverse Use_Kill Kill_Profit_Stop Kill_Loss_Stop Show_Current_PNL Show_Stats_Box Image_Opacity Corner_Image Background_Image Bot_Name ),2205,10280,-8075,1.27306501547988,-2225,25,0.48,
,1.27286821705426,True/2/0/3/0/10/185/300/False/False/1001/801/500/1/160/True/1.5/True/True/True/False/False/800/400/False/False/0.3/panthionIcon4.png/Oden2.png/PantheonMasterBotV01TesterV2 (Use_Time_Filter Start_Time_(HH) Start_Time_(mm) Duration_Time_(HH) Duration_Time_(mm) averageFast averageSlow averageTrend UseTrend UseTrendReverse ProfitStop LossStop MaxTrades Contracts MaxStop Use_MaxStop MaxTPRatio Use_MaxTP Long Short Reverse Use_Kill Kill_Profit_Stop Kill_Loss_Stop Show_Current_PNL Show_Stats_Box Image_Opacity Corner_Image Background_Image Bot_Name ),2640,12315,-9675,1.27286821705426,-3060,46,0.326086956521739,
,1.27268408551069,True/2/0/3/0/2/175/300/False/False/1001/801/500/1/160/True/1.1/True/True/True/False/False/800/400/False/False/0.3/panthionIcon4.png/Oden2.png/PantheonMasterBotV01TesterV2 (Use_Time_Filter Start_Time_(HH) Start_Time_(mm) Duration_Time_(HH) Duration_Time_(mm) averageFast averageSlow averageTrend UseTrend UseTrendReverse ProfitStop LossStop MaxTrades Contracts MaxStop Use_MaxStop MaxTPRatio Use_MaxTP Long Short Reverse Use_Kill Kill_Profit_Stop Kill_Loss_Stop Show_Current_PNL Show_Stats_Box Image_Opacity Corner_Image Background_Image Bot_Name ),2870,13395,-10525,1.27268408551069,-2995,95,0.231578947368421,
,1.27190653212958,True/2/0/3/0/10/185/300/False/False/1001/801/500/1/180/True/1.3/True/True/True/False/False/800/400/False/False/0.3/panthionIcon4.png/Oden2.png/PantheonMasterBotV01TesterV2 (Use_Time_Filter Start_Time_(HH) Start_Time_(mm) Duration_Time_(HH) Duration_Time_(mm) averageFast averageSlow averageTrend UseTrend UseTrendReverse ProfitStop LossStop MaxTrades Contracts MaxStop Use_MaxStop MaxTPRatio Use_MaxTP Long Short Reverse Use_Kill Kill_Profit_Stop Kill_Loss_Stop Show_Current_PNL Show_Stats_Box Image_Opacity Corner_Image Background_Image Bot_Name ),2560,11975,-9415,1.27190653212958,-3060,44,0.318181818181818,
,1.27176381529145,True/2/0/3/0/6/175/300/False/False/1001/801/500/1/140/True/1.2/True/False/True/False/False/800/400/False/False/0.3/panthionIcon4.png/Oden2.png/PantheonMasterBotV01TesterV2 (Use_Time_Filter Start_Time_(HH) Start_Time_(mm) Duration_Time_(HH) Duration_Time_(mm) averageFast averageSlow averageTrend UseTrend UseTrendReverse ProfitStop LossStop MaxTrades Contracts MaxStop Use_MaxStop MaxTPRatio Use_MaxTP Long Short Reverse Use_Kill Kill_Profit_Stop Kill_Loss_Stop Show_Current_PNL Show_Stats_Box Image_Opacity Corner_Image Background_Image Bot_Name ),1795,8400,-6605,1.27176381529145,-2405,22,0.454545454545455,
,1.271679805943,True/2/0/3/0/3/195/300/False/False/1001/801/500/1/160/True/1.6/True/True/False/False/False/800/400/False/False/0.3/panthionIcon4.png/Oden2.png/PantheonMasterBotV01TesterV2 (Use_Time_Filter Start_Time_(HH) Start_Time_(mm) Duration_Time_(HH) Duration_Time_(mm) averageFast averageSlow averageTrend UseTrend UseTrendReverse ProfitStop LossStop MaxTrades Contracts MaxStop Use_MaxStop MaxTPRatio Use_MaxTP Long Short Reverse Use_Kill Kill_Profit_Stop Kill_Loss_Stop Show_Current_PNL Show_Stats_Box Image_Opacity Corner_Image Background_Image Bot_Name ),2240,10485,-8245,1.271679805943,-1990,22,0.454545454545455,
,1.27138157894737,True/2/0/3/0/4/185/300/False/False/1001/801/500/1/180/True/1.4/True/False/True/False/False/800/400/False/False/0.3/panthionIcon4.png/Oden2.png/PantheonMasterBotV01TesterV2 (Use_Time_Filter Start_Time_(HH) Start_Time_(mm) Duration_Time_(HH) Duration_Time_(mm) averageFast averageSlow averageTrend UseTrend UseTrendReverse ProfitStop LossStop MaxTrades Contracts MaxStop Use_MaxStop MaxTPRatio Use_MaxTP Long Short Reverse Use_Kill Kill_Profit_Stop Kill_Loss_Stop Show_Current_PNL Show_Stats_Box Image_Opacity Corner_Image Background_Image Bot_Name ),1650,7730,-6080,1.27138157894737,-2750,20,0.35,
,1.27118043247075,True/2/0/3/0/3/155/300/False/False/1001/801/500/1/160/True/1.1/True/True/True/False/False/800/400/False/False/0.3/panthionIcon4.png/Oden2.png/PantheonMasterBotV01TesterV2 (Use_Time_Filter Start_Time_(HH) Start_Time_(mm) Duration_Time_(HH) Duration_Time_(mm) averageFast averageSlow averageTrend UseTrend UseTrendReverse ProfitStop LossStop MaxTrades Contracts MaxStop Use_MaxStop MaxTPRatio Use_MaxTP Long Short Reverse Use_Kill Kill_Profit_Stop Kill_Loss_Stop Show_Current_PNL Show_Stats_Box Image_Opacity Corner_Image Background_Image Bot_Name ),3825,17930,-14105,1.27118043247075,-2925,97,0.257731958762887,
,1.27080181543116,True/2/0/3/0/8/155/300/False/False/1001/801/500/1/140/True/1.5/True/False/True/False/False/800/400/False/False/0.3/panthionIcon4.png/Oden2.png/PantheonMasterBotV01TesterV2 (Use_Time_Filter Start_Time_(HH) Start_Time_(mm) Duration_Time_(HH) Duration_Time_(mm) averageFast averageSlow averageTrend UseTrend UseTrendReverse ProfitStop LossStop MaxTrades Contracts MaxStop Use_MaxStop MaxTPRatio Use_MaxTP Long Short Reverse Use_Kill Kill_Profit_Stop Kill_Loss_Stop Show_Current_PNL Show_Stats_Box Image_Opacity Corner_Image Background_Image Bot_Name ),1790,8400,-6610,1.27080181543116,-2410,20,0.4,
,1.27059611520429,True/2/0/3/0/8/165/300/False/False/1001/801/500/1/160/True/1.7/True/True/False/False/False/800/400/False/False/0.3/panthionIcon4.png/Oden2.png/PantheonMasterBotV01TesterV2 (Use_Time_Filter Start_Time_(HH) Start_Time_(mm) Duration_Time_(HH) Duration_Time_(mm) averageFast averageSlow averageTrend UseTrend UseTrendReverse ProfitStop LossStop MaxTrades Contracts MaxStop Use_MaxStop MaxTPRatio Use_MaxTP Long Short Reverse Use_Kill Kill_Profit_Stop Kill_Loss_Stop Show_Current_PNL Show_Stats_Box Image_Opacity Corner_Image Background_Image Bot_Name ),2020,9485,-7465,1.27059611520429,-1915,21,0.476190476190476,
,1.27041057102407,True/2/0/3/0/6/185/300/False/False/1001/801/500/1/140/True/1.6/True/True/True/False/False/800/400/False/False/0.3/panthionIcon4.png/Oden2.png/PantheonMasterBotV01TesterV2 (Use_Time_Filter Start_Time_(HH) Start_Time_(mm) Duration_Time_(HH) Duration_Time_(mm) averageFast averageSlow averageTrend UseTrend UseTrendReverse ProfitStop LossStop MaxTrades Contracts MaxStop Use_MaxStop MaxTPRatio Use_MaxTP Long Short Reverse Use_Kill Kill_Profit_Stop Kill_Loss_Stop Show_Current_PNL Show_Stats_Box Image_Opacity Corner_Image Background_Image Bot_Name ),2865,13460,-10595,1.27041057102407,-3890,56,0.25,
,1.27041057102407,True/2/0/3/0/6/185/300/False/False/1001/801/500/1/160/True/1.4/True/True/True/False/False/800/400/False/False/0.3/panthionIcon4.png/Oden2.png/PantheonMasterBotV01TesterV2 (Use_Time_Filter Start_Time_(HH) Start_Time_(mm) Duration_Time_(HH) Duration_Time_(mm) averageFast averageSlow averageTrend UseTrend UseTrendReverse ProfitStop LossStop MaxTrades Contracts MaxStop Use_MaxStop MaxTPRatio Use_MaxTP Long Short Reverse Use_Kill Kill_Profit_Stop Kill_Loss_Stop Show_Current_PNL Show_Stats_Box Image_Opacity Corner_Image Background_Image Bot_Name ),2865,13460,-10595,1.27041057102407,-3890,56,0.25,
,1.27016129032258,True/2/0/3/0/8/155/300/False/False/1001/801/500/1/160/True/1.6/True/True/False/False/False/800/400/False/False/0.3/panthionIcon4.png/Oden2.png/PantheonMasterBotV01TesterV2 (Use_Time_Filter Start_Time_(HH) Start_Time_(mm) Duration_Time_(HH) Duration_Time_(mm) averageFast averageSlow averageTrend UseTrend UseTrendReverse ProfitStop LossStop MaxTrades Contracts MaxStop Use_MaxStop MaxTPRatio Use_MaxTP Long Short Reverse Use_Kill Kill_Profit_Stop Kill_Loss_Stop Show_Current_PNL Show_Stats_Box Image_Opacity Corner_Image Background_Image Bot_Name ),2010,9450,-7440,1.27016129032258,-2785,22,0.545454545454545,
,1.27002288329519,True/2/0/3/0/2/175/300/False/False/1001/801/500/1/140/True/1.3/True/True/True/False/False/800/400/False/False/0.3/panthionIcon4.png/Oden2.png/PantheonMasterBotV01TesterV2 (Use_Time_Filter Start_Time_(HH) Start_Time_(mm) Duration_Time_(HH) Duration_Time_(mm) averageFast averageSlow averageTrend UseTrend UseTrendReverse ProfitStop LossStop MaxTrades Contracts MaxStop Use_MaxStop MaxTPRatio Use_MaxTP Long Short Reverse Use_Kill Kill_Profit_Stop Kill_Loss_Stop Show_Current_PNL Show_Stats_Box Image_Opacity Corner_Image Background_Image Bot_Name ),2950,13875,-10925,1.27002288329519,-2815,99,0.232323232323232,
,1.26994359387591,True/2/0/3/0/4/185/300/False/False/1001/801/500/1/160/True/1.6/True/False/True/False/False/800/400/False/False/0.3/panthionIcon4.png/Oden2.png/PantheonMasterBotV01TesterV2 (Use_Time_Filter Start_Time_(HH) Start_Time_(mm) Duration_Time_(HH) Duration_Time_(mm) averageFast averageSlow averageTrend UseTrend UseTrendReverse ProfitStop LossStop MaxTrades Contracts MaxStop Use_MaxStop MaxTPRatio Use_MaxTP Long Short Reverse Use_Kill Kill_Profit_Stop Kill_Loss_Stop Show_Current_PNL Show_Stats_Box Image_Opacity Corner_Image Background_Image Bot_Name ),1675,7880,-6205,1.26994359387591,-2450,21,0.333333333333333,
,1.26981300089047,True/2/0/3/0/5/195/300/False/False/1001/801/500/1/180/True/1.1/True/False/True/False/False/800/400/False/False/0.3/panthionIcon4.png/Oden2.png/PantheonMasterBotV01TesterV2 (Use_Time_Filter Start_Time_(HH) Start_Time_(mm) Duration_Time_(HH) Duration_Time_(mm) averageFast averageSlow averageTrend UseTrend UseTrendReverse ProfitStop LossStop MaxTrades Contracts MaxStop Use_MaxStop MaxTPRatio Use_MaxTP Long Short Reverse Use_Kill Kill_Profit_Stop Kill_Loss_Stop Show_Current_PNL Show_Stats_Box Image_Opacity Corner_Image Background_Image Bot_Name ),1515,7130,-5615,1.26981300089047,-2390,18,0.444444444444444,
,1.26976744186047,True/2/0/3/0/10/185/300/False/False/1001/801/500/1/160/True/1.6/True/True/True/False/False/800/400/False/False/0.3/panthionIcon4.png/Oden2.png/PantheonMasterBotV01TesterV2 (Use_Time_Filter Start_Time_(HH) Start_Time_(mm) Duration_Time_(HH) Duration_Time_(mm) averageFast averageSlow averageTrend UseTrend UseTrendReverse ProfitStop LossStop MaxTrades Contracts MaxStop Use_MaxStop MaxTPRatio Use_MaxTP Long Short Reverse Use_Kill Kill_Profit_Stop Kill_Loss_Stop Show_Current_PNL Show_Stats_Box Image_Opacity Corner_Image Background_Image Bot_Name ),2610,12285,-9675,1.26976744186047,-3060,46,0.326086956521739,
,1.26921387790953,True/2/0/3/0/9/155/300/False/False/1001/801/500/1/140/True/1.7/True/True/True/False/False/800/400/False/False/0.3/panthionIcon4.png/Oden2.png/PantheonMasterBotV01TesterV2 (Use_Time_Filter Start_Time_(HH) Start_Time_(mm) Duration_Time_(HH) Duration_Time_(mm) averageFast averageSlow averageTrend UseTrend UseTrendReverse ProfitStop LossStop MaxTrades Contracts MaxStop Use_MaxStop MaxTPRatio Use_MaxTP Long Short Reverse Use_Kill Kill_Profit_Stop Kill_Loss_Stop Show_Current_PNL Show_Stats_Box Image_Opacity Corner_Image Background_Image Bot_Name ),3065,14450,-11385,1.26921387790953,-4280,53,0.283018867924528,
,1.26902887139108,True/2/0/3/0/7/155/300/False/False/1001/801/500/1/160/True/1.4/True/True/False/False/False/800/400/False/False/0.3/panthionIcon4.png/Oden2.png/PantheonMasterBotV01TesterV2 (Use_Time_Filter Start_Time_(HH) Start_Time_(mm) Duration_Time_(HH) Duration_Time_(mm) averageFast averageSlow averageTrend UseTrend UseTrendReverse ProfitStop LossStop MaxTrades Contracts MaxStop Use_MaxStop MaxTPRatio Use_MaxTP Long Short Reverse Use_Kill Kill_Profit_Stop Kill_Loss_Stop Show_Current_PNL Show_Stats_Box Image_Opacity Corner_Image Background_Image Bot_Name ),2050,9670,-7620,1.26902887139108,-2965,23,0.521739130434783,
,1.26880119136262,True/2/0/3/0/4/195/300/False/False/1001/801/500/1/140/True/1.7/True/False/True/False/False/800/400/False/False/0.3/panthionIcon4.png/Oden2.png/PantheonMasterBotV01TesterV2 (Use_Time_Filter Start_Time_(HH) Start_Time_(mm) Duration_Time_(HH) Duration_Time_(mm) averageFast averageSlow averageTrend UseTrend UseTrendReverse ProfitStop LossStop MaxTrades Contracts MaxStop Use_MaxStop MaxTPRatio Use_MaxTP Long Short Reverse Use_Kill Kill_Profit_Stop Kill_Loss_Stop Show_Current_PNL Show_Stats_Box Image_Opacity Corner_Image Background_Image Bot_Name ),1805,8520,-6715,1.26880119136262,-2690,21,0.380952380952381,
,1.26875,True/2/0/3/0/3/175/300/False/False/1001/801/500/1/180/True/1.7/True/True/True/False/False/800/400/False/False/0.3/panthionIcon4.png/Oden2.png/PantheonMasterBotV01TesterV2 (Use_Time_Filter Start_Time_(HH) Start_Time_(mm) Duration_Time_(HH) Duration_Time_(mm) averageFast averageSlow averageTrend UseTrend UseTrendReverse ProfitStop LossStop MaxTrades Contracts MaxStop Use_MaxStop MaxTPRatio Use_MaxTP Long Short Reverse Use_Kill Kill_Profit_Stop Kill_Loss_Stop Show_Current_PNL Show_Stats_Box Image_Opacity Corner_Image Background_Image Bot_Name ),2580,12180,-9600,1.26875,-3540,75,0.24,
,1.26833073322933,True/2/0/3/0/9/165/300/False/False/1001/801/500/1/180/True/1.5/True/True/True/False/False/800/400/False/False/0.3/panthionIcon4.png/Oden2.png/PantheonMasterBotV01TesterV2 (Use_Time_Filter Start_Time_(HH) Start_Time_(mm) Duration_Time_(HH) Duration_Time_(mm) averageFast averageSlow averageTrend UseTrend UseTrendReverse ProfitStop LossStop MaxTrades Contracts MaxStop Use_MaxStop MaxTPRatio Use_MaxTP Long Short Reverse Use_Kill Kill_Profit_Stop Kill_Loss_Stop Show_Current_PNL Show_Stats_Box Image_Opacity Corner_Image Background_Image Bot_Name ),2580,12195,-9615,1.26833073322933,-2955,46,0.304347826086957,
,1.2682563338301,True/2/0/3/0/2/175/300/False/False/1001/801/500/1/180/True/1.3/True/False/True/False/False/800/400/False/False/0.3/panthionIcon4.png/Oden2.png/PantheonMasterBotV01TesterV2 (Use_Time_Filter Start_Time_(HH) Start_Time_(mm) Duration_Time_(HH) Duration_Time_(mm) averageFast averageSlow averageTrend UseTrend UseTrendReverse ProfitStop LossStop MaxTrades Contracts MaxStop Use_MaxStop MaxTPRatio Use_MaxTP Long Short Reverse Use_Kill Kill_Profit_Stop Kill_Loss_Stop Show_Current_PNL Show_Stats_Box Image_Opacity Corner_Image Background_Image Bot_Name ),1800,8510,-6710,1.2682563338301,-2935,20,0.55,
,1.26811594202899,True/2/0/3/0/7/195/300/False/False/1001/801/500/1/160/True/1.2/True/False/True/False/False/800/400/False/False/0.3/panthionIcon4.png/Oden2.png/PantheonMasterBotV01TesterV2 (Use_Time_Filter Start_Time_(HH) Start_Time_(mm) Duration_Time_(HH) Duration_Time_(mm) averageFast averageSlow averageTrend UseTrend UseTrendReverse ProfitStop LossStop MaxTrades Contracts MaxStop Use_MaxStop MaxTPRatio Use_MaxTP Long Short Reverse Use_Kill Kill_Profit_Stop Kill_Loss_Stop Show_Current_PNL Show_Stats_Box Image_Opacity Corner_Image Background_Image Bot_Name ),1665,7875,-6210,1.26811594202899,-2345,20,0.5,
,1.26763668430335,True/2/0/3/0/2/195/300/False/False/1001/801/500/1/180/True/1.6/True/True/True/False/False/800/400/False/False/0.3/panthionIcon4.png/Oden2.png/PantheonMasterBotV01TesterV2 (Use_Time_Filter Start_Time_(HH) Start_Time_(mm) Duration_Time_(HH) Duration_Time_(mm) averageFast averageSlow averageTrend UseTrend UseTrendReverse ProfitStop LossStop MaxTrades Contracts MaxStop Use_MaxStop MaxTPRatio Use_MaxTP Long Short Reverse Use_Kill Kill_Profit_Stop Kill_Loss_Stop Show_Current_PNL Show_Stats_Box Image_Opacity Corner_Image Background_Image Bot_Name ),3035,14375,-11340,1.26763668430335,-2945,100,0.21,
,1.26732673267327,True/2/0/3/0/5/185/300/False/False/1001/801/500/1/180/True/1.5/True/False/True/False/False/800/400/False/False/0.3/panthionIcon4.png/Oden2.png/PantheonMasterBotV01TesterV2 (Use_Time_Filter Start_Time_(HH) Start_Time_(mm) Duration_Time_(HH) Duration_Time_(mm) averageFast averageSlow averageTrend UseTrend UseTrendReverse ProfitStop LossStop MaxTrades Contracts MaxStop Use_MaxStop MaxTPRatio Use_MaxTP Long Short Reverse Use_Kill Kill_Profit_Stop Kill_Loss_Stop Show_Current_PNL Show_Stats_Box Image_Opacity Corner_Image Background_Image Bot_Name ),1755,8320,-6565,1.26732673267327,-2810,20,0.4,
,1.26725304465494,True/2/0/3/0/7/165/300/False/False/1001/801/500/1/160/True/1.4/True/True/False/False/False/800/400/False/False/0.3/panthionIcon4.png/Oden2.png/PantheonMasterBotV01TesterV2 (Use_Time_Filter Start_Time_(HH) Start_Time_(mm) Duration_Time_(HH) Duration_Time_(mm) averageFast averageSlow averageTrend UseTrend UseTrendReverse ProfitStop LossStop MaxTrades Contracts MaxStop Use_MaxStop MaxTPRatio Use_MaxTP Long Short Reverse Use_Kill Kill_Profit_Stop Kill_Loss_Stop Show_Current_PNL Show_Stats_Box Image_Opacity Corner_Image Background_Image Bot_Name ),1975,9365,-7390,1.26725304465494,-2155,21,0.523809523809524,
,1.26709956709957,True/2/0/3/0/9/155/300/False/False/1001/801/500/1/160/True/1.5/True/True/True/False/False/800/400/False/False/0.3/panthionIcon4.png/Oden2.png/PantheonMasterBotV01TesterV2 (Use_Time_Filter Start_Time_(HH) Start_Time_(mm) Duration_Time_(HH) Duration_Time_(mm) averageFast averageSlow averageTrend UseTrend UseTrendReverse ProfitStop LossStop MaxTrades Contracts MaxStop Use_MaxStop MaxTPRatio Use_MaxTP Long Short Reverse Use_Kill Kill_Profit_Stop Kill_Loss_Stop Show_Current_PNL Show_Stats_Box Image_Opacity Corner_Image Background_Image Bot_Name ),3085,14635,-11550,1.26709956709957,-4460,55,0.290909090909091,
,1.26657196969697,True/2/0/3/0/3/195/300/False/False/1001/801/500/1/180/True/1.2/True/True/True/False/False/800/400/False/False/0.3/panthionIcon4.png/Oden2.png/PantheonMasterBotV01TesterV2 (Use_Time_Filter Start_Time_(HH) Start_Time_(mm) Duration_Time_(HH) Duration_Time_(mm) averageFast averageSlow averageTrend UseTrend UseTrendReverse ProfitStop LossStop MaxTrades Contracts MaxStop Use_MaxStop MaxTPRatio Use_MaxTP Long Short Reverse Use_Kill Kill_Profit_Stop Kill_Loss_Stop Show_Current_PNL Show_Stats_Box Image_Opacity Corner_Image Background_Image Bot_Name ),2815,13375,-10560,1.26657196969697,-3415,82,0.195121951219512,
,1.26656394453005,True/2/0/3/0/6/155/300/False/False/1001/801/500/1/140/True/1.3/True/True/True/False/False/800/400/False/False/0.3/panthionIcon4.png/Oden2.png/PantheonMasterBotV01TesterV2 (Use_Time_Filter Start_Time_(HH) Start_Time_(mm) Duration_Time_(HH) Duration_Time_(mm) averageFast averageSlow averageTrend UseTrend UseTrendReverse ProfitStop LossStop MaxTrades Contracts MaxStop Use_MaxStop MaxTPRatio Use_MaxTP Long Short Reverse Use_Kill Kill_Profit_Stop Kill_Loss_Stop Show_Current_PNL Show_Stats_Box Image_Opacity Corner_Image Background_Image Bot_Name ),3460,16440,-12980,1.26656394453005,-3225,66,0.318181818181818,
,1.26642335766423,True/2/0/3/0/10/185/300/False/False/1001/801/500/1/140/True/1.7/True/True/True/False/False/800/400/False/False/0.3/panthionIcon4.png/Oden2.png/PantheonMasterBotV01TesterV2 (Use_Time_Filter Start_Time_(HH) Start_Time_(mm) Duration_Time_(HH) Duration_Time_(mm) averageFast averageSlow averageTrend UseTrend UseTrendReverse ProfitStop LossStop MaxTrades Contracts MaxStop Use_MaxStop MaxTPRatio Use_MaxTP Long Short Reverse Use_Kill Kill_Profit_Stop Kill_Loss_Stop Show_Current_PNL Show_Stats_Box Image_Opacity Corner_Image Background_Image Bot_Name ),2555,12145,-9590,1.26642335766423,-3060,44,0.318181818181818,
,1.26563706563707,True/2/0/3/0/7/185/300/False/False/1001/801/500/1/140/True/1.3/True/False/True/False/False/800/400/False/False/0.3/panthionIcon4.png/Oden2.png/PantheonMasterBotV01TesterV2 (Use_Time_Filter Start_Time_(HH) Start_Time_(mm) Duration_Time_(HH) Duration_Time_(mm) averageFast averageSlow averageTrend UseTrend UseTrendReverse ProfitStop LossStop MaxTrades Contracts MaxStop Use_MaxStop MaxTPRatio Use_MaxTP Long Short Reverse Use_Kill Kill_Profit_Stop Kill_Loss_Stop Show_Current_PNL Show_Stats_Box Image_Opacity Corner_Image Background_Image Bot_Name ),1720,8195,-6475,1.26563706563707,-1470,22,0.454545454545455,
,1.26528854435831,True/2/0/3/0/8/185/300/False/False/1001/801/500/1/180/True/1.3/True/True/False/False/False/800/400/False/False/0.3/panthionIcon4.png/Oden2.png/PantheonMasterBotV01TesterV2 (Use_Time_Filter Start_Time_(HH) Start_Time_(mm) Duration_Time_(HH) Duration_Time_(mm) averageFast averageSlow averageTrend UseTrend UseTrendReverse ProfitStop LossStop MaxTrades Contracts MaxStop Use_MaxStop MaxTPRatio Use_MaxTP Long Short Reverse Use_Kill Kill_Profit_Stop Kill_Loss_Stop Show_Current_PNL Show_Stats_Box Image_Opacity Corner_Image Background_Image Bot_Name ),1540,7345,-5805,1.26528854435831,-3020,17,0.470588235294118,
,1.26524231370505,True/2/0/3/0/9/195/300/False/False/1001/801/500/1/180/True/1.2/True/True/True/False/False/800/400/False/False/0.3/panthionIcon4.png/Oden2.png/PantheonMasterBotV01TesterV2 (Use_Time_Filter Start_Time_(HH) Start_Time_(mm) Duration_Time_(HH) Duration_Time_(mm) averageFast averageSlow averageTrend UseTrend UseTrendReverse ProfitStop LossStop MaxTrades Contracts MaxStop Use_MaxStop MaxTPRatio Use_MaxTP Long Short Reverse Use_Kill Kill_Profit_Stop Kill_Loss_Stop Show_Current_PNL Show_Stats_Box Image_Opacity Corner_Image Background_Image Bot_Name ),2545,12140,-9595,1.26524231370505,-2560,45,0.288888888888889,
,1.26472898664572,True/2/0/3/0/7/155/300/False/False/1001/801/500/1/140/True/1.6/True/True/True/False/False/800/400/False/False/0.3/panthionIcon4.png/Oden2.png/PantheonMasterBotV01TesterV2 (Use_Time_Filter Start_Time_(HH) Start_Time_(mm) Duration_Time_(HH) Duration_Time_(mm) averageFast averageSlow averageTrend UseTrend UseTrendReverse ProfitStop LossStop MaxTrades Contracts MaxStop Use_MaxStop MaxTPRatio Use_MaxTP Long Short Reverse Use_Kill Kill_Profit_Stop Kill_Loss_Stop Show_Current_PNL Show_Stats_Box Image_Opacity Corner_Image Background_Image Bot_Name ),3370,16100,-12730,1.26472898664572,-3385,68,0.279411764705882,
,1.26472579553148,True/2/0/3/0/6/185/300/False/False/1001/801/500/1/180/True/1.7/True/False/True/False/False/800/400/False/False/0.3/panthionIcon4.png/Oden2.png/PantheonMasterBotV01TesterV2 (Use_Time_Filter Start_Time_(HH) Start_Time_(mm) Duration_Time_(HH) Duration_Time_(mm) averageFast averageSlow averageTrend UseTrend UseTrendReverse ProfitStop LossStop MaxTrades Contracts MaxStop Use_MaxStop MaxTPRatio Use_MaxTP Long Short Reverse Use_Kill Kill_Profit_Stop Kill_Loss_Stop Show_Current_PNL Show_Stats_Box Image_Opacity Corner_Image Background_Image Bot_Name ),1955,9340,-7385,1.26472579553148,-2810,20,0.4,
,1.26451612903226,True/2/0/3/0/8/185/300/False/False/1001/801/500/1/140/True/1.6/True/False/True/False/False/800/400/False/False/0.3/panthionIcon4.png/Oden2.png/PantheonMasterBotV01TesterV2 (Use_Time_Filter Start_Time_(HH) Start_Time_(mm) Duration_Time_(HH) Duration_Time_(mm) averageFast averageSlow averageTrend UseTrend UseTrendReverse ProfitStop LossStop MaxTrades Contracts MaxStop Use_MaxStop MaxTPRatio Use_MaxTP Long Short Reverse Use_Kill Kill_Profit_Stop Kill_Loss_Stop Show_Current_PNL Show_Stats_Box Image_Opacity Corner_Image Background_Image Bot_Name ),1640,7840,-6200,1.26451612903226,-2190,21,0.333333333333333,
,1.26401111625753,True/2/0/3/0/4/165/300/False/False/1001/801/500/1/180/True/1.6/True/True/True/False/False/800/400/False/False/0.3/panthionIcon4.png/Oden2.png/PantheonMasterBotV01TesterV2 (Use_Time_Filter Start_Time_(HH) Start_Time_(mm) Duration_Time_(HH) Duration_Time_(mm) averageFast averageSlow averageTrend UseTrend UseTrendReverse ProfitStop LossStop MaxTrades Contracts MaxStop Use_MaxStop MaxTPRatio Use_MaxTP Long Short Reverse Use_Kill Kill_Profit_Stop Kill_Loss_Stop Show_Current_PNL Show_Stats_Box Image_Opacity Corner_Image Background_Image Bot_Name ),2850,13645,-10795,1.26401111625753,-3730,66,0.242424242424242,
,1.26354793886058,True/2/0/3/0/4/165/300/False/False/1001/801/500/1/180/True/1.7/True/True/True/False/False/800/400/False/False/0.3/panthionIcon4.png/Oden2.png/PantheonMasterBotV01TesterV2 (Use_Time_Filter Start_Time_(HH) Start_Time_(mm) Duration_Time_(HH) Duration_Time_(mm) averageFast averageSlow averageTrend UseTrend UseTrendReverse ProfitStop LossStop MaxTrades Contracts MaxStop Use_MaxStop MaxTPRatio Use_MaxTP Long Short Reverse Use_Kill Kill_Profit_Stop Kill_Loss_Stop Show_Current_PNL Show_Stats_Box Image_Opacity Corner_Image Background_Image Bot_Name ),2845,13640,-10795,1.26354793886058,-3730,66,0.242424242424242,
,1.26345083487941,True/2/0/3/0/3/185/300/False/False/1001/801/500/1/140/True/1.7/True/True/True/False/False/800/400/False/False/0.3/panthionIcon4.png/Oden2.png/PantheonMasterBotV01TesterV2 (Use_Time_Filter Start_Time_(HH) Start_Time_(mm) Duration_Time_(HH) Duration_Time_(mm) averageFast averageSlow averageTrend UseTrend UseTrendReverse ProfitStop LossStop MaxTrades Contracts MaxStop Use_MaxStop MaxTPRatio Use_MaxTP Long Short Reverse Use_Kill Kill_Profit_Stop Kill_Loss_Stop Show_Current_PNL Show_Stats_Box Image_Opacity Corner_Image Background_Image Bot_Name ),2840,13620,-10780,1.26345083487941,-2770,86,0.255813953488372,
,1.26339509263896,True/2/0/3/0/9/195/300/False/False/1001/801/500/1/140/True/1.6/True/True/True/False/False/800/400/False/False/0.3/panthionIcon4.png/Oden2.png/PantheonMasterBotV01TesterV2 (Use_Time_Filter Start_Time_(HH) Start_Time_(mm) Duration_Time_(HH) Duration_Time_(mm) averageFast averageSlow averageTrend UseTrend UseTrendReverse ProfitStop LossStop MaxTrades Contracts MaxStop Use_MaxStop MaxTPRatio Use_MaxTP Long Short Reverse Use_Kill Kill_Profit_Stop Kill_Loss_Stop Show_Current_PNL Show_Stats_Box Image_Opacity Corner_Image Background_Image Bot_Name ),2630,12615,-9985,1.26339509263896,-2660,46,0.304347826086957,
,1.26315789473684,True/2/0/3/0/2/195/300/False/False/1001/801/500/1/160/True/1.1/True/False/True/False/False/800/400/False/False/0.3/panthionIcon4.png/Oden2.png/PantheonMasterBotV01TesterV2 (Use_Time_Filter Start_Time_(HH) Start_Time_(mm) Duration_Time_(HH) Duration_Time_(mm) averageFast averageSlow averageTrend UseTrend UseTrendReverse ProfitStop LossStop MaxTrades Contracts MaxStop Use_MaxStop MaxTPRatio Use_MaxTP Long Short Reverse Use_Kill Kill_Profit_Stop Kill_Loss_Stop Show_Current_PNL Show_Stats_Box Image_Opacity Corner_Image Background_Image Bot_Name ),2025,9720,-7695,1.26315789473684,-2645,24,0.5,
,1.26252983293556,True/2/0/3/0/3/185/300/False/False/1001/801/500/1/140/True/1.4/True/True/True/False/False/800/400/False/False/0.3/panthionIcon4.png/Oden2.png/PantheonMasterBotV01TesterV2 (Use_Time_Filter Start_Time_(HH) Start_Time_(mm) Duration_Time_(HH) Duration_Time_(mm) averageFast averageSlow averageTrend UseTrend UseTrendReverse ProfitStop LossStop MaxTrades Contracts MaxStop Use_MaxStop MaxTPRatio Use_MaxTP Long Short Reverse Use_Kill Kill_Profit_Stop Kill_Loss_Stop Show_Current_PNL Show_Stats_Box Image_Opacity Corner_Image Background_Image Bot_Name ),2750,13225,-10475,1.26252983293556,-2660,84,0.261904761904762,
,1.26247987117552,True/2/0/3/0/8/175/300/False/False/1001/801/500/1/160/True/1.6/True/False/True/False/False/800/400/False/False/0.3/panthionIcon4.png/Oden2.png/PantheonMasterBotV01TesterV2 (Use_Time_Filter Start_Time_(HH) Start_Time_(mm) Duration_Time_(HH) Duration_Time_(mm) averageFast averageSlow averageTrend UseTrend UseTrendReverse ProfitStop LossStop MaxTrades Contracts MaxStop Use_MaxStop MaxTPRatio Use_MaxTP Long Short Reverse Use_Kill Kill_Profit_Stop Kill_Loss_Stop Show_Current_PNL Show_Stats_Box Image_Opacity Corner_Image Background_Image Bot_Name ),1630,7840,-6210,1.26247987117552,-2530,21,0.333333333333333,
,1.26240571655419,True/2/0/3/0/6/155/300/False/False/1001/801/500/1/160/True/1.1/True/True/True/False/False/800/400/False/False/0.3/panthionIcon4.png/Oden2.png/PantheonMasterBotV01TesterV2 (Use_Time_Filter Start_Time_(HH) Start_Time_(mm) Duration_Time_(HH) Duration_Time_(mm) averageFast averageSlow averageTrend UseTrend UseTrendReverse ProfitStop LossStop MaxTrades Contracts MaxStop Use_MaxStop MaxTPRatio Use_MaxTP Long Short Reverse Use_Kill Kill_Profit_Stop Kill_Loss_Stop Show_Current_PNL Show_Stats_Box Image_Opacity Corner_Image Background_Image Bot_Name ),3305,15900,-12595,1.26240571655419,-3575,63,0.333333333333333,
,1.26228660113813,True/2/0/3/0/9/185/300/False/False/1001/801/500/1/140/True/1.2/True/True/True/False/False/800/400/False/False/0.3/panthionIcon4.png/Oden2.png/PantheonMasterBotV01TesterV2 (Use_Time_Filter Start_Time_(HH) Start_Time_(mm) Duration_Time_(HH) Duration_Time_(mm) averageFast averageSlow averageTrend UseTrend UseTrendReverse ProfitStop LossStop MaxTrades Contracts MaxStop Use_MaxStop MaxTPRatio Use_MaxTP Long Short Reverse Use_Kill Kill_Profit_Stop Kill_Loss_Stop Show_Current_PNL Show_Stats_Box Image_Opacity Corner_Image Background_Image Bot_Name ),2535,12200,-9665,1.26228660113813,-3135,49,0.36734693877551,
,1.26185958254269,True/2/0/3/0/3/185/300/False/False/1001/801/500/1/160/True/1.6/True/True/True/False/False/800/400/False/False/0.3/panthionIcon4.png/Oden2.png/PantheonMasterBotV01TesterV2 (Use_Time_Filter Start_Time_(HH) Start_Time_(mm) Duration_Time_(HH) Duration_Time_(mm) averageFast averageSlow averageTrend UseTrend UseTrendReverse ProfitStop LossStop MaxTrades Contracts MaxStop Use_MaxStop MaxTPRatio Use_MaxTP Long Short Reverse Use_Kill Kill_Profit_Stop Kill_Loss_Stop Show_Current_PNL Show_Stats_Box Image_Opacity Corner_Image Background_Image Bot_Name ),2760,13300,-10540,1.26185958254269,-2505,84,0.238095238095238,
,1.26153846153846,True/2/0/3/0/2/155/300/False/False/1001/801/500/1/180/True/1.3/True/False/True/False/False/800/400/False/False/0.3/panthionIcon4.png/Oden2.png/PantheonMasterBotV01TesterV2 (Use_Time_Filter Start_Time_(HH) Start_Time_(mm) Duration_Time_(HH) Duration_Time_(mm) averageFast averageSlow averageTrend UseTrend UseTrendReverse ProfitStop LossStop MaxTrades Contracts MaxStop Use_MaxStop MaxTPRatio Use_MaxTP Long Short Reverse Use_Kill Kill_Profit_Stop Kill_Loss_Stop Show_Current_PNL Show_Stats_Box Image_Opacity Corner_Image Background_Image Bot_Name ),2040,9840,-7800,1.26153846153846,-3310,22,0.545454545454545,
,1.26137303556658,True/2/0/3/0/9/185/300/False/False/1001/801/500/1/160/True/1.3/True/True/False/False/False/800/400/False/False/0.3/panthionIcon4.png/Oden2.png/PantheonMasterBotV01TesterV2 (Use_Time_Filter Start_Time_(HH) Start_Time_(mm) Duration_Time_(HH) Duration_Time_(mm) averageFast averageSlow averageTrend UseTrend UseTrendReverse ProfitStop LossStop MaxTrades Contracts MaxStop Use_MaxStop MaxTPRatio Use_MaxTP Long Short Reverse Use_Kill Kill_Profit_Stop Kill_Loss_Stop Show_Current_PNL Show_Stats_Box Image_Opacity Corner_Image Background_Image Bot_Name ),1580,7625,-6045,1.26137303556658,-2955,20,0.55,
,1.26102941176471,True/2/0/3/0/5/195/300/False/False/1001/801/500/1/140/True/1.4/True/False/True/False/False/800/400/False/False/0.3/panthionIcon4.png/Oden2.png/PantheonMasterBotV01TesterV2 (Use_Time_Filter Start_Time_(HH) Start_Time_(mm) Duration_Time_(HH) Duration_Time_(mm) averageFast averageSlow averageTrend UseTrend UseTrendReverse ProfitStop LossStop MaxTrades Contracts MaxStop Use_MaxStop MaxTPRatio Use_MaxTP Long Short Reverse Use_Kill Kill_Profit_Stop Kill_Loss_Stop Show_Current_PNL Show_Stats_Box Image_Opacity Corner_Image Background_Image Bot_Name ),1420,6860,-5440,1.26102941176471,-2340,19,0.368421052631579,
,1.26065411298315,True/2/0/3/0/8/175/300/False/False/1001/801/500/1/160/True/1.2/True/True/True/False/False/800/400/False/False/0.3/panthionIcon4.png/Oden2.png/PantheonMasterBotV01TesterV2 (Use_Time_Filter Start_Time_(HH) Start_Time_(mm) Duration_Time_(HH) Duration_Time_(mm) averageFast averageSlow averageTrend UseTrend UseTrendReverse ProfitStop LossStop MaxTrades Contracts MaxStop Use_MaxStop MaxTPRatio Use_MaxTP Long Short Reverse Use_Kill Kill_Profit_Stop Kill_Loss_Stop Show_Current_PNL Show_Stats_Box Image_Opacity Corner_Image Background_Image Bot_Name ),2630,12720,-10090,1.26065411298315,-2760,51,0.333333333333333,
,1.26054122089364,True/2/0/3/0/3/195/300/False/False/1001/801/500/1/140/True/1.7/True/True/False/False/False/800/400/False/False/0.3/panthionIcon4.png/Oden2.png/PantheonMasterBotV01TesterV2 (Use_Time_Filter Start_Time_(HH) Start_Time_(mm) Duration_Time_(HH) Duration_Time_(mm) averageFast averageSlow averageTrend UseTrend UseTrendReverse ProfitStop LossStop MaxTrades Contracts MaxStop Use_MaxStop MaxTPRatio Use_MaxTP Long Short Reverse Use_Kill Kill_Profit_Stop Kill_Loss_Stop Show_Current_PNL Show_Stats_Box Image_Opacity Corner_Image Background_Image Bot_Name ),2070,10015,-7945,1.26054122089364,-1955,24,0.458333333333333,
,1.2599890530925,True/2/0/3/0/7/175/300/False/False/1001/801/500/1/140/True/1.6/True/True/True/False/False/800/400/False/False/0.3/panthionIcon4.png/Oden2.png/PantheonMasterBotV01TesterV2 (Use_Time_Filter Start_Time_(HH) Start_Time_(mm) Duration_Time_(HH) Duration_Time_(mm) averageFast averageSlow averageTrend UseTrend UseTrendReverse ProfitStop LossStop MaxTrades Contracts MaxStop Use_MaxStop MaxTPRatio Use_MaxTP Long Short Reverse Use_Kill Kill_Profit_Stop Kill_Loss_Stop Show_Current_PNL Show_Stats_Box Image_Opacity Corner_Image Background_Image Bot_Name ),2375,11510,-9135,1.2599890530925,-3360,50,0.3,
,1.2599890530925,True/2/0/3/0/7/175/300/False/False/1001/801/500/1/160/True/1.4/True/True/True/False/False/800/400/False/False/0.3/panthionIcon4.png/Oden2.png/PantheonMasterBotV01TesterV2 (Use_Time_Filter Start_Time_(HH) Start_Time_(mm) Duration_Time_(HH) Duration_Time_(mm) averageFast averageSlow averageTrend UseTrend UseTrendReverse ProfitStop LossStop MaxTrades Contracts MaxStop Use_MaxStop MaxTPRatio Use_MaxTP Long Short Reverse Use_Kill Kill_Profit_Stop Kill_Loss_Stop Show_Current_PNL Show_Stats_Box Image_Opacity Corner_Image Background_Image Bot_Name ),2375,11510,-9135,1.2599890530925,-3360,50,0.3,
,1.25995525727069,True/2/0/3/0/8/155/300/False/False/1001/801/500/1/140/True/1.1/True/True/True/False/False/800/400/False/False/0.3/panthionIcon4.png/Oden2.png/PantheonMasterBotV01TesterV2 (Use_Time_Filter Start_Time_(HH) Start_Time_(mm) Duration_Time_(HH) Duration_Time_(mm) averageFast averageSlow averageTrend UseTrend UseTrendReverse ProfitStop LossStop MaxTrades Contracts MaxStop Use_MaxStop MaxTPRatio Use_MaxTP Long Short Reverse Use_Kill Kill_Profit_Stop Kill_Loss_Stop Show_Current_PNL Show_Stats_Box Image_Opacity Corner_Image Background_Image Bot_Name ),2905,14080,-11175,1.25995525727069,-2430,55,0.345454545454545,
,1.25969275786394,True/2/0/3/0/3/175/300/False/False/1001/801/500/1/140/True/1.7/True/False/True/False/False/800/400/False/False/0.3/panthionIcon4.png/Oden2.png/PantheonMasterBotV01TesterV2 (Use_Time_Filter Start_Time_(HH) Start_Time_(mm) Duration_Time_(HH) Duration_Time_(mm) averageFast averageSlow averageTrend UseTrend UseTrendReverse ProfitStop LossStop MaxTrades Contracts MaxStop Use_MaxStop MaxTPRatio Use_MaxTP Long Short Reverse Use_Kill Kill_Profit_Stop Kill_Loss_Stop Show_Current_PNL Show_Stats_Box Image_Opacity Corner_Image Background_Image Bot_Name ),1775,8610,-6835,1.25969275786394,-2745,23,0.434782608695652,
,1.25958904109589,True/2/0/3/0/10/155/300/False/False/1001/801/500/1/140/True/1.3/True/False/True/False/False/800/400/False/False/0.3/panthionIcon4.png/Oden2.png/PantheonMasterBotV01TesterV2 (Use_Time_Filter Start_Time_(HH) Start_Time_(mm) Duration_Time_(HH) Duration_Time_(mm) averageFast averageSlow averageTrend UseTrend UseTrendReverse ProfitStop LossStop MaxTrades Contracts MaxStop Use_MaxStop MaxTPRatio Use_MaxTP Long Short Reverse Use_Kill Kill_Profit_Stop Kill_Loss_Stop Show_Current_PNL Show_Stats_Box Image_Opacity Corner_Image Background_Image Bot_Name ),1895,9195,-7300,1.25958904109589,-2100,24,0.458333333333333,
,1.25931445603577,True/2/0/3/0/2/175/300/False/False/1001/801/500/1/180/True/1.5/True/False/True/False/False/800/400/False/False/0.3/panthionIcon4.png/Oden2.png/PantheonMasterBotV01TesterV2 (Use_Time_Filter Start_Time_(HH) Start_Time_(mm) Duration_Time_(HH) Duration_Time_(mm) averageFast averageSlow averageTrend UseTrend UseTrendReverse ProfitStop LossStop MaxTrades Contracts MaxStop Use_MaxStop MaxTPRatio Use_MaxTP Long Short Reverse Use_Kill Kill_Profit_Stop Kill_Loss_Stop Show_Current_PNL Show_Stats_Box Image_Opacity Corner_Image Background_Image Bot_Name ),1740,8450,-6710,1.25931445603577,-2700,20,0.55,
,1.25925925925926,True/2/0/3/0/4/155/300/False/False/1001/801/500/1/180/True/1.3/True/False/True/False/False/800/400/False/False/0.3/panthionIcon4.png/Oden2.png/PantheonMasterBotV01TesterV2 (Use_Time_Filter Start_Time_(HH) Start_Time_(mm) Duration_Time_(HH) Duration_Time_(mm) averageFast averageSlow averageTrend UseTrend UseTrendReverse ProfitStop LossStop MaxTrades Contracts MaxStop Use_MaxStop MaxTPRatio Use_MaxTP Long Short Reverse Use_Kill Kill_Profit_Stop Kill_Loss_Stop Show_Current_PNL Show_Stats_Box Image_Opacity Corner_Image Background_Image Bot_Name ),2100,10200,-8100,1.25925925925926,-3015,21,0.571428571428571,
,1.25896414342629,True/2/0/3/0/5/185/300/False/False/1001/801/500/1/160/True/1.6/True/False/True/False/False/800/400/False/False/0.3/panthionIcon4.png/Oden2.png/PantheonMasterBotV01TesterV2 (Use_Time_Filter Start_Time_(HH) Start_Time_(mm) Duration_Time_(HH) Duration_Time_(mm) averageFast averageSlow averageTrend UseTrend UseTrendReverse ProfitStop LossStop MaxTrades Contracts MaxStop Use_MaxStop MaxTPRatio Use_MaxTP Long Short Reverse Use_Kill Kill_Profit_Stop Kill_Loss_Stop Show_Current_PNL Show_Stats_Box Image_Opacity Corner_Image Background_Image Bot_Name ),1625,7900,-6275,1.25896414342629,-2510,21,0.380952380952381,
,1.25873015873016,True/2/0/3/0/5/175/300/False/False/1001/801/500/1/140/True/1.6/True/False/True/False/False/800/400/False/False/0.3/panthionIcon4.png/Oden2.png/PantheonMasterBotV01TesterV2 (Use_Time_Filter Start_Time_(HH) Start_Time_(mm) Duration_Time_(HH) Duration_Time_(mm) averageFast averageSlow averageTrend UseTrend UseTrendReverse ProfitStop LossStop MaxTrades Contracts MaxStop Use_MaxStop MaxTPRatio Use_MaxTP Long Short Reverse Use_Kill Kill_Profit_Stop Kill_Loss_Stop Show_Current_PNL Show_Stats_Box Image_Opacity Corner_Image Background_Image Bot_Name ),1630,7930,-6300,1.25873015873016,-2795,21,0.380952380952381,
,1.25871559633028,True/2/0/3/0/2/185/300/False/False/1001/801/500/1/160/True/1.3/True/True/True/False/False/800/400/False/False/0.3/panthionIcon4.png/Oden2.png/PantheonMasterBotV01TesterV2 (Use_Time_Filter Start_Time_(HH) Start_Time_(mm) Duration_Time_(HH) Duration_Time_(mm) averageFast averageSlow averageTrend UseTrend UseTrendReverse ProfitStop LossStop MaxTrades Contracts MaxStop Use_MaxStop MaxTPRatio Use_MaxTP Long Short Reverse Use_Kill Kill_Profit_Stop Kill_Loss_Stop Show_Current_PNL Show_Stats_Box Image_Opacity Corner_Image Background_Image Bot_Name ),2820,13720,-10900,1.25871559633028,-2320,91,0.21978021978022,
,1.25812873258129,True/2/0/3/0/9/155/300/False/False/1001/801/500/1/160/True/1.2/True/True/False/False/False/800/400/False/False/0.3/panthionIcon4.png/Oden2.png/PantheonMasterBotV01TesterV2 (Use_Time_Filter Start_Time_(HH) Start_Time_(mm) Duration_Time_(HH) Duration_Time_(mm) averageFast averageSlow averageTrend UseTrend UseTrendReverse ProfitStop LossStop MaxTrades Contracts MaxStop Use_MaxStop MaxTPRatio Use_MaxTP Long Short Reverse Use_Kill Kill_Profit_Stop Kill_Loss_Stop Show_Current_PNL Show_Stats_Box Image_Opacity Corner_Image Background_Image Bot_Name ),1945,9480,-7535,1.25812873258129,-2315,23,0.521739130434783,
,1.25791666666667,True/2/0/3/0/2/195/300/False/False/1001/801/500/1/140/True/1.4/True/True/True/False/False/800/400/False/False/0.3/panthionIcon4.png/Oden2.png/PantheonMasterBotV01TesterV2 (Use_Time_Filter Start_Time_(HH) Start_Time_(mm) Duration_Time_(HH) Duration_Time_(mm) averageFast averageSlow averageTrend UseTrend UseTrendReverse ProfitStop LossStop MaxTrades Contracts MaxStop Use_MaxStop MaxTPRatio Use_MaxTP Long Short Reverse Use_Kill Kill_Profit_Stop Kill_Loss_Stop Show_Current_PNL Show_Stats_Box Image_Opacity Corner_Image Background_Image Bot_Name ),3095,15095,-12000,1.25791666666667,-2870,101,0.227722772277228,
,1.25767366720517,True/2/0/3/0/10/185/300/False/False/1001/801/500/1/160/True/1.2/True/True/False/False/False/800/400/False/False/0.3/panthionIcon4.png/Oden2.png/PantheonMasterBotV01TesterV2 (Use_Time_Filter Start_Time_(HH) Start_Time_(mm) Duration_Time_(HH) Duration_Time_(mm) averageFast averageSlow averageTrend UseTrend UseTrendReverse ProfitStop LossStop MaxTrades Contracts MaxStop Use_MaxStop MaxTPRatio Use_MaxTP Long Short Reverse Use_Kill Kill_Profit_Stop Kill_Loss_Stop Show_Current_PNL Show_Stats_Box Image_Opacity Corner_Image Background_Image Bot_Name ),1595,7785,-6190,1.25767366720517,-2750,18,0.5,
,1.25759013282732,True/2/0/3/0/3/185/300/False/False/1001/801/500/1/180/True/1.5/True/True/True/False/False/800/400/False/False/0.3/panthionIcon4.png/Oden2.png/PantheonMasterBotV01TesterV2 (Use_Time_Filter Start_Time_(HH) Start_Time_(mm) Duration_Time_(HH) Duration_Time_(mm) averageFast averageSlow averageTrend UseTrend UseTrendReverse ProfitStop LossStop MaxTrades Contracts MaxStop Use_MaxStop MaxTPRatio Use_MaxTP Long Short Reverse Use_Kill Kill_Profit_Stop Kill_Loss_Stop Show_Current_PNL Show_Stats_Box Image_Opacity Corner_Image Background_Image Bot_Name ),2715,13255,-10540,1.25759013282732,-3035,84,0.238095238095238,
,1.25713012477718,True/2/0/3/0/6/165/300/False/False/1001/801/500/1/160/True/1.7/True/True/True/False/False/800/400/False/False/0.3/panthionIcon4.png/Oden2.png/PantheonMasterBotV01TesterV2 (Use_Time_Filter Start_Time_(HH) Start_Time_(mm) Duration_Time_(HH) Duration_Time_(mm) averageFast averageSlow averageTrend UseTrend UseTrendReverse ProfitStop LossStop MaxTrades Contracts MaxStop Use_MaxStop MaxTPRatio Use_MaxTP Long Short Reverse Use_Kill Kill_Profit_Stop Kill_Loss_Stop Show_Current_PNL Show_Stats_Box Image_Opacity Corner_Image Background_Image Bot_Name ),2885,14105,-11220,1.25713012477718,-3280,58,0.241379310344828,
,1.25706345530338,True/2/0/3/0/4/165/300/False/False/1001/801/500/1/160/True/1.5/True/True/True/False/False/800/400/False/False/0.3/panthionIcon4.png/Oden2.png/PantheonMasterBotV01TesterV2 (Use_Time_Filter Start_Time_(HH) Start_Time_(mm) Duration_Time_(HH) Duration_Time_(mm) averageFast averageSlow averageTrend UseTrend UseTrendReverse ProfitStop LossStop MaxTrades Contracts MaxStop Use_MaxStop MaxTPRatio Use_MaxTP Long Short Reverse Use_Kill Kill_Profit_Stop Kill_Loss_Stop Show_Current_PNL Show_Stats_Box Image_Opacity Corner_Image Background_Image Bot_Name ),2775,13570,-10795,1.25706345530338,-3730,66,0.242424242424242,
,1.25645076355977,True/2/0/3/0/7/185/300/False/False/1001/801/500/1/180/True/1.2/True/True/True/False/False/800/400/False/False/0.3/panthionIcon4.png/Oden2.png/PantheonMasterBotV01TesterV2 (Use_Time_Filter Start_Time_(HH) Start_Time_(mm) Duration_Time_(HH) Duration_Time_(mm) averageFast averageSlow averageTrend UseTrend UseTrendReverse ProfitStop LossStop MaxTrades Contracts MaxStop Use_MaxStop MaxTPRatio Use_MaxTP Long Short Reverse Use_Kill Kill_Profit_Stop Kill_Loss_Stop Show_Current_PNL Show_Stats_Box Image_Opacity Corner_Image Background_Image Bot_Name ),2435,11930,-9495,1.25645076355977,-3015,50,0.28,
,1.25625319040327,True/2/0/3/0/10/165/300/False/False/1001/801/500/1/180/True/1.7/True/True/True/False/False/800/400/False/False/0.3/panthionIcon4.png/Oden2.png/PantheonMasterBotV01TesterV2 (Use_Time_Filter Start_Time_(HH) Start_Time_(mm) Duration_Time_(HH) Duration_Time_(mm) averageFast averageSlow averageTrend UseTrend UseTrendReverse ProfitStop LossStop MaxTrades Contracts MaxStop Use_MaxStop MaxTPRatio Use_MaxTP Long Short Reverse Use_Kill Kill_Profit_Stop Kill_Loss_Stop Show_Current_PNL Show_Stats_Box Image_Opacity Corner_Image Background_Image Bot_Name ),2510,12305,-9795,1.25625319040327,-2645,46,0.347826086956522,
,1.25592417061611,True/2/0/3/0/7/185/300/False/False/1001/801/500/1/180/True/1.1/True/True/True/False/False/800/400/False/False/0.3/panthionIcon4.png/Oden2.png/PantheonMasterBotV01TesterV2 (Use_Time_Filter Start_Time_(HH) Start_Time_(mm) Duration_Time_(HH) Duration_Time_(mm) averageFast averageSlow averageTrend UseTrend UseTrendReverse ProfitStop LossStop MaxTrades Contracts MaxStop Use_MaxStop MaxTPRatio Use_MaxTP Long Short Reverse Use_Kill Kill_Profit_Stop Kill_Loss_Stop Show_Current_PNL Show_Stats_Box Image_Opacity Corner_Image Background_Image Bot_Name ),2430,11925,-9495,1.25592417061611,-3015,51,0.294117647058824,
,1.25570145127851,True/2/0/3/0/2/175/300/False/False/1001/801/500/1/140/True/1.4/True/False/True/False/False/800/400/False/False/0.3/panthionIcon4.png/Oden2.png/PantheonMasterBotV01TesterV2 (Use_Time_Filter Start_Time_(HH) Start_Time_(mm) Duration_Time_(HH) Duration_Time_(mm) averageFast averageSlow averageTrend UseTrend UseTrendReverse ProfitStop LossStop MaxTrades Contracts MaxStop Use_MaxStop MaxTPRatio Use_MaxTP Long Short Reverse Use_Kill Kill_Profit_Stop Kill_Loss_Stop Show_Current_PNL Show_Stats_Box Image_Opacity Corner_Image Background_Image Bot_Name ),1850,9085,-7235,1.25570145127851,-2835,25,0.48,
,1.25529715762274,True/2/0/3/0/10/185/300/False/False/1001/801/500/1/160/True/1.7/True/True/True/False/False/800/400/False/False/0.3/panthionIcon4.png/Oden2.png/PantheonMasterBotV01TesterV2 (Use_Time_Filter Start_Time_(HH) Start_Time_(mm) Duration_Time_(HH) Duration_Time_(mm) averageFast averageSlow averageTrend UseTrend UseTrendReverse ProfitStop LossStop MaxTrades Contracts MaxStop Use_MaxStop MaxTPRatio Use_MaxTP Long Short Reverse Use_Kill Kill_Profit_Stop Kill_Loss_Stop Show_Current_PNL Show_Stats_Box Image_Opacity Corner_Image Background_Image Bot_Name ),2470,12145,-9675,1.25529715762274,-3060,46,0.326086956521739,
,1.25524296675192,True/2/0/3/0/9/185/300/False/False/1001/801/500/1/140/True/1.3/True/True/True/False/False/800/400/False/False/0.3/panthionIcon4.png/Oden2.png/PantheonMasterBotV01TesterV2 (Use_Time_Filter Start_Time_(HH) Start_Time_(mm) Duration_Time_(HH) Duration_Time_(mm) averageFast averageSlow averageTrend UseTrend UseTrendReverse ProfitStop LossStop MaxTrades Contracts MaxStop Use_MaxStop MaxTPRatio Use_MaxTP Long Short Reverse Use_Kill Kill_Profit_Stop Kill_Loss_Stop Show_Current_PNL Show_Stats_Box Image_Opacity Corner_Image Background_Image Bot_Name ),2495,12270,-9775,1.25524296675192,-3530,49,0.346938775510204,
,1.25493975903614,True/2/0/3/0/8/165/300/False/False/1001/801/500/1/140/True/1.5/True/True/True/False/False/800/400/False/False/0.3/panthionIcon4.png/Oden2.png/PantheonMasterBotV01TesterV2 (Use_Time_Filter Start_Time_(HH) Start_Time_(mm) Duration_Time_(HH) Duration_Time_(mm) averageFast averageSlow averageTrend UseTrend UseTrendReverse ProfitStop LossStop MaxTrades Contracts MaxStop Use_MaxStop MaxTPRatio Use_MaxTP Long Short Reverse Use_Kill Kill_Profit_Stop Kill_Loss_Stop Show_Current_PNL Show_Stats_Box Image_Opacity Corner_Image Background_Image Bot_Name ),2645,13020,-10375,1.25493975903614,-3300,52,0.326923076923077,
,1.25465230166503,True/2/0/3/0/8/185/300/False/False/1001/801/500/1/140/True/1.3/True/True/True/False/False/800/400/False/False/0.3/panthionIcon4.png/Oden2.png/PantheonMasterBotV01TesterV2 (Use_Time_Filter Start_Time_(HH) Start_Time_(mm) Duration_Time_(HH) Duration_Time_(mm) averageFast averageSlow averageTrend UseTrend UseTrendReverse ProfitStop LossStop MaxTrades Contracts MaxStop Use_MaxStop MaxTPRatio Use_MaxTP Long Short Reverse Use_Kill Kill_Profit_Stop Kill_Loss_Stop Show_Current_PNL Show_Stats_Box Image_Opacity Corner_Image Background_Image Bot_Name ),2600,12810,-10210,1.25465230166503,-2700,49,0.326530612244898,
,1.25452276980661,True/2/0/3/0/7/155/300/False/False/1001/801/500/1/140/True/1.2/True/True/False/False/False/800/400/False/False/0.3/panthionIcon4.png/Oden2.png/PantheonMasterBotV01TesterV2 (Use_Time_Filter Start_Time_(HH) Start_Time_(mm) Duration_Time_(HH) Duration_Time_(mm) averageFast averageSlow averageTrend UseTrend UseTrendReverse ProfitStop LossStop MaxTrades Contracts MaxStop Use_MaxStop MaxTPRatio Use_MaxTP Long Short Reverse Use_Kill Kill_Profit_Stop Kill_Loss_Stop Show_Current_PNL Show_Stats_Box Image_Opacity Corner_Image Background_Image Bot_Name ),2040,10055,-8015,1.25452276980661,-1715,27,0.555555555555556,
,1.25427239772139,True/2/0/3/0/9/195/300/False/False/1001/801/500/1/180/True/1.7/True/True/True/False/False/800/400/False/False/0.3/panthionIcon4.png/Oden2.png/PantheonMasterBotV01TesterV2 (Use_Time_Filter Start_Time_(HH) Start_Time_(mm) Duration_Time_(HH) Duration_Time_(mm) averageFast averageSlow averageTrend UseTrend UseTrendReverse ProfitStop LossStop MaxTrades Contracts MaxStop Use_MaxStop MaxTPRatio Use_MaxTP Long Short Reverse Use_Kill Kill_Profit_Stop Kill_Loss_Stop Show_Current_PNL Show_Stats_Box Image_Opacity Corner_Image Background_Image Bot_Name ),2455,12110,-9655,1.25427239772139,-3155,45,0.266666666666667,
,1.25417201540436,True/2/0/3/0/6/165/300/False/False/1001/801/500/1/140/True/1.7/True/False/True/False/False/800/400/False/False/0.3/panthionIcon4.png/Oden2.png/PantheonMasterBotV01TesterV2 (Use_Time_Filter Start_Time_(HH) Start_Time_(mm) Duration_Time_(HH) Duration_Time_(mm) averageFast averageSlow averageTrend UseTrend UseTrendReverse ProfitStop LossStop MaxTrades Contracts MaxStop Use_MaxStop MaxTPRatio Use_MaxTP Long Short Reverse Use_Kill Kill_Profit_Stop Kill_Loss_Stop Show_Current_PNL Show_Stats_Box Image_Opacity Corner_Image Background_Image Bot_Name ),1980,9770,-7790,1.25417201540436,-3015,23,0.434782608695652,
,1.25384257102934,True/2/0/3/0/6/185/300/False/False/1001/801/500/1/160/True/1.2/True/True/True/False/False/800/400/False/False/0.3/panthionIcon4.png/Oden2.png/PantheonMasterBotV01TesterV2 (Use_Time_Filter Start_Time_(HH) Start_Time_(mm) Duration_Time_(HH) Duration_Time_(mm) averageFast averageSlow averageTrend UseTrend UseTrendReverse ProfitStop LossStop MaxTrades Contracts MaxStop Use_MaxStop MaxTPRatio Use_MaxTP Long Short Reverse Use_Kill Kill_Profit_Stop Kill_Loss_Stop Show_Current_PNL Show_Stats_Box Image_Opacity Corner_Image Background_Image Bot_Name ),2725,13460,-10735,1.25384257102934,-3220,57,0.280701754385965,
,1.25355272999252,True/2/0/3/0/5/185/300/False/False/1001/801/500/1/160/True/1.7/True/False/True/False/False/800/400/False/False/0.3/panthionIcon4.png/Oden2.png/PantheonMasterBotV01TesterV2 (Use_Time_Filter Start_Time_(HH) Start_Time_(mm) Duration_Time_(HH) Duration_Time_(mm) averageFast averageSlow averageTrend UseTrend UseTrendReverse ProfitStop LossStop MaxTrades Contracts MaxStop Use_MaxStop MaxTPRatio Use_MaxTP Long Short Reverse Use_Kill Kill_Profit_Stop Kill_Loss_Stop Show_Current_PNL Show_Stats_Box Image_Opacity Corner_Image Background_Image Bot_Name ),1695,8380,-6685,1.25355272999252,-2510,22,0.363636363636364,
,1.25339728217426,True/2/0/3/0/4/185/300/False/False/1001/801/500/1/140/True/1.6/True/False/True/False/False/800/400/False/False/0.3/panthionIcon4.png/Oden2.png/PantheonMasterBotV01TesterV2 (Use_Time_Filter Start_Time_(HH) Start_Time_(mm) Duration_Time_(HH) Duration_Time_(mm) averageFast averageSlow averageTrend UseTrend UseTrendReverse ProfitStop LossStop MaxTrades Contracts MaxStop Use_MaxStop MaxTPRatio Use_MaxTP Long Short Reverse Use_Kill Kill_Profit_Stop Kill_Loss_Stop Show_Current_PNL Show_Stats_Box Image_Opacity Corner_Image Background_Image Bot_Name ),1585,7840,-6255,1.25339728217426,-2850,21,0.333333333333333,
,1.2532637075718,True/2/0/3/0/10/195/300/False/False/1001/801/500/1/180/True/1.3/True/False/True/False/False/800/400/False/False/0.3/panthionIcon4.png/Oden2.png/PantheonMasterBotV01TesterV2 (Use_Time_Filter Start_Time_(HH) Start_Time_(mm) Duration_Time_(HH) Duration_Time_(mm) averageFast averageSlow averageTrend UseTrend UseTrendReverse ProfitStop LossStop MaxTrades Contracts MaxStop Use_MaxStop MaxTPRatio Use_MaxTP Long Short Reverse Use_Kill Kill_Profit_Stop Kill_Loss_Stop Show_Current_PNL Show_Stats_Box Image_Opacity Corner_Image Background_Image Bot_Name ),1455,7200,-5745,1.2532637075718,-2570,17,0.411764705882353,
,1.25314333612741,True/2/0/3/0/7/195/300/False/False/1001/801/500/1/160/True/1.3/True/False/True/False/False/800/400/False/False/0.3/panthionIcon4.png/Oden2.png/PantheonMasterBotV01TesterV2 (Use_Time_Filter Start_Time_(HH) Start_Time_(mm) Duration_Time_(HH) Duration_Time_(mm) averageFast averageSlow averageTrend UseTrend UseTrendReverse ProfitStop LossStop MaxTrades Contracts MaxStop Use_MaxStop MaxTPRatio Use_MaxTP Long Short Reverse Use_Kill Kill_Profit_Stop Kill_Loss_Stop Show_Current_PNL Show_Stats_Box Image_Opacity Corner_Image Background_Image Bot_Name ),1510,7475,-5965,1.25314333612741,-2265,19,0.473684210526316,
,1.2527972027972,True/2/0/3/0/2/155/300/False/False/1001/801/500/1/140/True/1.2/True/True/True/False/False/800/400/False/False/0.3/panthionIcon4.png/Oden2.png/PantheonMasterBotV01TesterV2 (Use_Time_Filter Start_Time_(HH) Start_Time_(mm) Duration_Time_(HH) Duration_Time_(mm) averageFast averageSlow averageTrend UseTrend UseTrendReverse ProfitStop LossStop MaxTrades Contracts MaxStop Use_MaxStop MaxTPRatio Use_MaxTP Long Short Reverse Use_Kill Kill_Profit_Stop Kill_Loss_Stop Show_Current_PNL Show_Stats_Box Image_Opacity Corner_Image Background_Image Bot_Name ),3615,17915,-14300,1.2527972027972,-2115,113,0.221238938053097,
,1.25275190516511,True/2/0/3/0/2/195/300/False/False/1001/801/500/1/160/True/1.2/True/True/True/False/False/800/400/False/False/0.3/panthionIcon4.png/Oden2.png/PantheonMasterBotV01TesterV2 (Use_Time_Filter Start_Time_(HH) Start_Time_(mm) Duration_Time_(HH) Duration_Time_(mm) averageFast averageSlow averageTrend UseTrend UseTrendReverse ProfitStop LossStop MaxTrades Contracts MaxStop Use_MaxStop MaxTPRatio Use_MaxTP Long Short Reverse Use_Kill Kill_Profit_Stop Kill_Loss_Stop Show_Current_PNL Show_Stats_Box Image_Opacity Corner_Image Background_Image Bot_Name ),2985,14795,-11810,1.25275190516511,-2870,101,0.227722772277228,
,1.25246159905475,True/2/0/3/0/6/155/300/False/False/1001/801/500/1/180/True/1.1/True/True/True/False/False/800/400/False/False/0.3/panthionIcon4.png/Oden2.png/PantheonMasterBotV01TesterV2 (Use_Time_Filter Start_Time_(HH) Start_Time_(mm) Duration_Time_(HH) Duration_Time_(mm) averageFast averageSlow averageTrend UseTrend UseTrendReverse ProfitStop LossStop MaxTrades Contracts MaxStop Use_MaxStop MaxTPRatio Use_MaxTP Long Short Reverse Use_Kill Kill_Profit_Stop Kill_Loss_Stop Show_Current_PNL Show_Stats_Box Image_Opacity Corner_Image Background_Image Bot_Name ),3205,15900,-12695,1.25246159905475,-4005,62,0.306451612903226,
,1.25239146431199,True/2/0/3/0/2/195/300/False/False/1001/801/500/1/140/True/1.1/True/False/True/False/False/800/400/False/False/0.3/panthionIcon4.png/Oden2.png/PantheonMasterBotV01TesterV2 (Use_Time_Filter Start_Time_(HH) Start_Time_(mm) Duration_Time_(HH) Duration_Time_(mm) averageFast averageSlow averageTrend UseTrend UseTrendReverse ProfitStop LossStop MaxTrades Contracts MaxStop Use_MaxStop MaxTPRatio Use_MaxTP Long Short Reverse Use_Kill Kill_Profit_Stop Kill_Loss_Stop Show_Current_PNL Show_Stats_Box Image_Opacity Corner_Image Background_Image Bot_Name ),1715,8510,-6795,1.25239146431199,-2345,24,0.5,
,1.25184192900201,True/2/0/3/0/8/165/300/False/False/1001/801/500/1/160/True/1.4/True/True/False/False/False/800/400/False/False/0.3/panthionIcon4.png/Oden2.png/PantheonMasterBotV01TesterV2 (Use_Time_Filter Start_Time_(HH) Start_Time_(mm) Duration_Time_(HH) Duration_Time_(mm) averageFast averageSlow averageTrend UseTrend UseTrendReverse ProfitStop LossStop MaxTrades Contracts MaxStop Use_MaxStop MaxTPRatio Use_MaxTP Long Short Reverse Use_Kill Kill_Profit_Stop Kill_Loss_Stop Show_Current_PNL Show_Stats_Box Image_Opacity Corner_Image Background_Image Bot_Name ),1880,9345,-7465,1.25184192900201,-2250,21,0.476190476190476,
,1.25160875160875,True/2/0/3/0/6/165/300/False/False/1001/801/500/1/140/True/1.5/True/True/False/False/False/800/400/False/False/0.3/panthionIcon4.png/Oden2.png/PantheonMasterBotV01TesterV2 (Use_Time_Filter Start_Time_(HH) Start_Time_(mm) Duration_Time_(HH) Duration_Time_(mm) averageFast averageSlow averageTrend UseTrend UseTrendReverse ProfitStop LossStop MaxTrades Contracts MaxStop Use_MaxStop MaxTPRatio Use_MaxTP Long Short Reverse Use_Kill Kill_Profit_Stop Kill_Loss_Stop Show_Current_PNL Show_Stats_Box Image_Opacity Corner_Image Background_Image Bot_Name ),1955,9725,-7770,1.25160875160875,-1810,23,0.434782608695652,
,1.2515006002401,True/2/0/3/0/5/165/300/False/False/1001/801/500/1/140/True/1.6/True/False/True/False/False/800/400/False/False/0.3/panthionIcon4.png/Oden2.png/PantheonMasterBotV01TesterV2 (Use_Time_Filter Start_Time_(HH) Start_Time_(mm) Duration_Time_(HH) Duration_Time_(mm) averageFast averageSlow averageTrend UseTrend UseTrendReverse ProfitStop LossStop MaxTrades Contracts MaxStop Use_MaxStop MaxTPRatio Use_MaxTP Long Short Reverse Use_Kill Kill_Profit_Stop Kill_Loss_Stop Show_Current_PNL Show_Stats_Box Image_Opacity Corner_Image Background_Image Bot_Name ),2095,10425,-8330,1.2515006002401,-2975,24,0.458333333333333,
,1.25130641330166,True/2/0/3/0/2/175/300/False/False/1001/801/500/1/180/True/1.1/True/True/True/False/False/800/400/False/False/0.3/panthionIcon4.png/Oden2.png/PantheonMasterBotV01TesterV2 (Use_Time_Filter Start_Time_(HH) Start_Time_(mm) Duration_Time_(HH) Duration_Time_(mm) averageFast averageSlow averageTrend UseTrend UseTrendReverse ProfitStop LossStop MaxTrades Contracts MaxStop Use_MaxStop MaxTPRatio Use_MaxTP Long Short Reverse Use_Kill Kill_Profit_Stop Kill_Loss_Stop Show_Current_PNL Show_Stats_Box Image_Opacity Corner_Image Background_Image Bot_Name ),2645,13170,-10525,1.25130641330166,-2650,95,0.231578947368421,
,1.25123818099955,True/2/0/3/0/2/185/300/False/False/1001/801/500/1/140/True/1.4/True/True/True/False/False/800/400/False/False/0.3/panthionIcon4.png/Oden2.png/PantheonMasterBotV01TesterV2 (Use_Time_Filter Start_Time_(HH) Start_Time_(mm) Duration_Time_(HH) Duration_Time_(mm) averageFast averageSlow averageTrend UseTrend UseTrendReverse ProfitStop LossStop MaxTrades Contracts MaxStop Use_MaxStop MaxTPRatio Use_MaxTP Long Short Reverse Use_Kill Kill_Profit_Stop Kill_Loss_Stop Show_Current_PNL Show_Stats_Box Image_Opacity Corner_Image Background_Image Bot_Name ),2790,13895,-11105,1.25123818099955,-2320,91,0.21978021978022,
,1.25098231827112,True/2/0/3/0/8/195/300/False/False/1001/801/500/1/160/True/1.1/True/True/True/False/False/800/400/False/False/0.3/panthionIcon4.png/Oden2.png/PantheonMasterBotV01TesterV2 (Use_Time_Filter Start_Time_(HH) Start_Time_(mm) Duration_Time_(HH) Duration_Time_(mm) averageFast averageSlow averageTrend UseTrend UseTrendReverse ProfitStop LossStop MaxTrades Contracts MaxStop Use_MaxStop MaxTPRatio Use_MaxTP Long Short Reverse Use_Kill Kill_Profit_Stop Kill_Loss_Stop Show_Current_PNL Show_Stats_Box Image_Opacity Corner_Image Background_Image Bot_Name ),2555,12735,-10180,1.25098231827112,-3405,51,0.352941176470588,
,1.25047318611987,True/2/0/3/0/8/165/300/False/False/1001/801/500/1/140/True/1.7/True/True/False/False/False/800/400/False/False/0.3/panthionIcon4.png/Oden2.png/PantheonMasterBotV01TesterV2 (Use_Time_Filter Start_Time_(HH) Start_Time_(mm) Duration_Time_(HH) Duration_Time_(mm) averageFast averageSlow averageTrend UseTrend UseTrendReverse ProfitStop LossStop MaxTrades Contracts MaxStop Use_MaxStop MaxTPRatio Use_MaxTP Long Short Reverse Use_Kill Kill_Profit_Stop Kill_Loss_Stop Show_Current_PNL Show_Stats_Box Image_Opacity Corner_Image Background_Image Bot_Name ),1985,9910,-7925,1.25047318611987,-2320,23,0.434782608695652,
,1.25042735042735,True/2/0/3/0/9/175/300/False/False/1001/801/500/1/180/True/1.1/True/True/False/False/False/800/400/False/False/0.3/panthionIcon4.png/Oden2.png/PantheonMasterBotV01TesterV2 (Use_Time_Filter Start_Time_(HH) Start_Time_(mm) Duration_Time_(HH) Duration_Time_(mm) averageFast averageSlow averageTrend UseTrend UseTrendReverse ProfitStop LossStop MaxTrades Contracts MaxStop Use_MaxStop MaxTPRatio Use_MaxTP Long Short Reverse Use_Kill Kill_Profit_Stop Kill_Loss_Stop Show_Current_PNL Show_Stats_Box Image_Opacity Corner_Image Background_Image Bot_Name ),1465,7315,-5850,1.25042735042735,-3335,17,0.529411764705882,
,1.25031847133758,True/2/0/3/0/7/165/300/False/False/1001/801/500/1/140/True/1.7/True/True/False/False/False/800/400/False/False/0.3/panthionIcon4.png/Oden2.png/PantheonMasterBotV01TesterV2 (Use_Time_Filter Start_Time_(HH) Start_Time_(mm) Duration_Time_(HH) Duration_Time_(mm) averageFast averageSlow averageTrend UseTrend UseTrendReverse ProfitStop LossStop MaxTrades Contracts MaxStop Use_MaxStop MaxTPRatio Use_MaxTP Long Short Reverse Use_Kill Kill_Profit_Stop Kill_Loss_Stop Show_Current_PNL Show_Stats_Box Image_Opacity Corner_Image Background_Image Bot_Name ),1965,9815,-7850,1.25031847133758,-2225,22,0.454545454545455,
,1.250149970006,True/2/0/3/0/4/155/300/False/False/1001/801/500/1/180/True/1.7/True/False/True/False/False/800/400/False/False/0.3/panthionIcon4.png/Oden2.png/PantheonMasterBotV01TesterV2 (Use_Time_Filter Start_Time_(HH) Start_Time_(mm) Duration_Time_(HH) Duration_Time_(mm) averageFast averageSlow averageTrend UseTrend UseTrendReverse ProfitStop LossStop MaxTrades Contracts MaxStop Use_MaxStop MaxTPRatio Use_MaxTP Long Short Reverse Use_Kill Kill_Profit_Stop Kill_Loss_Stop Show_Current_PNL Show_Stats_Box Image_Opacity Corner_Image Background_Image Bot_Name ),2085,10420,-8335,1.250149970006,-2700,22,0.545454545454545,
,1.25012946659762,True/2/0/3/0/9/195/300/False/False/1001/801/500/1/180/True/1.5/True/True/True/False/False/800/400/False/False/0.3/panthionIcon4.png/Oden2.png/PantheonMasterBotV01TesterV2 (Use_Time_Filter Start_Time_(HH) Start_Time_(mm) Duration_Time_(HH) Duration_Time_(mm) averageFast averageSlow averageTrend UseTrend UseTrendReverse ProfitStop LossStop MaxTrades Contracts MaxStop Use_MaxStop MaxTPRatio Use_MaxTP Long Short Reverse Use_Kill Kill_Profit_Stop Kill_Loss_Stop Show_Current_PNL Show_Stats_Box Image_Opacity Corner_Image Background_Image Bot_Name ),2415,12070,-9655,1.25012946659762,-2845,45,0.266666666666667,
,1.25010799136069,True/2/0/3/0/2/195/300/False/False/1001/801/500/1/180/True/1.3/True/True/True/False/False/800/400/False/False/0.3/panthionIcon4.png/Oden2.png/PantheonMasterBotV01TesterV2 (Use_Time_Filter Start_Time_(HH) Start_Time_(mm) Duration_Time_(HH) Duration_Time_(mm) averageFast averageSlow averageTrend UseTrend UseTrendReverse ProfitStop LossStop MaxTrades Contracts MaxStop Use_MaxStop MaxTPRatio Use_MaxTP Long Short Reverse Use_Kill Kill_Profit_Stop Kill_Loss_Stop Show_Current_PNL Show_Stats_Box Image_Opacity Corner_Image Background_Image Bot_Name ),2895,14470,-11575,1.25010799136069,-3090,101,0.217821782178218,
,1.2497643732328,True/2/0/3/0/2/175/300/False/False/1001/801/500/1/180/True/1.2/True/True/True/False/False/800/400/False/False/0.3/panthionIcon4.png/Oden2.png/PantheonMasterBotV01TesterV2 (Use_Time_Filter Start_Time_(HH) Start_Time_(mm) Duration_Time_(HH) Duration_Time_(mm) averageFast averageSlow averageTrend UseTrend UseTrendReverse ProfitStop LossStop MaxTrades Contracts MaxStop Use_MaxStop MaxTPRatio Use_MaxTP Long Short Reverse Use_Kill Kill_Profit_Stop Kill_Loss_Stop Show_Current_PNL Show_Stats_Box Image_Opacity Corner_Image Background_Image Bot_Name ),2650,13260,-10610,1.2497643732328,-3725,95,0.221052631578947,
,1.24975609756098,True/2/0/3/0/8/185/300/False/False/1001/801/500/1/140/True/1.4/True/True/True/False/False/800/400/False/False/0.3/panthionIcon4.png/Oden2.png/PantheonMasterBotV01TesterV2 (Use_Time_Filter Start_Time_(HH) Start_Time_(mm) Duration_Time_(HH) Duration_Time_(mm) averageFast averageSlow averageTrend UseTrend UseTrendReverse ProfitStop LossStop MaxTrades Contracts MaxStop Use_MaxStop MaxTPRatio Use_MaxTP Long Short Reverse Use_Kill Kill_Profit_Stop Kill_Loss_Stop Show_Current_PNL Show_Stats_Box Image_Opacity Corner_Image Background_Image Bot_Name ),2560,12810,-10250,1.24975609756098,-2855,49,0.306122448979592,
,1.24956970740103,True/2/0/3/0/9/185/300/False/False/1001/801/500/1/180/True/1.3/True/True/False/False/False/800/400/False/False/0.3/panthionIcon4.png/Oden2.png/PantheonMasterBotV01TesterV2 (Use_Time_Filter Start_Time_(HH) Start_Time_(mm) Duration_Time_(HH) Duration_Time_(mm) averageFast averageSlow averageTrend UseTrend UseTrendReverse ProfitStop LossStop MaxTrades Contracts MaxStop Use_MaxStop MaxTPRatio Use_MaxTP Long Short Reverse Use_Kill Kill_Profit_Stop Kill_Loss_Stop Show_Current_PNL Show_Stats_Box Image_Opacity Corner_Image Background_Image Bot_Name ),1450,7260,-5810,1.24956970740103,-3090,17,0.529411764705882,
,1.24924666379681,True/2/0/3/0/2/195/300/False/False/1001/801/500/1/160/True/1.6/True/True/True/False/False/800/400/False/False/0.3/panthionIcon4.png/Oden2.png/PantheonMasterBotV01TesterV2 (Use_Time_Filter Start_Time_(HH) Start_Time_(mm) Duration_Time_(HH) Duration_Time_(mm) averageFast averageSlow averageTrend UseTrend UseTrendReverse ProfitStop LossStop MaxTrades Contracts MaxStop Use_MaxStop MaxTPRatio Use_MaxTP Long Short Reverse Use_Kill Kill_Profit_Stop Kill_Loss_Stop Show_Current_PNL Show_Stats_Box Image_Opacity Corner_Image Background_Image Bot_Name ),2895,14510,-11615,1.24924666379681,-2980,101,0.207920792079208,
,1.24924666379681,True/2/0/3/0/2/195/300/False/False/1001/801/500/1/180/True/1.5/True/True/True/False/False/800/400/False/False/0.3/panthionIcon4.png/Oden2.png/PantheonMasterBotV01TesterV2 (Use_Time_Filter Start_Time_(HH) Start_Time_(mm) Duration_Time_(HH) Duration_Time_(mm) averageFast averageSlow averageTrend UseTrend UseTrendReverse ProfitStop LossStop MaxTrades Contracts MaxStop Use_MaxStop MaxTPRatio Use_MaxTP Long Short Reverse Use_Kill Kill_Profit_Stop Kill_Loss_Stop Show_Current_PNL Show_Stats_Box Image_Opacity Corner_Image Background_Image Bot_Name ),2895,14510,-11615,1.24924666379681,-2945,101,0.207920792079208,
,1.24888691006233,True/2/0/3/0/4/175/300/False/False/1001/801/500/1/180/True/1.6/True/True/True/False/False/800/400/False/False/0.3/panthionIcon4.png/Oden2.png/PantheonMasterBotV01TesterV2 (Use_Time_Filter Start_Time_(HH) Start_Time_(mm) Duration_Time_(HH) Duration_Time_(mm) averageFast averageSlow averageTrend UseTrend UseTrendReverse ProfitStop LossStop MaxTrades Contracts MaxStop Use_MaxStop MaxTPRatio Use_MaxTP Long Short Reverse Use_Kill Kill_Profit_Stop Kill_Loss_Stop Show_Current_PNL Show_Stats_Box Image_Opacity Corner_Image Background_Image Bot_Name ),2795,14025,-11230,1.24888691006233,-4000,72,0.263888888888889,
,1.24854368932039,True/2/0/3/0/5/165/300/False/False/1001/801/500/1/180/True/1.7/True/False/True/False/False/800/400/False/False/0.3/panthionIcon4.png/Oden2.png/PantheonMasterBotV01TesterV2 (Use_Time_Filter Start_Time_(HH) Start_Time_(mm) Duration_Time_(HH) Duration_Time_(mm) averageFast averageSlow averageTrend UseTrend UseTrendReverse ProfitStop LossStop MaxTrades Contracts MaxStop Use_MaxStop MaxTPRatio Use_MaxTP Long Short Reverse Use_Kill Kill_Profit_Stop Kill_Loss_Stop Show_Current_PNL Show_Stats_Box Image_Opacity Corner_Image Background_Image Bot_Name ),1920,9645,-7725,1.24854368932039,-2700,20,0.5,
,1.24853610930384,True/2/0/3/0/4/165/300/False/False/1001/801/500/1/180/True/1.3/True/False/True/False/False/800/400/False/False/0.3/panthionIcon4.png/Oden2.png/PantheonMasterBotV01TesterV2 (Use_Time_Filter Start_Time_(HH) Start_Time_(mm) Duration_Time_(HH) Duration_Time_(mm) averageFast averageSlow averageTrend UseTrend UseTrendReverse ProfitStop LossStop MaxTrades Contracts MaxStop Use_MaxStop MaxTPRatio Use_MaxTP Long Short Reverse Use_Kill Kill_Profit_Stop Kill_Loss_Stop Show_Current_PNL Show_Stats_Box Image_Opacity Corner_Image Background_Image Bot_Name ),1910,9595,-7685,1.24853610930384,-3060,20,0.5,
,1.24838848302535,True/2/0/3/0/10/155/300/False/False/1001/801/500/1/140/True/1.2/True/True/True/False/False/800/400/False/False/0.3/panthionIcon4.png/Oden2.png/PantheonMasterBotV01TesterV2 (Use_Time_Filter Start_Time_(HH) Start_Time_(mm) Duration_Time_(HH) Duration_Time_(mm) averageFast averageSlow averageTrend UseTrend UseTrendReverse ProfitStop LossStop MaxTrades Contracts MaxStop Use_MaxStop MaxTPRatio Use_MaxTP Long Short Reverse Use_Kill Kill_Profit_Stop Kill_Loss_Stop Show_Current_PNL Show_Stats_Box Image_Opacity Corner_Image Background_Image Bot_Name ),2890,14525,-11635,1.24838848302535,-1835,54,0.407407407407407,
,1.24837545126354,True/2/0/3/0/6/185/300/False/False/1001/801/500/1/160/True/1.2/True/False/True/False/False/800/400/False/False/0.3/panthionIcon4.png/Oden2.png/PantheonMasterBotV01TesterV2 (Use_Time_Filter Start_Time_(HH) Start_Time_(mm) Duration_Time_(HH) Duration_Time_(mm) averageFast averageSlow averageTrend UseTrend UseTrendReverse ProfitStop LossStop MaxTrades Contracts MaxStop Use_MaxStop MaxTPRatio Use_MaxTP Long Short Reverse Use_Kill Kill_Profit_Stop Kill_Loss_Stop Show_Current_PNL Show_Stats_Box Image_Opacity Corner_Image Background_Image Bot_Name ),1720,8645,-6925,1.24837545126354,-2400,22,0.454545454545455,
,1.2482174688057,True/2/0/3/0/6/165/300/False/False/1001/801/500/1/180/True/1.5/True/True/True/False/False/800/400/False/False/0.3/panthionIcon4.png/Oden2.png/PantheonMasterBotV01TesterV2 (Use_Time_Filter Start_Time_(HH) Start_Time_(mm) Duration_Time_(HH) Duration_Time_(mm) averageFast averageSlow averageTrend UseTrend UseTrendReverse ProfitStop LossStop MaxTrades Contracts MaxStop Use_MaxStop MaxTPRatio Use_MaxTP Long Short Reverse Use_Kill Kill_Profit_Stop Kill_Loss_Stop Show_Current_PNL Show_Stats_Box Image_Opacity Corner_Image Background_Image Bot_Name ),2785,14005,-11220,1.2482174688057,-3280,58,0.241379310344828,
,1.24794745484401,True/2/0/3/0/10/175/300/False/False/1001/801/500/1/180/True/1.7/True/True/False/False/False/800/400/False/False/0.3/panthionIcon4.png/Oden2.png/PantheonMasterBotV01TesterV2 (Use_Time_Filter Start_Time_(HH) Start_Time_(mm) Duration_Time_(HH) Duration_Time_(mm) averageFast averageSlow averageTrend UseTrend UseTrendReverse ProfitStop LossStop MaxTrades Contracts MaxStop Use_MaxStop MaxTPRatio Use_MaxTP Long Short Reverse Use_Kill Kill_Profit_Stop Kill_Loss_Stop Show_Current_PNL Show_Stats_Box Image_Opacity Corner_Image Background_Image Bot_Name ),1510,7600,-6090,1.24794745484401,-2945,17,0.470588235294118,
,1.24779073877695,True/2/0/3/0/3/155/300/False/False/1001/801/500/1/140/True/1.3/True/True/True/False/False/800/400/False/False/0.3/panthionIcon4.png/Oden2.png/PantheonMasterBotV01TesterV2 (Use_Time_Filter Start_Time_(HH) Start_Time_(mm) Duration_Time_(HH) Duration_Time_(mm) averageFast averageSlow averageTrend UseTrend UseTrendReverse ProfitStop LossStop MaxTrades Contracts MaxStop Use_MaxStop MaxTPRatio Use_MaxTP Long Short Reverse Use_Kill Kill_Profit_Stop Kill_Loss_Stop Show_Current_PNL Show_Stats_Box Image_Opacity Corner_Image Background_Image Bot_Name ),3505,17650,-14145,1.24779073877695,-2895,97,0.257731958762887,
,1.24775837659273,True/2/0/3/0/6/185/300/False/False/1001/801/500/1/160/True/1.5/True/True/True/False/False/800/400/False/False/0.3/panthionIcon4.png/Oden2.png/PantheonMasterBotV01TesterV2 (Use_Time_Filter Start_Time_(HH) Start_Time_(mm) Duration_Time_(HH) Duration_Time_(mm) averageFast averageSlow averageTrend UseTrend UseTrendReverse ProfitStop LossStop MaxTrades Contracts MaxStop Use_MaxStop MaxTPRatio Use_MaxTP Long Short Reverse Use_Kill Kill_Profit_Stop Kill_Loss_Stop Show_Current_PNL Show_Stats_Box Image_Opacity Corner_Image Background_Image Bot_Name ),2625,13220,-10595,1.24775837659273,-3730,55,0.236363636363636,
,1.24772727272727,True/2/0/3/0/9/175/300/False/False/1001/801/500/1/140/True/1.6/True/False/True/False/False/800/400/False/False/0.3/panthionIcon4.png/Oden2.png/PantheonMasterBotV01TesterV2 (Use_Time_Filter Start_Time_(HH) Start_Time_(mm) Duration_Time_(HH) Duration_Time_(mm) averageFast averageSlow averageTrend UseTrend UseTrendReverse ProfitStop LossStop MaxTrades Contracts MaxStop Use_MaxStop MaxTPRatio Use_MaxTP Long Short Reverse Use_Kill Kill_Profit_Stop Kill_Loss_Stop Show_Current_PNL Show_Stats_Box Image_Opacity Corner_Image Background_Image Bot_Name ),1635,8235,-6600,1.24772727272727,-2535,21,0.428571428571429,
,1.24753451676529,True/2/0/3/0/8/155/300/False/False/1001/801/500/1/180/True/1.5/True/True/True/False/False/800/400/False/False/0.3/panthionIcon4.png/Oden2.png/PantheonMasterBotV01TesterV2 (Use_Time_Filter Start_Time_(HH) Start_Time_(mm) Duration_Time_(HH) Duration_Time_(mm) averageFast averageSlow averageTrend UseTrend UseTrendReverse ProfitStop LossStop MaxTrades Contracts MaxStop Use_MaxStop MaxTPRatio Use_MaxTP Long Short Reverse Use_Kill Kill_Profit_Stop Kill_Loss_Stop Show_Current_PNL Show_Stats_Box Image_Opacity Corner_Image Background_Image Bot_Name ),2510,12650,-10140,1.24753451676529,-3390,52,0.269230769230769,
,1.24740010946907,True/2/0/3/0/7/175/300/False/False/1001/801/500/1/160/True/1.5/True/True/True/False/False/800/400/False/False/0.3/panthionIcon4.png/Oden2.png/PantheonMasterBotV01TesterV2 (Use_Time_Filter Start_Time_(HH) Start_Time_(mm) Duration_Time_(HH) Duration_Time_(mm) averageFast averageSlow averageTrend UseTrend UseTrendReverse ProfitStop LossStop MaxTrades Contracts MaxStop Use_MaxStop MaxTPRatio Use_MaxTP Long Short Reverse Use_Kill Kill_Profit_Stop Kill_Loss_Stop Show_Current_PNL Show_Stats_Box Image_Opacity Corner_Image Background_Image Bot_Name ),2260,11395,-9135,1.24740010946907,-3200,50,0.3,
,1.24701030927835,True/2/0/3/0/7/155/300/False/False/1001/801/500/1/140/True/1.5/True/True/True/False/False/800/400/False/False/0.3/panthionIcon4.png/Oden2.png/PantheonMasterBotV01TesterV2 (Use_Time_Filter Start_Time_(HH) Start_Time_(mm) Duration_Time_(HH) Duration_Time_(mm) averageFast averageSlow averageTrend UseTrend UseTrendReverse ProfitStop LossStop MaxTrades Contracts MaxStop Use_MaxStop MaxTPRatio Use_MaxTP Long Short Reverse Use_Kill Kill_Profit_Stop Kill_Loss_Stop Show_Current_PNL Show_Stats_Box Image_Opacity Corner_Image Background_Image Bot_Name ),2995,15120,-12125,1.24701030927835,-3735,65,0.292307692307692,
,1.24675324675325,True/2/0/3/0/7/155/300/False/False/1001/801/500/1/140/True/1.5/True/True/False/False/False/800/400/False/False/0.3/panthionIcon4.png/Oden2.png/PantheonMasterBotV01TesterV2 (Use_Time_Filter Start_Time_(HH) Start_Time_(mm) Duration_Time_(HH) Duration_Time_(mm) averageFast averageSlow averageTrend UseTrend UseTrendReverse ProfitStop LossStop MaxTrades Contracts MaxStop Use_MaxStop MaxTPRatio Use_MaxTP Long Short Reverse Use_Kill Kill_Profit_Stop Kill_Loss_Stop Show_Current_PNL Show_Stats_Box Image_Opacity Corner_Image Background_Image Bot_Name ),1805,9120,-7315,1.24675324675325,-2405,24,0.541666666666667,
,1.24634502923977,True/2/0/3/0/2/185/300/False/False/1001/801/500/1/140/True/1.1/True/False/True/False/False/800/400/False/False/0.3/panthionIcon4.png/Oden2.png/PantheonMasterBotV01TesterV2 (Use_Time_Filter Start_Time_(HH) Start_Time_(mm) Duration_Time_(HH) Duration_Time_(mm) averageFast averageSlow averageTrend UseTrend UseTrendReverse ProfitStop LossStop MaxTrades Contracts MaxStop Use_MaxStop MaxTPRatio Use_MaxTP Long Short Reverse Use_Kill Kill_Profit_Stop Kill_Loss_Stop Show_Current_PNL Show_Stats_Box Image_Opacity Corner_Image Background_Image Bot_Name ),1685,8525,-6840,1.24634502923977,-2935,24,0.5,
,1.24573863636364,True/2/0/3/0/3/195/300/False/False/1001/801/500/1/140/True/1.4/True/True/True/False/False/800/400/False/False/0.3/panthionIcon4.png/Oden2.png/PantheonMasterBotV01TesterV2 (Use_Time_Filter Start_Time_(HH) Start_Time_(mm) Duration_Time_(HH) Duration_Time_(mm) averageFast averageSlow averageTrend UseTrend UseTrendReverse ProfitStop LossStop MaxTrades Contracts MaxStop Use_MaxStop MaxTPRatio Use_MaxTP Long Short Reverse Use_Kill Kill_Profit_Stop Kill_Loss_Stop Show_Current_PNL Show_Stats_Box Image_Opacity Corner_Image Background_Image Bot_Name ),2595,13155,-10560,1.24573863636364,-3515,82,0.207317073170732,
,1.24530308401276,True/2/0/3/0/3/155/300/False/False/1001/801/500/1/180/True/1.1/True/True/True/False/False/800/400/False/False/0.3/panthionIcon4.png/Oden2.png/PantheonMasterBotV01TesterV2 (Use_Time_Filter Start_Time_(HH) Start_Time_(mm) Duration_Time_(HH) Duration_Time_(mm) averageFast averageSlow averageTrend UseTrend UseTrendReverse ProfitStop LossStop MaxTrades Contracts MaxStop Use_MaxStop MaxTPRatio Use_MaxTP Long Short Reverse Use_Kill Kill_Profit_Stop Kill_Loss_Stop Show_Current_PNL Show_Stats_Box Image_Opacity Corner_Image Background_Image Bot_Name ),3460,17565,-14105,1.24530308401276,-2815,97,0.257731958762887,
,1.24395804833561,True/2/0/3/0/2/185/300/False/False/1001/801/500/1/160/True/1.4/True/True/True/False/False/800/400/False/False/0.3/panthionIcon4.png/Oden2.png/PantheonMasterBotV01TesterV2 (Use_Time_Filter Start_Time_(HH) Start_Time_(mm) Duration_Time_(HH) Duration_Time_(mm) averageFast averageSlow averageTrend UseTrend UseTrendReverse ProfitStop LossStop MaxTrades Contracts MaxStop Use_MaxStop MaxTPRatio Use_MaxTP Long Short Reverse Use_Kill Kill_Profit_Stop Kill_Loss_Stop Show_Current_PNL Show_Stats_Box Image_Opacity Corner_Image Background_Image Bot_Name ),2675,13640,-10965,1.24395804833561,-3160,91,0.208791208791209,
,1.24385542168675,True/2/0/3/0/8/165/300/False/False/1001/801/500/1/160/True/1.3/True/True/True/False/False/800/400/False/False/0.3/panthionIcon4.png/Oden2.png/PantheonMasterBotV01TesterV2 (Use_Time_Filter Start_Time_(HH) Start_Time_(mm) Duration_Time_(HH) Duration_Time_(mm) averageFast averageSlow averageTrend UseTrend UseTrendReverse ProfitStop LossStop MaxTrades Contracts MaxStop Use_MaxStop MaxTPRatio Use_MaxTP Long Short Reverse Use_Kill Kill_Profit_Stop Kill_Loss_Stop Show_Current_PNL Show_Stats_Box Image_Opacity Corner_Image Background_Image Bot_Name ),2530,12905,-10375,1.24385542168675,-3350,52,0.326923076923077,
,1.24384525205158,True/2/0/3/0/2/165/300/False/False/1001/801/500/1/180/True/1.3/True/True/True/False/False/800/400/False/False/0.3/panthionIcon4.png/Oden2.png/PantheonMasterBotV01TesterV2 (Use_Time_Filter Start_Time_(HH) Start_Time_(mm) Duration_Time_(HH) Duration_Time_(mm) averageFast averageSlow averageTrend UseTrend UseTrendReverse ProfitStop LossStop MaxTrades Contracts MaxStop Use_MaxStop MaxTPRatio Use_MaxTP Long Short Reverse Use_Kill Kill_Profit_Stop Kill_Loss_Stop Show_Current_PNL Show_Stats_Box Image_Opacity Corner_Image Background_Image Bot_Name ),3120,15915,-12795,1.24384525205158,-4195,110,0.254545454545455,
,1.24363327674024,True/2/0/3/0/10/175/300/False/False/1001/801/500/1/180/True/1.1/True/True/False/False/False/800/400/False/False/0.3/panthionIcon4.png/Oden2.png/PantheonMasterBotV01TesterV2 (Use_Time_Filter Start_Time_(HH) Start_Time_(mm) Duration_Time_(HH) Duration_Time_(mm) averageFast averageSlow averageTrend UseTrend UseTrendReverse ProfitStop LossStop MaxTrades Contracts MaxStop Use_MaxStop MaxTPRatio Use_MaxTP Long Short Reverse Use_Kill Kill_Profit_Stop Kill_Loss_Stop Show_Current_PNL Show_Stats_Box Image_Opacity Corner_Image Background_Image Bot_Name ),1435,7325,-5890,1.24363327674024,-3360,17,0.529411764705882,
,1.24346076458753,True/2/0/3/0/5/175/300/False/False/1001/801/500/1/180/True/1.7/True/False/True/False/False/800/400/False/False/0.3/panthionIcon4.png/Oden2.png/PantheonMasterBotV01TesterV2 (Use_Time_Filter Start_Time_(HH) Start_Time_(mm) Duration_Time_(HH) Duration_Time_(mm) averageFast averageSlow averageTrend UseTrend UseTrendReverse ProfitStop LossStop MaxTrades Contracts MaxStop Use_MaxStop MaxTPRatio Use_MaxTP Long Short Reverse Use_Kill Kill_Profit_Stop Kill_Loss_Stop Show_Current_PNL Show_Stats_Box Image_Opacity Corner_Image Background_Image Bot_Name ),1815,9270,-7455,1.24346076458753,-2775,21,0.333333333333333,
,1.24268774703557,True/2/0/3/0/8/195/300/False/False/1001/801/500/1/160/True/1.6/True/False/True/False/False/800/400/False/False/0.3/panthionIcon4.png/Oden2.png/PantheonMasterBotV01TesterV2 (Use_Time_Filter Start_Time_(HH) Start_Time_(mm) Duration_Time_(HH) Duration_Time_(mm) averageFast averageSlow averageTrend UseTrend UseTrendReverse ProfitStop LossStop MaxTrades Contracts MaxStop Use_MaxStop MaxTPRatio Use_MaxTP Long Short Reverse Use_Kill Kill_Profit_Stop Kill_Loss_Stop Show_Current_PNL Show_Stats_Box Image_Opacity Corner_Image Background_Image Bot_Name ),1535,7860,-6325,1.24268774703557,-2290,19,0.368421052631579,
,1.24204616344354,True/2/0/3/0/7/155/300/False/False/1001/801/500/1/140/True/1.3/True/True/False/False/False/800/400/False/False/0.3/panthionIcon4.png/Oden2.png/PantheonMasterBotV01TesterV2 (Use_Time_Filter Start_Time_(HH) Start_Time_(mm) Duration_Time_(HH) Duration_Time_(mm) averageFast averageSlow averageTrend UseTrend UseTrendReverse ProfitStop LossStop MaxTrades Contracts MaxStop Use_MaxStop MaxTPRatio Use_MaxTP Long Short Reverse Use_Kill Kill_Profit_Stop Kill_Loss_Stop Show_Current_PNL Show_Stats_Box Image_Opacity Corner_Image Background_Image Bot_Name ),1940,9955,-8015,1.24204616344354,-2165,27,0.555555555555556,
,1.24183796856106,True/2/0/3/0/7/155/300/False/False/1001/801/500/1/140/True/1.1/True/True/True/False/False/800/400/False/False/0.3/panthionIcon4.png/Oden2.png/PantheonMasterBotV01TesterV2 (Use_Time_Filter Start_Time_(HH) Start_Time_(mm) Duration_Time_(HH) Duration_Time_(mm) averageFast averageSlow averageTrend UseTrend UseTrendReverse ProfitStop LossStop MaxTrades Contracts MaxStop Use_MaxStop MaxTPRatio Use_MaxTP Long Short Reverse Use_Kill Kill_Profit_Stop Kill_Loss_Stop Show_Current_PNL Show_Stats_Box Image_Opacity Corner_Image Background_Image Bot_Name ),3000,15405,-12405,1.24183796856106,-2735,68,0.308823529411765,
,1.24167806657547,True/2/0/3/0/2/185/300/False/False/1001/801/500/1/160/True/1.2/True/True/True/False/False/800/400/False/False/0.3/panthionIcon4.png/Oden2.png/PantheonMasterBotV01TesterV2 (Use_Time_Filter Start_Time_(HH) Start_Time_(mm) Duration_Time_(HH) Duration_Time_(mm) averageFast averageSlow averageTrend UseTrend UseTrendReverse ProfitStop LossStop MaxTrades Contracts MaxStop Use_MaxStop MaxTPRatio Use_MaxTP Long Short Reverse Use_Kill Kill_Profit_Stop Kill_Loss_Stop Show_Current_PNL Show_Stats_Box Image_Opacity Corner_Image Background_Image Bot_Name ),2650,13615,-10965,1.24167806657547,-2320,91,0.21978021978022,
,1.24091520861373,True/2/0/3/0/3/165/300/False/False/1001/801/500/1/180/True/1.6/True/False/True/False/False/800/400/False/False/0.3/panthionIcon4.png/Oden2.png/PantheonMasterBotV01TesterV2 (Use_Time_Filter Start_Time_(HH) Start_Time_(mm) Duration_Time_(HH) Duration_Time_(mm) averageFast averageSlow averageTrend UseTrend UseTrendReverse ProfitStop LossStop MaxTrades Contracts MaxStop Use_MaxStop MaxTPRatio Use_MaxTP Long Short Reverse Use_Kill Kill_Profit_Stop Kill_Loss_Stop Show_Current_PNL Show_Stats_Box Image_Opacity Corner_Image Background_Image Bot_Name ),1790,9220,-7430,1.24091520861373,-2740,20,0.5,
,1.24083769633508,True/2/0/3/0/8/175/300/False/False/1001/801/500/1/180/True/1.6/True/True/False/False/False/800/400/False/False/0.3/panthionIcon4.png/Oden2.png/PantheonMasterBotV01TesterV2 (Use_Time_Filter Start_Time_(HH) Start_Time_(mm) Duration_Time_(HH) Duration_Time_(mm) averageFast averageSlow averageTrend UseTrend UseTrendReverse ProfitStop LossStop MaxTrades Contracts MaxStop Use_MaxStop MaxTPRatio Use_MaxTP Long Short Reverse Use_Kill Kill_Profit_Stop Kill_Loss_Stop Show_Current_PNL Show_Stats_Box Image_Opacity Corner_Image Background_Image Bot_Name ),1380,7110,-5730,1.24083769633508,-2775,17,0.470588235294118,
,1.24049881235154,True/2/0/3/0/7/155/300/False/False/1001/801/500/1/160/True/1.2/True/True/False/False/False/800/400/False/False/0.3/panthionIcon4.png/Oden2.png/PantheonMasterBotV01TesterV2 (Use_Time_Filter Start_Time_(HH) Start_Time_(mm) Duration_Time_(HH) Duration_Time_(mm) averageFast averageSlow averageTrend UseTrend UseTrendReverse ProfitStop LossStop MaxTrades Contracts MaxStop Use_MaxStop MaxTPRatio Use_MaxTP Long Short Reverse Use_Kill Kill_Profit_Stop Kill_Loss_Stop Show_Current_PNL Show_Stats_Box Image_Opacity Corner_Image Background_Image Bot_Name ),2025,10445,-8420,1.24049881235154,-2515,26,0.538461538461538,
,1.24043223773075,True/2/0/3/0/2/185/300/False/False/1001/801/500/1/140/True/1.3/True/True/True/False/False/800/400/False/False/0.3/panthionIcon4.png/Oden2.png/PantheonMasterBotV01TesterV2 (Use_Time_Filter Start_Time_(HH) Start_Time_(mm) Duration_Time_(HH) Duration_Time_(mm) averageFast averageSlow averageTrend UseTrend UseTrendReverse ProfitStop LossStop MaxTrades Contracts MaxStop Use_MaxStop MaxTPRatio Use_MaxTP Long Short Reverse Use_Kill Kill_Profit_Stop Kill_Loss_Stop Show_Current_PNL Show_Stats_Box Image_Opacity Corner_Image Background_Image Bot_Name ),2670,13775,-11105,1.24043223773075,-2600,91,0.21978021978022,
,1.24004034291478,True/2/0/3/0/9/195/300/False/False/1001/801/500/1/160/True/1.5/True/True/True/False/False/800/400/False/False/0.3/panthionIcon4.png/Oden2.png/PantheonMasterBotV01TesterV2 (Use_Time_Filter Start_Time_(HH) Start_Time_(mm) Duration_Time_(HH) Duration_Time_(mm) averageFast averageSlow averageTrend UseTrend UseTrendReverse ProfitStop LossStop MaxTrades Contracts MaxStop Use_MaxStop MaxTPRatio Use_MaxTP Long Short Reverse Use_Kill Kill_Profit_Stop Kill_Loss_Stop Show_Current_PNL Show_Stats_Box Image_Opacity Corner_Image Background_Image Bot_Name ),2380,12295,-9915,1.24004034291478,-2560,47,0.276595744680851,
,1.24,True/2/0/3/0/8/195/300/False/False/1001/801/500/1/140/True/1.3/True/True/True/False/False/800/400/False/False/0.3/panthionIcon4.png/Oden2.png/PantheonMasterBotV01TesterV2 (Use_Time_Filter Start_Time_(HH) Start_Time_(mm) Duration_Time_(HH) Duration_Time_(mm) averageFast averageSlow averageTrend UseTrend UseTrendReverse ProfitStop LossStop MaxTrades Contracts MaxStop Use_MaxStop MaxTPRatio Use_MaxTP Long Short Reverse Use_Kill Kill_Profit_Stop Kill_Loss_Stop Show_Current_PNL Show_Stats_Box Image_Opacity Corner_Image Background_Image Bot_Name ),2370,12245,-9875,1.24,-3140,49,0.346938775510204,
,1.2396434189827,True/2/0/3/0/3/175/300/False/False/1001/801/500/1/140/True/1.1/True/True/True/False/False/800/400/False/False/0.3/panthionIcon4.png/Oden2.png/PantheonMasterBotV01TesterV2 (Use_Time_Filter Start_Time_(HH) Start_Time_(mm) Duration_Time_(HH) Duration_Time_(mm) averageFast averageSlow averageTrend UseTrend UseTrendReverse ProfitStop LossStop MaxTrades Contracts MaxStop Use_MaxStop MaxTPRatio Use_MaxTP Long Short Reverse Use_Kill Kill_Profit_Stop Kill_Loss_Stop Show_Current_PNL Show_Stats_Box Image_Opacity Corner_Image Background_Image Bot_Name ),2285,11820,-9535,1.2396434189827,-3000,76,0.276315789473684,
,1.23953605648008,True/2/0/3/0/9/195/300/False/False/1001/801/500/1/160/True/1.6/True/True/True/False/False/800/400/False/False/0.3/panthionIcon4.png/Oden2.png/PantheonMasterBotV01TesterV2 (Use_Time_Filter Start_Time_(HH) Start_Time_(mm) Duration_Time_(HH) Duration_Time_(mm) averageFast averageSlow averageTrend UseTrend UseTrendReverse ProfitStop LossStop MaxTrades Contracts MaxStop Use_MaxStop MaxTPRatio Use_MaxTP Long Short Reverse Use_Kill Kill_Profit_Stop Kill_Loss_Stop Show_Current_PNL Show_Stats_Box Image_Opacity Corner_Image Background_Image Bot_Name ),2375,12290,-9915,1.23953605648008,-2915,47,0.276595744680851,
,1.23914081145585,True/2/0/3/0/3/185/300/False/False/1001/801/500/1/160/True/1.3/True/True/True/False/False/800/400/False/False/0.3/panthionIcon4.png/Oden2.png/PantheonMasterBotV01TesterV2 (Use_Time_Filter Start_Time_(HH) Start_Time_(mm) Duration_Time_(HH) Duration_Time_(mm) averageFast averageSlow averageTrend UseTrend UseTrendReverse ProfitStop LossStop MaxTrades Contracts MaxStop Use_MaxStop MaxTPRatio Use_MaxTP Long Short Reverse Use_Kill Kill_Profit_Stop Kill_Loss_Stop Show_Current_PNL Show_Stats_Box Image_Opacity Corner_Image Background_Image Bot_Name ),2505,12980,-10475,1.23914081145585,-2815,84,0.261904761904762,
,1.23909171861086,True/2/0/3/0/5/175/300/False/False/1001/801/500/1/140/True/1.6/True/True/True/False/False/800/400/False/False/0.3/panthionIcon4.png/Oden2.png/PantheonMasterBotV01TesterV2 (Use_Time_Filter Start_Time_(HH) Start_Time_(mm) Duration_Time_(HH) Duration_Time_(mm) averageFast averageSlow averageTrend UseTrend UseTrendReverse ProfitStop LossStop MaxTrades Contracts MaxStop Use_MaxStop MaxTPRatio Use_MaxTP Long Short Reverse Use_Kill Kill_Profit_Stop Kill_Loss_Stop Show_Current_PNL Show_Stats_Box Image_Opacity Corner_Image Background_Image Bot_Name ),2685,13915,-11230,1.23909171861086,-2860,63,0.285714285714286,
,1.23909171861086,True/2/0/3/0/5/175/300/False/False/1001/801/500/1/160/True/1.4/True/True/True/False/False/800/400/False/False/0.3/panthionIcon4.png/Oden2.png/PantheonMasterBotV01TesterV2 (Use_Time_Filter Start_Time_(HH) Start_Time_(mm) Duration_Time_(HH) Duration_Time_(mm) averageFast averageSlow averageTrend UseTrend UseTrendReverse ProfitStop LossStop MaxTrades Contracts MaxStop Use_MaxStop MaxTPRatio Use_MaxTP Long Short Reverse Use_Kill Kill_Profit_Stop Kill_Loss_Stop Show_Current_PNL Show_Stats_Box Image_Opacity Corner_Image Background_Image Bot_Name ),2685,13915,-11230,1.23909171861086,-2860,63,0.285714285714286,
,1.23864258347017,True/2/0/3/0/7/175/300/False/False/1001/801/500/1/180/True/1.6/True/True/True/False/False/800/400/False/False/0.3/panthionIcon4.png/Oden2.png/PantheonMasterBotV01TesterV2 (Use_Time_Filter Start_Time_(HH) Start_Time_(mm) Duration_Time_(HH) Duration_Time_(mm) averageFast averageSlow averageTrend UseTrend UseTrendReverse ProfitStop LossStop MaxTrades Contracts MaxStop Use_MaxStop MaxTPRatio Use_MaxTP Long Short Reverse Use_Kill Kill_Profit_Stop Kill_Loss_Stop Show_Current_PNL Show_Stats_Box Image_Opacity Corner_Image Background_Image Bot_Name ),2180,11315,-9135,1.23864258347017,-3040,50,0.3,
,1.23862487360971,True/2/0/3/0/2/155/300/False/False/1001/801/500/1/140/True/1.3/True/False/True/False/False/800/400/False/False/0.3/panthionIcon4.png/Oden2.png/PantheonMasterBotV01TesterV2 (Use_Time_Filter Start_Time_(HH) Start_Time_(mm) Duration_Time_(HH) Duration_Time_(mm) averageFast averageSlow averageTrend UseTrend UseTrendReverse ProfitStop LossStop MaxTrades Contracts MaxStop Use_MaxStop MaxTPRatio Use_MaxTP Long Short Reverse Use_Kill Kill_Profit_Stop Kill_Loss_Stop Show_Current_PNL Show_Stats_Box Image_Opacity Corner_Image Background_Image Bot_Name ),2360,12250,-9890,1.23862487360971,-4400,33,0.454545454545455,
,1.23831168831169,True/2/0/3/0/3/195/300/False/False/1001/801/500/1/180/True/1.7/True/False/True/False/False/800/400/False/False/0.3/panthionIcon4.png/Oden2.png/PantheonMasterBotV01TesterV2 (Use_Time_Filter Start_Time_(HH) Start_Time_(mm) Duration_Time_(HH) Duration_Time_(mm) averageFast averageSlow averageTrend UseTrend UseTrendReverse ProfitStop LossStop MaxTrades Contracts MaxStop Use_MaxStop MaxTPRatio Use_MaxTP Long Short Reverse Use_Kill Kill_Profit_Stop Kill_Loss_Stop Show_Current_PNL Show_Stats_Box Image_Opacity Corner_Image Background_Image Bot_Name ),1835,9535,-7700,1.23831168831169,-2880,20,0.4,
,1.23821853961678,True/2/0/3/0/9/195/300/False/False/1001/801/500/1/180/True/1.3/True/True/True/False/False/800/400/False/False/0.3/panthionIcon4.png/Oden2.png/PantheonMasterBotV01TesterV2 (Use_Time_Filter Start_Time_(HH) Start_Time_(mm) Duration_Time_(HH) Duration_Time_(mm) averageFast averageSlow averageTrend UseTrend UseTrendReverse ProfitStop LossStop MaxTrades Contracts MaxStop Use_MaxStop MaxTPRatio Use_MaxTP Long Short Reverse Use_Kill Kill_Profit_Stop Kill_Loss_Stop Show_Current_PNL Show_Stats_Box Image_Opacity Corner_Image Background_Image Bot_Name ),2300,11955,-9655,1.23821853961678,-2560,45,0.266666666666667,
,1.23814041745731,True/2/0/3/0/3/185/300/False/False/1001/801/500/1/180/True/1.4/True/True/True/False/False/800/400/False/False/0.3/panthionIcon4.png/Oden2.png/PantheonMasterBotV01TesterV2 (Use_Time_Filter Start_Time_(HH) Start_Time_(mm) Duration_Time_(HH) Duration_Time_(mm) averageFast averageSlow averageTrend UseTrend UseTrendReverse ProfitStop LossStop MaxTrades Contracts MaxStop Use_MaxStop MaxTPRatio Use_MaxTP Long Short Reverse Use_Kill Kill_Profit_Stop Kill_Loss_Stop Show_Current_PNL Show_Stats_Box Image_Opacity Corner_Image Background_Image Bot_Name ),2510,13050,-10540,1.23814041745731,-2565,84,0.238095238095238,
,1.23776223776224,True/2/0/3/0/5/175/300/False/False/1001/801/500/1/180/True/1.6/True/True/True/False/False/800/400/False/False/0.3/panthionIcon4.png/Oden2.png/PantheonMasterBotV01TesterV2 (Use_Time_Filter Start_Time_(HH) Start_Time_(mm) Duration_Time_(HH) Duration_Time_(mm) averageFast averageSlow averageTrend UseTrend UseTrendReverse ProfitStop LossStop MaxTrades Contracts MaxStop Use_MaxStop MaxTPRatio Use_MaxTP Long Short Reverse Use_Kill Kill_Profit_Stop Kill_Loss_Stop Show_Current_PNL Show_Stats_Box Image_Opacity Corner_Image Background_Image Bot_Name ),2720,14160,-11440,1.23776223776224,-3580,65,0.276923076923077,
,1.23770883054893,True/2/0/3/0/3/185/300/False/False/1001/801/500/1/160/True/1.2/True/True/True/False/False/800/400/False/False/0.3/panthionIcon4.png/Oden2.png/PantheonMasterBotV01TesterV2 (Use_Time_Filter Start_Time_(HH) Start_Time_(mm) Duration_Time_(HH) Duration_Time_(mm) averageFast averageSlow averageTrend UseTrend UseTrendReverse ProfitStop LossStop MaxTrades Contracts MaxStop Use_MaxStop MaxTPRatio Use_MaxTP Long Short Reverse Use_Kill Kill_Profit_Stop Kill_Loss_Stop Show_Current_PNL Show_Stats_Box Image_Opacity Corner_Image Background_Image Bot_Name ),2490,12965,-10475,1.23770883054893,-2680,84,0.261904761904762,
,1.23767051416579,True/2/0/3/0/10/185/300/False/False/1001/801/500/1/140/True/1.5/True/True/True/False/False/800/400/False/False/0.3/panthionIcon4.png/Oden2.png/PantheonMasterBotV01TesterV2 (Use_Time_Filter Start_Time_(HH) Start_Time_(mm) Duration_Time_(HH) Duration_Time_(mm) averageFast averageSlow averageTrend UseTrend UseTrendReverse ProfitStop LossStop MaxTrades Contracts MaxStop Use_MaxStop MaxTPRatio Use_MaxTP Long Short Reverse Use_Kill Kill_Profit_Stop Kill_Loss_Stop Show_Current_PNL Show_Stats_Box Image_Opacity Corner_Image Background_Image Bot_Name ),2265,11795,-9530,1.23767051416579,-3060,44,0.340909090909091,
,1.23754789272031,True/2/0/3/0/7/175/300/False/False/1001/801/500/1/140/True/1.7/True/True/True/False/False/800/400/False/False/0.3/panthionIcon4.png/Oden2.png/PantheonMasterBotV01TesterV2 (Use_Time_Filter Start_Time_(HH) Start_Time_(mm) Duration_Time_(HH) Duration_Time_(mm) averageFast averageSlow averageTrend UseTrend UseTrendReverse ProfitStop LossStop MaxTrades Contracts MaxStop Use_MaxStop MaxTPRatio Use_MaxTP Long Short Reverse Use_Kill Kill_Profit_Stop Kill_Loss_Stop Show_Current_PNL Show_Stats_Box Image_Opacity Corner_Image Background_Image Bot_Name ),2170,11305,-9135,1.23754789272031,-3220,50,0.3,
,1.2373761208117,True/2/0/3/0/6/185/300/False/False/1001/801/500/1/140/True/1.7/True/True/True/False/False/800/400/False/False/0.3/panthionIcon4.png/Oden2.png/PantheonMasterBotV01TesterV2 (Use_Time_Filter Start_Time_(HH) Start_Time_(mm) Duration_Time_(HH) Duration_Time_(mm) averageFast averageSlow averageTrend UseTrend UseTrendReverse ProfitStop LossStop MaxTrades Contracts MaxStop Use_MaxStop MaxTPRatio Use_MaxTP Long Short Reverse Use_Kill Kill_Profit_Stop Kill_Loss_Stop Show_Current_PNL Show_Stats_Box Image_Opacity Corner_Image Background_Image Bot_Name ),2515,13110,-10595,1.2373761208117,-3750,55,0.236363636363636,
,1.2373123659757,True/2/0/3/0/8/155/300/False/False/1001/801/500/1/140/True/1.7/True/False/True/False/False/800/400/False/False/0.3/panthionIcon4.png/Oden2.png/PantheonMasterBotV01TesterV2 (Use_Time_Filter Start_Time_(HH) Start_Time_(mm) Duration_Time_(HH) Duration_Time_(mm) averageFast averageSlow averageTrend UseTrend UseTrendReverse ProfitStop LossStop MaxTrades Contracts MaxStop Use_MaxStop MaxTPRatio Use_MaxTP Long Short Reverse Use_Kill Kill_Profit_Stop Kill_Loss_Stop Show_Current_PNL Show_Stats_Box Image_Opacity Corner_Image Background_Image Bot_Name ),1660,8655,-6995,1.2373123659757,-2135,21,0.380952380952381,
,1.23694779116466,True/2/0/3/0/6/185/300/False/False/1001/801/500/1/140/True/1.1/True/False/True/False/False/800/400/False/False/0.3/panthionIcon4.png/Oden2.png/PantheonMasterBotV01TesterV2 (Use_Time_Filter Start_Time_(HH) Start_Time_(mm) Duration_Time_(HH) Duration_Time_(mm) averageFast averageSlow averageTrend UseTrend UseTrendReverse ProfitStop LossStop MaxTrades Contracts MaxStop Use_MaxStop MaxTPRatio Use_MaxTP Long Short Reverse Use_Kill Kill_Profit_Stop Kill_Loss_Stop Show_Current_PNL Show_Stats_Box Image_Opacity Corner_Image Background_Image Bot_Name ),1475,7700,-6225,1.23694779116466,-2375,22,0.454545454545455,
,1.23675604970569,True/2/0/3/0/10/155/300/False/False/1001/801/500/1/160/True/1.3/True/False/True/False/False/800/400/False/False/0.3/panthionIcon4.png/Oden2.png/PantheonMasterBotV01TesterV2 (Use_Time_Filter Start_Time_(HH) Start_Time_(mm) Duration_Time_(HH) Duration_Time_(mm) averageFast averageSlow averageTrend UseTrend UseTrendReverse ProfitStop LossStop MaxTrades Contracts MaxStop Use_MaxStop MaxTPRatio Use_MaxTP Long Short Reverse Use_Kill Kill_Profit_Stop Kill_Loss_Stop Show_Current_PNL Show_Stats_Box Image_Opacity Corner_Image Background_Image Bot_Name ),1810,9455,-7645,1.23675604970569,-2400,21,0.476190476190476,
,1.23672230652504,True/2/0/3/0/7/175/300/False/False/1001/801/500/1/160/True/1.4/True/True/False/False/False/800/400/False/False/0.3/panthionIcon4.png/Oden2.png/PantheonMasterBotV01TesterV2 (Use_Time_Filter Start_Time_(HH) Start_Time_(mm) Duration_Time_(HH) Duration_Time_(mm) averageFast averageSlow averageTrend UseTrend UseTrendReverse ProfitStop LossStop MaxTrades Contracts MaxStop Use_MaxStop MaxTPRatio Use_MaxTP Long Short Reverse Use_Kill Kill_Profit_Stop Kill_Loss_Stop Show_Current_PNL Show_Stats_Box Image_Opacity Corner_Image Background_Image Bot_Name ),1560,8150,-6590,1.23672230652504,-3370,19,0.526315789473684,
,1.23624288425047,True/2/0/3/0/3/185/300/False/False/1001/801/500/1/180/True/1.6/True/True/True/False/False/800/400/False/False/0.3/panthionIcon4.png/Oden2.png/PantheonMasterBotV01TesterV2 (Use_Time_Filter Start_Time_(HH) Start_Time_(mm) Duration_Time_(HH) Duration_Time_(mm) averageFast averageSlow averageTrend UseTrend UseTrendReverse ProfitStop LossStop MaxTrades Contracts MaxStop Use_MaxStop MaxTPRatio Use_MaxTP Long Short Reverse Use_Kill Kill_Profit_Stop Kill_Loss_Stop Show_Current_PNL Show_Stats_Box Image_Opacity Corner_Image Background_Image Bot_Name ),2490,13030,-10540,1.23624288425047,-3035,84,0.238095238095238,
,1.23612261806131,True/2/0/3/0/8/195/300/False/False/1001/801/500/1/160/True/1.3/True/False/True/False/False/800/400/False/False/0.3/panthionIcon4.png/Oden2.png/PantheonMasterBotV01TesterV2 (Use_Time_Filter Start_Time_(HH) Start_Time_(mm) Duration_Time_(HH) Duration_Time_(mm) averageFast averageSlow averageTrend UseTrend UseTrendReverse ProfitStop LossStop MaxTrades Contracts MaxStop Use_MaxStop MaxTPRatio Use_MaxTP Long Short Reverse Use_Kill Kill_Profit_Stop Kill_Loss_Stop Show_Current_PNL Show_Stats_Box Image_Opacity Corner_Image Background_Image Bot_Name ),1425,7460,-6035,1.23612261806131,-2435,18,0.444444444444444,
,1.23586429725363,True/2/0/3/0/10/185/300/False/False/1001/801/500/1/160/True/1.3/True/True/False/False/False/800/400/False/False/0.3/panthionIcon4.png/Oden2.png/PantheonMasterBotV01TesterV2 (Use_Time_Filter Start_Time_(HH) Start_Time_(mm) Duration_Time_(HH) Duration_Time_(mm) averageFast averageSlow averageTrend UseTrend UseTrendReverse ProfitStop LossStop MaxTrades Contracts MaxStop Use_MaxStop MaxTPRatio Use_MaxTP Long Short Reverse Use_Kill Kill_Profit_Stop Kill_Loss_Stop Show_Current_PNL Show_Stats_Box Image_Opacity Corner_Image Background_Image Bot_Name ),1460,7650,-6190,1.23586429725363,-2750,18,0.5,
,1.23570019723866,True/2/0/3/0/8/155/300/False/False/1001/801/500/1/180/True/1.4/True/True/True/False/False/800/400/False/False/0.3/panthionIcon4.png/Oden2.png/PantheonMasterBotV01TesterV2 (Use_Time_Filter Start_Time_(HH) Start_Time_(mm) Duration_Time_(HH) Duration_Time_(mm) averageFast averageSlow averageTrend UseTrend UseTrendReverse ProfitStop LossStop MaxTrades Contracts MaxStop Use_MaxStop MaxTPRatio Use_MaxTP Long Short Reverse Use_Kill Kill_Profit_Stop Kill_Loss_Stop Show_Current_PNL Show_Stats_Box Image_Opacity Corner_Image Background_Image Bot_Name ),2390,12530,-10140,1.23570019723866,-3580,52,0.269230769230769,
,1.23529411764706,True/2/0/3/0/9/195/300/False/False/1001/801/500/1/180/True/1.3/True/False/True/False/False/800/400/False/False/0.3/panthionIcon4.png/Oden2.png/PantheonMasterBotV01TesterV2 (Use_Time_Filter Start_Time_(HH) Start_Time_(mm) Duration_Time_(HH) Duration_Time_(mm) averageFast averageSlow averageTrend UseTrend UseTrendReverse ProfitStop LossStop MaxTrades Contracts MaxStop Use_MaxStop MaxTPRatio Use_MaxTP Long Short Reverse Use_Kill Kill_Profit_Stop Kill_Loss_Stop Show_Current_PNL Show_Stats_Box Image_Opacity Corner_Image Background_Image Bot_Name ),1360,7140,-5780,1.23529411764706,-2530,17,0.411764705882353,
,1.23524962178517,True/2/0/3/0/8/155/300/False/False/1001/801/500/1/140/True/1.6/True/False/True/False/False/800/400/False/False/0.3/panthionIcon4.png/Oden2.png/PantheonMasterBotV01TesterV2 (Use_Time_Filter Start_Time_(HH) Start_Time_(mm) Duration_Time_(HH) Duration_Time_(mm) averageFast averageSlow averageTrend UseTrend UseTrendReverse ProfitStop LossStop MaxTrades Contracts MaxStop Use_MaxStop MaxTPRatio Use_MaxTP Long Short Reverse Use_Kill Kill_Profit_Stop Kill_Loss_Stop Show_Current_PNL Show_Stats_Box Image_Opacity Corner_Image Background_Image Bot_Name ),1555,8165,-6610,1.23524962178517,-2230,20,0.4,
,1.23523472993438,True/2/0/3/0/8/195/300/False/False/1001/801/500/1/180/True/1.1/True/True/True/False/False/800/400/False/False/0.3/panthionIcon4.png/Oden2.png/PantheonMasterBotV01TesterV2 (Use_Time_Filter Start_Time_(HH) Start_Time_(mm) Duration_Time_(HH) Duration_Time_(mm) averageFast averageSlow averageTrend UseTrend UseTrendReverse ProfitStop LossStop MaxTrades Contracts MaxStop Use_MaxStop MaxTPRatio Use_MaxTP Long Short Reverse Use_Kill Kill_Profit_Stop Kill_Loss_Stop Show_Current_PNL Show_Stats_Box Image_Opacity Corner_Image Background_Image Bot_Name ),2330,12235,-9905,1.23523472993438,-2980,47,0.319148936170213,
,1.2350936967632,True/2/0/3/0/10/165/300/False/False/1001/801/500/1/180/True/1.7/True/True/False/False/False/800/400/False/False/0.3/panthionIcon4.png/Oden2.png/PantheonMasterBotV01TesterV2 (Use_Time_Filter Start_Time_(HH) Start_Time_(mm) Duration_Time_(HH) Duration_Time_(mm) averageFast averageSlow averageTrend UseTrend UseTrendReverse ProfitStop LossStop MaxTrades Contracts MaxStop Use_MaxStop MaxTPRatio Use_MaxTP Long Short Reverse Use_Kill Kill_Profit_Stop Kill_Loss_Stop Show_Current_PNL Show_Stats_Box Image_Opacity Corner_Image Background_Image Bot_Name ),1380,7250,-5870,1.2350936967632,-2755,17,0.470588235294118,
,1.23472008217771,True/2/0/3/0/9/165/300/False/False/1001/801/500/1/160/True/1.3/True/True/True/False/False/800/400/False/False/0.3/panthionIcon4.png/Oden2.png/PantheonMasterBotV01TesterV2 (Use_Time_Filter Start_Time_(HH) Start_Time_(mm) Duration_Time_(HH) Duration_Time_(mm) averageFast averageSlow averageTrend UseTrend UseTrendReverse ProfitStop LossStop MaxTrades Contracts MaxStop Use_MaxStop MaxTPRatio Use_MaxTP Long Short Reverse Use_Kill Kill_Profit_Stop Kill_Loss_Stop Show_Current_PNL Show_Stats_Box Image_Opacity Corner_Image Background_Image Bot_Name ),2285,12020,-9735,1.23472008217771,-3225,48,0.3125,
,1.23454301075269,True/2/0/3/0/8/155/300/False/False/1001/801/500/1/160/True/1.7/True/True/False/False/False/800/400/False/False/0.3/panthionIcon4.png/Oden2.png/PantheonMasterBotV01TesterV2 (Use_Time_Filter Start_Time_(HH) Start_Time_(mm) Duration_Time_(HH) Duration_Time_(mm) averageFast averageSlow averageTrend UseTrend UseTrendReverse ProfitStop LossStop MaxTrades Contracts MaxStop Use_MaxStop MaxTPRatio Use_MaxTP Long Short Reverse Use_Kill Kill_Profit_Stop Kill_Loss_Stop Show_Current_PNL Show_Stats_Box Image_Opacity Corner_Image Background_Image Bot_Name ),1745,9185,-7440,1.23454301075269,-2785,22,0.545454545454545,
,1.23385866802237,True/2/0/3/0/9/165/300/False/False/1001/801/500/1/140/True/1.5/True/True/True/False/False/800/400/False/False/0.3/panthionIcon4.png/Oden2.png/PantheonMasterBotV01TesterV2 (Use_Time_Filter Start_Time_(HH) Start_Time_(mm) Duration_Time_(HH) Duration_Time_(mm) averageFast averageSlow averageTrend UseTrend UseTrendReverse ProfitStop LossStop MaxTrades Contracts MaxStop Use_MaxStop MaxTPRatio Use_MaxTP Long Short Reverse Use_Kill Kill_Profit_Stop Kill_Loss_Stop Show_Current_PNL Show_Stats_Box Image_Opacity Corner_Image Background_Image Bot_Name ),2300,12135,-9835,1.23385866802237,-3205,48,0.333333333333333,
,1.23385416666667,True/2/0/3/0/9/195/300/False/False/1001/801/500/1/140/True/1.1/True/True/True/False/False/800/400/False/False/0.3/panthionIcon4.png/Oden2.png/PantheonMasterBotV01TesterV2 (Use_Time_Filter Start_Time_(HH) Start_Time_(mm) Duration_Time_(HH) Duration_Time_(mm) averageFast averageSlow averageTrend UseTrend UseTrendReverse ProfitStop LossStop MaxTrades Contracts MaxStop Use_MaxStop MaxTPRatio Use_MaxTP Long Short Reverse Use_Kill Kill_Profit_Stop Kill_Loss_Stop Show_Current_PNL Show_Stats_Box Image_Opacity Corner_Image Background_Image Bot_Name ),2245,11845,-9600,1.23385416666667,-3385,49,0.36734693877551,
,1.23376623376623,True/2/0/3/0/2/195/300/False/False/1001/801/500/1/140/True/1.7/True/False/True/False/False/800/400/False/False/0.3/panthionIcon4.png/Oden2.png/PantheonMasterBotV01TesterV2 (Use_Time_Filter Start_Time_(HH) Start_Time_(mm) Duration_Time_(HH) Duration_Time_(mm) averageFast averageSlow averageTrend UseTrend UseTrendReverse ProfitStop LossStop MaxTrades Contracts MaxStop Use_MaxStop MaxTPRatio Use_MaxTP Long Short Reverse Use_Kill Kill_Profit_Stop Kill_Loss_Stop Show_Current_PNL Show_Stats_Box Image_Opacity Corner_Image Background_Image Bot_Name ),1620,8550,-6930,1.23376623376623,-3170,22,0.409090909090909,
,1.23324851569126,True/2/0/3/0/4/195/300/False/False/1001/801/500/1/180/True/1.1/True/False/True/False/False/800/400/False/False/0.3/panthionIcon4.png/Oden2.png/PantheonMasterBotV01TesterV2 (Use_Time_Filter Start_Time_(HH) Start_Time_(mm) Duration_Time_(HH) Duration_Time_(mm) averageFast averageSlow averageTrend UseTrend UseTrendReverse ProfitStop LossStop MaxTrades Contracts MaxStop Use_MaxStop MaxTPRatio Use_MaxTP Long Short Reverse Use_Kill Kill_Profit_Stop Kill_Loss_Stop Show_Current_PNL Show_Stats_Box Image_Opacity Corner_Image Background_Image Bot_Name ),1375,7270,-5895,1.23324851569126,-2390,19,0.473684210526316,
,1.23307086614173,True/2/0/3/0/7/185/300/False/False/1001/801/500/1/180/True/1.3/True/True/True/False/False/800/400/False/False/0.3/panthionIcon4.png/Oden2.png/PantheonMasterBotV01TesterV2 (Use_Time_Filter Start_Time_(HH) Start_Time_(mm) Duration_Time_(HH) Duration_Time_(mm) averageFast averageSlow averageTrend UseTrend UseTrendReverse ProfitStop LossStop MaxTrades Contracts MaxStop Use_MaxStop MaxTPRatio Use_MaxTP Long Short Reverse Use_Kill Kill_Profit_Stop Kill_Loss_Stop Show_Current_PNL Show_Stats_Box Image_Opacity Corner_Image Background_Image Bot_Name ),2220,11745,-9525,1.23307086614173,-3300,50,0.26,
,1.23283582089552,True/2/0/3/0/4/195/300/False/False/1001/801/500/1/160/True/1.1/True/False/True/False/False/800/400/False/False/0.3/panthionIcon4.png/Oden2.png/PantheonMasterBotV01TesterV2 (Use_Time_Filter Start_Time_(HH) Start_Time_(mm) Duration_Time_(HH) Duration_Time_(mm) averageFast averageSlow averageTrend UseTrend UseTrendReverse ProfitStop LossStop MaxTrades Contracts MaxStop Use_MaxStop MaxTPRatio Use_MaxTP Long Short Reverse Use_Kill Kill_Profit_Stop Kill_Loss_Stop Show_Current_PNL Show_Stats_Box Image_Opacity Corner_Image Background_Image Bot_Name ),1560,8260,-6700,1.23283582089552,-2030,22,0.5,
,1.2327868852459,True/2/0/3/0/2/195/300/False/False/1001/801/500/1/180/True/1.7/True/False/True/False/False/800/400/False/False/0.3/panthionIcon4.png/Oden2.png/PantheonMasterBotV01TesterV2 (Use_Time_Filter Start_Time_(HH) Start_Time_(mm) Duration_Time_(HH) Duration_Time_(mm) averageFast averageSlow averageTrend UseTrend UseTrendReverse ProfitStop LossStop MaxTrades Contracts MaxStop Use_MaxStop MaxTPRatio Use_MaxTP Long Short Reverse Use_Kill Kill_Profit_Stop Kill_Loss_Stop Show_Current_PNL Show_Stats_Box Image_Opacity Corner_Image Background_Image Bot_Name ),1775,9400,-7625,1.2327868852459,-2825,20,0.4,
,1.23252496433666,True/2/0/3/0/8/155/300/False/False/1001/801/500/1/180/True/1.2/True/False/True/False/False/800/400/False/False/0.3/panthionIcon4.png/Oden2.png/PantheonMasterBotV01TesterV2 (Use_Time_Filter Start_Time_(HH) Start_Time_(mm) Duration_Time_(HH) Duration_Time_(mm) averageFast averageSlow averageTrend UseTrend UseTrendReverse ProfitStop LossStop MaxTrades Contracts MaxStop Use_MaxStop MaxTPRatio Use_MaxTP Long Short Reverse Use_Kill Kill_Profit_Stop Kill_Loss_Stop Show_Current_PNL Show_Stats_Box Image_Opacity Corner_Image Background_Image Bot_Name ),1630,8640,-7010,1.23252496433666,-2690,18,0.444444444444444,
,1.23248106060606,True/2/0/3/0/3/195/300/False/False/1001/801/500/1/140/True/1.5/True/True/True/False/False/800/400/False/False/0.3/panthionIcon4.png/Oden2.png/PantheonMasterBotV01TesterV2 (Use_Time_Filter Start_Time_(HH) Start_Time_(mm) Duration_Time_(HH) Duration_Time_(mm) averageFast averageSlow averageTrend UseTrend UseTrendReverse ProfitStop LossStop MaxTrades Contracts MaxStop Use_MaxStop MaxTPRatio Use_MaxTP Long Short Reverse Use_Kill Kill_Profit_Stop Kill_Loss_Stop Show_Current_PNL Show_Stats_Box Image_Opacity Corner_Image Background_Image Bot_Name ),2455,13015,-10560,1.23248106060606,-3445,82,0.195121951219512,
,1.23215523215523,True/2/0/3/0/5/175/300/False/False/1001/801/500/1/160/True/1.1/True/False/True/False/False/800/400/False/False/0.3/panthionIcon4.png/Oden2.png/PantheonMasterBotV01TesterV2 (Use_Time_Filter Start_Time_(HH) Start_Time_(mm) Duration_Time_(HH) Duration_Time_(mm) averageFast averageSlow averageTrend UseTrend UseTrendReverse ProfitStop LossStop MaxTrades Contracts MaxStop Use_MaxStop MaxTPRatio Use_MaxTP Long Short Reverse Use_Kill Kill_Profit_Stop Kill_Loss_Stop Show_Current_PNL Show_Stats_Box Image_Opacity Corner_Image Background_Image Bot_Name ),1675,8890,-7215,1.23215523215523,-2725,22,0.5,
,1.23164218958611,True/2/0/3/0/3/185/300/False/False/1001/801/500/1/180/True/1.7/True/False/True/False/False/800/400/False/False/0.3/panthionIcon4.png/Oden2.png/PantheonMasterBotV01TesterV2 (Use_Time_Filter Start_Time_(HH) Start_Time_(mm) Duration_Time_(HH) Duration_Time_(mm) averageFast averageSlow averageTrend UseTrend UseTrendReverse ProfitStop LossStop MaxTrades Contracts MaxStop Use_MaxStop MaxTPRatio Use_MaxTP Long Short Reverse Use_Kill Kill_Profit_Stop Kill_Loss_Stop Show_Current_PNL Show_Stats_Box Image_Opacity Corner_Image Background_Image Bot_Name ),1735,9225,-7490,1.23164218958611,-2825,21,0.380952380952381,
,1.23109843081312,True/2/0/3/0/10/195/300/False/False/1001/801/500/1/160/True/1.5/True/True/False/False/False/800/400/False/False/0.3/panthionIcon4.png/Oden2.png/PantheonMasterBotV01TesterV2 (Use_Time_Filter Start_Time_(HH) Start_Time_(mm) Duration_Time_(HH) Duration_Time_(mm) averageFast averageSlow averageTrend UseTrend UseTrendReverse ProfitStop LossStop MaxTrades Contracts MaxStop Use_MaxStop MaxTPRatio Use_MaxTP Long Short Reverse Use_Kill Kill_Profit_Stop Kill_Loss_Stop Show_Current_PNL Show_Stats_Box Image_Opacity Corner_Image Background_Image Bot_Name ),1620,8630,-7010,1.23109843081312,-2750,18,0.444444444444444,
,1.23095823095823,True/2/0/3/0/3/155/300/False/False/1001/801/500/1/180/True/1.5/True/False/True/False/False/800/400/False/False/0.3/panthionIcon4.png/Oden2.png/PantheonMasterBotV01TesterV2 (Use_Time_Filter Start_Time_(HH) Start_Time_(mm) Duration_Time_(HH) Duration_Time_(mm) averageFast averageSlow averageTrend UseTrend UseTrendReverse ProfitStop LossStop MaxTrades Contracts MaxStop Use_MaxStop MaxTPRatio Use_MaxTP Long Short Reverse Use_Kill Kill_Profit_Stop Kill_Loss_Stop Show_Current_PNL Show_Stats_Box Image_Opacity Corner_Image Background_Image Bot_Name ),1880,10020,-8140,1.23095823095823,-3670,20,0.5,
,1.23070469798658,True/2/0/3/0/10/185/300/False/False/1001/801/500/1/180/True/1.7/True/True/False/False/False/800/400/False/False/0.3/panthionIcon4.png/Oden2.png/PantheonMasterBotV01TesterV2 (Use_Time_Filter Start_Time_(HH) Start_Time_(mm) Duration_Time_(HH) Duration_Time_(mm) averageFast averageSlow averageTrend UseTrend UseTrendReverse ProfitStop LossStop MaxTrades Contracts MaxStop Use_MaxStop MaxTPRatio Use_MaxTP Long Short Reverse Use_Kill Kill_Profit_Stop Kill_Loss_Stop Show_Current_PNL Show_Stats_Box Image_Opacity Corner_Image Background_Image Bot_Name ),1375,7335,-5960,1.23070469798658,-2700,15,0.466666666666667,
,1.23060029282577,True/2/0/3/0/6/185/300/False/False/1001/801/500/1/160/True/1.5/True/False/True/False/False/800/400/False/False/0.3/panthionIcon4.png/Oden2.png/PantheonMasterBotV01TesterV2 (Use_Time_Filter Start_Time_(HH) Start_Time_(mm) Duration_Time_(HH) Duration_Time_(mm) averageFast averageSlow averageTrend UseTrend UseTrendReverse ProfitStop LossStop MaxTrades Contracts MaxStop Use_MaxStop MaxTPRatio Use_MaxTP Long Short Reverse Use_Kill Kill_Profit_Stop Kill_Loss_Stop Show_Current_PNL Show_Stats_Box Image_Opacity Corner_Image Background_Image Bot_Name ),1575,8405,-6830,1.23060029282577,-3230,21,0.380952380952381,
,1.23052714398112,True/2/0/3/0/4/175/300/False/False/1001/801/500/1/180/True/1.4/True/False/True/False/False/800/400/False/False/0.3/panthionIcon4.png/Oden2.png/PantheonMasterBotV01TesterV2 (Use_Time_Filter Start_Time_(HH) Start_Time_(mm) Duration_Time_(HH) Duration_Time_(mm) averageFast averageSlow averageTrend UseTrend UseTrendReverse ProfitStop LossStop MaxTrades Contracts MaxStop Use_MaxStop MaxTPRatio Use_MaxTP Long Short Reverse Use_Kill Kill_Profit_Stop Kill_Loss_Stop Show_Current_PNL Show_Stats_Box Image_Opacity Corner_Image Background_Image Bot_Name ),1465,7820,-6355,1.23052714398112,-2700,20,0.55,
,1.22995361166335,True/2/0/3/0/6/175/300/False/False/1001/801/500/1/180/True/1.7/True/False/True/False/False/800/400/False/False/0.3/panthionIcon4.png/Oden2.png/PantheonMasterBotV01TesterV2 (Use_Time_Filter Start_Time_(HH) Start_Time_(mm) Duration_Time_(HH) Duration_Time_(mm) averageFast averageSlow averageTrend UseTrend UseTrendReverse ProfitStop LossStop MaxTrades Contracts MaxStop Use_MaxStop MaxTPRatio Use_MaxTP Long Short Reverse Use_Kill Kill_Profit_Stop Kill_Loss_Stop Show_Current_PNL Show_Stats_Box Image_Opacity Corner_Image Background_Image Bot_Name ),1735,9280,-7545,1.22995361166335,-2895,20,0.35,
,1.22984174830445,True/2/0/3/0/8/165/300/False/False/1001/801/500/1/140/True/1.6/True/False/True/False/False/800/400/False/False/0.3/panthionIcon4.png/Oden2.png/PantheonMasterBotV01TesterV2 (Use_Time_Filter Start_Time_(HH) Start_Time_(mm) Duration_Time_(HH) Duration_Time_(mm) averageFast averageSlow averageTrend UseTrend UseTrendReverse ProfitStop LossStop MaxTrades Contracts MaxStop Use_MaxStop MaxTPRatio Use_MaxTP Long Short Reverse Use_Kill Kill_Profit_Stop Kill_Loss_Stop Show_Current_PNL Show_Stats_Box Image_Opacity Corner_Image Background_Image Bot_Name ),1525,8160,-6635,1.22984174830445,-3275,21,0.428571428571429,
,1.22982283464567,True/2/0/3/0/10/185/300/False/False/1001/801/500/1/140/True/1.1/True/True/True/False/False/800/400/False/False/0.3/panthionIcon4.png/Oden2.png/PantheonMasterBotV01TesterV2 (Use_Time_Filter Start_Time_(HH) Start_Time_(mm) Duration_Time_(HH) Duration_Time_(mm) averageFast averageSlow averageTrend UseTrend UseTrendReverse ProfitStop LossStop MaxTrades Contracts MaxStop Use_MaxStop MaxTPRatio Use_MaxTP Long Short Reverse Use_Kill Kill_Profit_Stop Kill_Loss_Stop Show_Current_PNL Show_Stats_Box Image_Opacity Corner_Image Background_Image Bot_Name ),2335,12495,-10160,1.22982283464567,-3230,48,0.395833333333333,
,1.22945032778618,True/2/0/3/0/9/195/300/False/False/1001/801/500/1/160/True/1.7/True/True/True/False/False/800/400/False/False/0.3/panthionIcon4.png/Oden2.png/PantheonMasterBotV01TesterV2 (Use_Time_Filter Start_Time_(HH) Start_Time_(mm) Duration_Time_(HH) Duration_Time_(mm) averageFast averageSlow averageTrend UseTrend UseTrendReverse ProfitStop LossStop MaxTrades Contracts MaxStop Use_MaxStop MaxTPRatio Use_MaxTP Long Short Reverse Use_Kill Kill_Profit_Stop Kill_Loss_Stop Show_Current_PNL Show_Stats_Box Image_Opacity Corner_Image Background_Image Bot_Name ),2275,12190,-9915,1.22945032778618,-2835,47,0.276595744680851,
,1.2294096854012,True/2/0/3/0/3/155/300/False/False/1001/801/500/1/140/True/1.4/True/True/True/False/False/800/400/False/False/0.3/panthionIcon4.png/Oden2.png/PantheonMasterBotV01TesterV2 (Use_Time_Filter Start_Time_(HH) Start_Time_(mm) Duration_Time_(HH) Duration_Time_(mm) averageFast averageSlow averageTrend UseTrend UseTrendReverse ProfitStop LossStop MaxTrades Contracts MaxStop Use_MaxStop MaxTPRatio Use_MaxTP Long Short Reverse Use_Kill Kill_Profit_Stop Kill_Loss_Stop Show_Current_PNL Show_Stats_Box Image_Opacity Corner_Image Background_Image Bot_Name ),3245,17390,-14145,1.2294096854012,-2825,97,0.257731958762887,
,1.22936616507068,True/2/0/3/0/2/185/300/False/False/1001/801/500/1/160/True/1.7/True/True/True/False/False/800/400/False/False/0.3/panthionIcon4.png/Oden2.png/PantheonMasterBotV01TesterV2 (Use_Time_Filter Start_Time_(HH) Start_Time_(mm) Duration_Time_(HH) Duration_Time_(mm) averageFast averageSlow averageTrend UseTrend UseTrendReverse ProfitStop LossStop MaxTrades Contracts MaxStop Use_MaxStop MaxTPRatio Use_MaxTP Long Short Reverse Use_Kill Kill_Profit_Stop Kill_Loss_Stop Show_Current_PNL Show_Stats_Box Image_Opacity Corner_Image Background_Image Bot_Name ),2515,13480,-10965,1.22936616507068,-2920,91,0.208791208791209,
,1.22931620702682,True/2/0/3/0/2/165/300/False/False/1001/801/500/1/160/True/1.4/True/True/True/False/False/800/400/False/False/0.3/panthionIcon4.png/Oden2.png/PantheonMasterBotV01TesterV2 (Use_Time_Filter Start_Time_(HH) Start_Time_(mm) Duration_Time_(HH) Duration_Time_(mm) averageFast averageSlow averageTrend UseTrend UseTrendReverse ProfitStop LossStop MaxTrades Contracts MaxStop Use_MaxStop MaxTPRatio Use_MaxTP Long Short Reverse Use_Kill Kill_Profit_Stop Kill_Loss_Stop Show_Current_PNL Show_Stats_Box Image_Opacity Corner_Image Background_Image Bot_Name ),3035,16270,-13235,1.22931620702682,-4235,117,0.247863247863248,
,1.22922848664688,True/2/0/3/0/8/175/300/False/False/1001/801/500/1/160/True/1.4/True/True/False/False/False/800/400/False/False/0.3/panthionIcon4.png/Oden2.png/PantheonMasterBotV01TesterV2 (Use_Time_Filter Start_Time_(HH) Start_Time_(mm) Duration_Time_(HH) Duration_Time_(mm) averageFast averageSlow averageTrend UseTrend UseTrendReverse ProfitStop LossStop MaxTrades Contracts MaxStop Use_MaxStop MaxTPRatio Use_MaxTP Long Short Reverse Use_Kill Kill_Profit_Stop Kill_Loss_Stop Show_Current_PNL Show_Stats_Box Image_Opacity Corner_Image Background_Image Bot_Name ),1545,8285,-6740,1.22922848664688,-2670,21,0.476190476190476,
,1.229180116204,True/2/0/3/0/2/165/300/False/False/1001/801/500/1/180/True/1.7/True/False/True/False/False/800/400/False/False/0.3/panthionIcon4.png/Oden2.png/PantheonMasterBotV01TesterV2 (Use_Time_Filter Start_Time_(HH) Start_Time_(mm) Duration_Time_(HH) Duration_Time_(mm) averageFast averageSlow averageTrend UseTrend UseTrendReverse ProfitStop LossStop MaxTrades Contracts MaxStop Use_MaxStop MaxTPRatio Use_MaxTP Long Short Reverse Use_Kill Kill_Profit_Stop Kill_Loss_Stop Show_Current_PNL Show_Stats_Box Image_Opacity Corner_Image Background_Image Bot_Name ),1775,9520,-7745,1.229180116204,-2890,21,0.523809523809524,
,1.22893954410307,True/2/0/3/0/8/175/300/False/False/1001/801/500/1/160/True/1.1/True/True/True/False/False/800/400/False/False/0.3/panthionIcon4.png/Oden2.png/PantheonMasterBotV01TesterV2 (Use_Time_Filter Start_Time_(HH) Start_Time_(mm) Duration_Time_(HH) Duration_Time_(mm) averageFast averageSlow averageTrend UseTrend UseTrendReverse ProfitStop LossStop MaxTrades Contracts MaxStop Use_MaxStop MaxTPRatio Use_MaxTP Long Short Reverse Use_Kill Kill_Profit_Stop Kill_Loss_Stop Show_Current_PNL Show_Stats_Box Image_Opacity Corner_Image Background_Image Bot_Name ),2310,12400,-10090,1.22893954410307,-2785,51,0.333333333333333,
,1.22882999353588,True/2/0/3/0/3/155/300/False/False/1001/801/500/1/180/True/1.1/True/True/False/False/False/800/400/False/False/0.3/panthionIcon4.png/Oden2.png/PantheonMasterBotV01TesterV2 (Use_Time_Filter Start_Time_(HH) Start_Time_(mm) Duration_Time_(HH) Duration_Time_(mm) averageFast averageSlow averageTrend UseTrend UseTrendReverse ProfitStop LossStop MaxTrades Contracts MaxStop Use_MaxStop MaxTPRatio Use_MaxTP Long Short Reverse Use_Kill Kill_Profit_Stop Kill_Loss_Stop Show_Current_PNL Show_Stats_Box Image_Opacity Corner_Image Background_Image Bot_Name ),1770,9505,-7735,1.22882999353588,-1800,22,0.590909090909091,
,1.2287795992714,True/2/0/3/0/3/155/300/False/False/1001/801/500/1/160/True/1.4/True/True/True/False/False/800/400/False/False/0.3/panthionIcon4.png/Oden2.png/PantheonMasterBotV01TesterV2 (Use_Time_Filter Start_Time_(HH) Start_Time_(mm) Duration_Time_(HH) Duration_Time_(mm) averageFast averageSlow averageTrend UseTrend UseTrendReverse ProfitStop LossStop MaxTrades Contracts MaxStop Use_MaxStop MaxTPRatio Use_MaxTP Long Short Reverse Use_Kill Kill_Profit_Stop Kill_Loss_Stop Show_Current_PNL Show_Stats_Box Image_Opacity Corner_Image Background_Image Bot_Name ),3140,16865,-13725,1.2287795992714,-3650,92,0.260869565217391,
,1.22866092404072,True/2/0/3/0/6/185/300/False/False/1001/801/500/1/140/True/1.4/True/False/True/False/False/800/400/False/False/0.3/panthionIcon4.png/Oden2.png/PantheonMasterBotV01TesterV2 (Use_Time_Filter Start_Time_(HH) Start_Time_(mm) Duration_Time_(HH) Duration_Time_(mm) averageFast averageSlow averageTrend UseTrend UseTrendReverse ProfitStop LossStop MaxTrades Contracts MaxStop Use_MaxStop MaxTPRatio Use_MaxTP Long Short Reverse Use_Kill Kill_Profit_Stop Kill_Loss_Stop Show_Current_PNL Show_Stats_Box Image_Opacity Corner_Image Background_Image Bot_Name ),1460,7845,-6385,1.22866092404072,-2465,22,0.409090909090909,
,1.22839248434238,True/2/0/3/0/2/195/300/False/False/1001/801/500/1/140/True/1.7/True/True/True/False/False/800/400/False/False/0.3/panthionIcon4.png/Oden2.png/PantheonMasterBotV01TesterV2 (Use_Time_Filter Start_Time_(HH) Start_Time_(mm) Duration_Time_(HH) Duration_Time_(mm) averageFast averageSlow averageTrend UseTrend UseTrendReverse ProfitStop LossStop MaxTrades Contracts MaxStop Use_MaxStop MaxTPRatio Use_MaxTP Long Short Reverse Use_Kill Kill_Profit_Stop Kill_Loss_Stop Show_Current_PNL Show_Stats_Box Image_Opacity Corner_Image Background_Image Bot_Name ),2735,14710,-11975,1.22839248434238,-3070,103,0.213592233009709,
,1.22827555155335,True/2/0/3/0/2/185/300/False/False/1001/801/500/1/140/True/1.6/True/True/True/False/False/800/400/False/False/0.3/panthionIcon4.png/Oden2.png/PantheonMasterBotV01TesterV2 (Use_Time_Filter Start_Time_(HH) Start_Time_(mm) Duration_Time_(HH) Duration_Time_(mm) averageFast averageSlow averageTrend UseTrend UseTrendReverse ProfitStop LossStop MaxTrades Contracts MaxStop Use_MaxStop MaxTPRatio Use_MaxTP Long Short Reverse Use_Kill Kill_Profit_Stop Kill_Loss_Stop Show_Current_PNL Show_Stats_Box Image_Opacity Corner_Image Background_Image Bot_Name ),2535,13640,-11105,1.22827555155335,-3160,91,0.208791208791209,
,1.22765363128492,True/2/0/3/0/2/155/300/False/False/1001/801/500/1/140/True/1.3/True/True/True/False/False/800/400/False/False/0.3/panthionIcon4.png/Oden2.png/PantheonMasterBotV01TesterV2 (Use_Time_Filter Start_Time_(HH) Start_Time_(mm) Duration_Time_(HH) Duration_Time_(mm) averageFast averageSlow averageTrend UseTrend UseTrendReverse ProfitStop LossStop MaxTrades Contracts MaxStop Use_MaxStop MaxTPRatio Use_MaxTP Long Short Reverse Use_Kill Kill_Profit_Stop Kill_Loss_Stop Show_Current_PNL Show_Stats_Box Image_Opacity Corner_Image Background_Image Bot_Name ),3260,17580,-14320,1.22765363128492,-2245,114,0.210526315789474,
,1.22758620689655,True/2/0/3/0/3/165/300/False/False/1001/801/500/1/140/True/1.7/True/False/True/False/False/800/400/False/False/0.3/panthionIcon4.png/Oden2.png/PantheonMasterBotV01TesterV2 (Use_Time_Filter Start_Time_(HH) Start_Time_(mm) Duration_Time_(HH) Duration_Time_(mm) averageFast averageSlow averageTrend UseTrend UseTrendReverse ProfitStop LossStop MaxTrades Contracts MaxStop Use_MaxStop MaxTPRatio Use_MaxTP Long Short Reverse Use_Kill Kill_Profit_Stop Kill_Loss_Stop Show_Current_PNL Show_Stats_Box Image_Opacity Corner_Image Background_Image Bot_Name ),1650,8900,-7250,1.22758620689655,-3260,23,0.434782608695652,
,1.2274459974587,True/2/0/3/0/9/155/300/False/False/1001/801/500/1/140/True/1.4/True/True/False/False/False/800/400/False/False/0.3/panthionIcon4.png/Oden2.png/PantheonMasterBotV01TesterV2 (Use_Time_Filter Start_Time_(HH) Start_Time_(mm) Duration_Time_(HH) Duration_Time_(mm) averageFast averageSlow averageTrend UseTrend UseTrendReverse ProfitStop LossStop MaxTrades Contracts MaxStop Use_MaxStop MaxTPRatio Use_MaxTP Long Short Reverse Use_Kill Kill_Profit_Stop Kill_Loss_Stop Show_Current_PNL Show_Stats_Box Image_Opacity Corner_Image Background_Image Bot_Name ),1790,9660,-7870,1.2274459974587,-1895,25,0.48,
,1.22670375521558,True/2/0/3/0/8/155/300/False/False/1001/801/500/1/140/True/1.4/True/False/True/False/False/800/400/False/False/0.3/panthionIcon4.png/Oden2.png/PantheonMasterBotV01TesterV2 (Use_Time_Filter Start_Time_(HH) Start_Time_(mm) Duration_Time_(HH) Duration_Time_(mm) averageFast averageSlow averageTrend UseTrend UseTrendReverse ProfitStop LossStop MaxTrades Contracts MaxStop Use_MaxStop MaxTPRatio Use_MaxTP Long Short Reverse Use_Kill Kill_Profit_Stop Kill_Loss_Stop Show_Current_PNL Show_Stats_Box Image_Opacity Corner_Image Background_Image Bot_Name ),1630,8820,-7190,1.22670375521558,-2830,22,0.409090909090909,
,1.22669491525424,True/2/0/3/0/3/185/300/False/False/1001/801/500/1/180/True/1.6/True/False/True/False/False/800/400/False/False/0.3/panthionIcon4.png/Oden2.png/PantheonMasterBotV01TesterV2 (Use_Time_Filter Start_Time_(HH) Start_Time_(mm) Duration_Time_(HH) Duration_Time_(mm) averageFast averageSlow averageTrend UseTrend UseTrendReverse ProfitStop LossStop MaxTrades Contracts MaxStop Use_MaxStop MaxTPRatio Use_MaxTP Long Short Reverse Use_Kill Kill_Profit_Stop Kill_Loss_Stop Show_Current_PNL Show_Stats_Box Image_Opacity Corner_Image Background_Image Bot_Name ),1605,8685,-7080,1.22669491525424,-2825,20,0.4,
,1.22648902821317,True/2/0/3/0/7/185/300/False/False/1001/801/500/1/180/True/1.2/True/True/False/False/False/800/400/False/False/0.3/panthionIcon4.png/Oden2.png/PantheonMasterBotV01TesterV2 (Use_Time_Filter Start_Time_(HH) Start_Time_(mm) Duration_Time_(HH) Duration_Time_(mm) averageFast averageSlow averageTrend UseTrend UseTrendReverse ProfitStop LossStop MaxTrades Contracts MaxStop Use_MaxStop MaxTPRatio Use_MaxTP Long Short Reverse Use_Kill Kill_Profit_Stop Kill_Loss_Stop Show_Current_PNL Show_Stats_Box Image_Opacity Corner_Image Background_Image Bot_Name ),1445,7825,-6380,1.22648902821317,-4125,18,0.5,
,1.2264,True/2/0/3/0/9/175/300/False/False/1001/801/500/1/160/True/1.3/True/True/False/False/False/800/400/False/False/0.3/panthionIcon4.png/Oden2.png/PantheonMasterBotV01TesterV2 (Use_Time_Filter Start_Time_(HH) Start_Time_(mm) Duration_Time_(HH) Duration_Time_(mm) averageFast averageSlow averageTrend UseTrend UseTrendReverse ProfitStop LossStop MaxTrades Contracts MaxStop Use_MaxStop MaxTPRatio Use_MaxTP Long Short Reverse Use_Kill Kill_Profit_Stop Kill_Loss_Stop Show_Current_PNL Show_Stats_Box Image_Opacity Corner_Image Background_Image Bot_Name ),1415,7665,-6250,1.2264,-2985,19,0.473684210526316,
,1.22617987533393,True/2/0/3/0/5/175/300/False/False/1001/801/500/1/160/True/1.5/True/True/True/False/False/800/400/False/False/0.3/panthionIcon4.png/Oden2.png/PantheonMasterBotV01TesterV2 (Use_Time_Filter Start_Time_(HH) Start_Time_(mm) Duration_Time_(HH) Duration_Time_(mm) averageFast averageSlow averageTrend UseTrend UseTrendReverse ProfitStop LossStop MaxTrades Contracts MaxStop Use_MaxStop MaxTPRatio Use_MaxTP Long Short Reverse Use_Kill Kill_Profit_Stop Kill_Loss_Stop Show_Current_PNL Show_Stats_Box Image_Opacity Corner_Image Background_Image Bot_Name ),2540,13770,-11230,1.22617987533393,-3725,63,0.285714285714286,
,1.22604422604423,True/2/0/3/0/3/155/300/False/False/1001/801/500/1/180/True/1.7/True/False/True/False/False/800/400/False/False/0.3/panthionIcon4.png/Oden2.png/PantheonMasterBotV01TesterV2 (Use_Time_Filter Start_Time_(HH) Start_Time_(mm) Duration_Time_(HH) Duration_Time_(mm) averageFast averageSlow averageTrend UseTrend UseTrendReverse ProfitStop LossStop MaxTrades Contracts MaxStop Use_MaxStop MaxTPRatio Use_MaxTP Long Short Reverse Use_Kill Kill_Profit_Stop Kill_Loss_Stop Show_Current_PNL Show_Stats_Box Image_Opacity Corner_Image Background_Image Bot_Name ),1840,9980,-8140,1.22604422604423,-3130,20,0.5,
,1.22584856396867,True/2/0/3/0/9/165/300/False/False/1001/801/500/1/160/True/1.6/True/True/False/False/False/800/400/False/False/0.3/panthionIcon4.png/Oden2.png/PantheonMasterBotV01TesterV2 (Use_Time_Filter Start_Time_(HH) Start_Time_(mm) Duration_Time_(HH) Duration_Time_(mm) averageFast averageSlow averageTrend UseTrend UseTrendReverse ProfitStop LossStop MaxTrades Contracts MaxStop Use_MaxStop MaxTPRatio Use_MaxTP Long Short Reverse Use_Kill Kill_Profit_Stop Kill_Loss_Stop Show_Current_PNL Show_Stats_Box Image_Opacity Corner_Image Background_Image Bot_Name ),1730,9390,-7660,1.22584856396867,-3400,20,0.45,
,1.22571628232006,True/2/0/3/0/6/155/300/False/False/1001/801/500/1/180/True/1.3/True/True/False/False/False/800/400/False/False/0.3/panthionIcon4.png/Oden2.png/PantheonMasterBotV01TesterV2 (Use_Time_Filter Start_Time_(HH) Start_Time_(mm) Duration_Time_(HH) Duration_Time_(mm) averageFast averageSlow averageTrend UseTrend UseTrendReverse ProfitStop LossStop MaxTrades Contracts MaxStop Use_MaxStop MaxTPRatio Use_MaxTP Long Short Reverse Use_Kill Kill_Profit_Stop Kill_Loss_Stop Show_Current_PNL Show_Stats_Box Image_Opacity Corner_Image Background_Image Bot_Name ),1615,8770,-7155,1.22571628232006,-2330,19,0.473684210526316,
,1.22561983471074,True/2/0/3/0/9/175/300/False/False/1001/801/500/1/180/True/1.7/True/True/False/False/False/800/400/False/False/0.3/panthionIcon4.png/Oden2.png/PantheonMasterBotV01TesterV2 (Use_Time_Filter Start_Time_(HH) Start_Time_(mm) Duration_Time_(HH) Duration_Time_(mm) averageFast averageSlow averageTrend UseTrend UseTrendReverse ProfitStop LossStop MaxTrades Contracts MaxStop Use_MaxStop MaxTPRatio Use_MaxTP Long Short Reverse Use_Kill Kill_Profit_Stop Kill_Loss_Stop Show_Current_PNL Show_Stats_Box Image_Opacity Corner_Image Background_Image Bot_Name ),1365,7415,-6050,1.22561983471074,-2910,17,0.470588235294118,
,1.22557038312527,True/2/0/3/0/2/195/300/False/False/1001/801/500/1/180/True/1.4/True/True/True/False/False/800/400/False/False/0.3/panthionIcon4.png/Oden2.png/PantheonMasterBotV01TesterV2 (Use_Time_Filter Start_Time_(HH) Start_Time_(mm) Duration_Time_(HH) Duration_Time_(mm) averageFast averageSlow averageTrend UseTrend UseTrendReverse ProfitStop LossStop MaxTrades Contracts MaxStop Use_MaxStop MaxTPRatio Use_MaxTP Long Short Reverse Use_Kill Kill_Profit_Stop Kill_Loss_Stop Show_Current_PNL Show_Stats_Box Image_Opacity Corner_Image Background_Image Bot_Name ),2620,14235,-11615,1.22557038312527,-3005,101,0.207920792079208,
,1.22520886305848,True/2/0/3/0/3/155/300/False/False/1001/801/500/1/140/True/1.6/True/True/True/False/False/800/400/False/False/0.3/panthionIcon4.png/Oden2.png/PantheonMasterBotV01TesterV2 (Use_Time_Filter Start_Time_(HH) Start_Time_(mm) Duration_Time_(HH) Duration_Time_(mm) averageFast averageSlow averageTrend UseTrend UseTrendReverse ProfitStop LossStop MaxTrades Contracts MaxStop Use_MaxStop MaxTPRatio Use_MaxTP Long Short Reverse Use_Kill Kill_Profit_Stop Kill_Loss_Stop Show_Current_PNL Show_Stats_Box Image_Opacity Corner_Image Background_Image Bot_Name ),3100,16865,-13765,1.22520886305848,-3650,92,0.260869565217391,
,1.22483069977427,True/2/0/3/0/2/185/300/False/False/1001/801/500/1/140/True/1.2/True/True/True/False/False/800/400/False/False/0.3/panthionIcon4.png/Oden2.png/PantheonMasterBotV01TesterV2 (Use_Time_Filter Start_Time_(HH) Start_Time_(mm) Duration_Time_(HH) Duration_Time_(mm) averageFast averageSlow averageTrend UseTrend UseTrendReverse ProfitStop LossStop MaxTrades Contracts MaxStop Use_MaxStop MaxTPRatio Use_MaxTP Long Short Reverse Use_Kill Kill_Profit_Stop Kill_Loss_Stop Show_Current_PNL Show_Stats_Box Image_Opacity Corner_Image Background_Image Bot_Name ),2490,13565,-11075,1.22483069977427,-2335,91,0.230769230769231,
,1.22477744807122,True/2/0/3/0/8/175/300/False/False/1001/801/500/1/160/True/1.7/True/True/False/False/False/800/400/False/False/0.3/panthionIcon4.png/Oden2.png/PantheonMasterBotV01TesterV2 (Use_Time_Filter Start_Time_(HH) Start_Time_(mm) Duration_Time_(HH) Duration_Time_(mm) averageFast averageSlow averageTrend UseTrend UseTrendReverse ProfitStop LossStop MaxTrades Contracts MaxStop Use_MaxStop MaxTPRatio Use_MaxTP Long Short Reverse Use_Kill Kill_Profit_Stop Kill_Loss_Stop Show_Current_PNL Show_Stats_Box Image_Opacity Corner_Image Background_Image Bot_Name ),1515,8255,-6740,1.22477744807122,-2530,21,0.476190476190476,
,1.22443784471786,True/2/0/3/0/4/165/300/False/False/1001/801/500/1/160/True/1.2/True/True/True/False/False/800/400/False/False/0.3/panthionIcon4.png/Oden2.png/PantheonMasterBotV01TesterV2 (Use_Time_Filter Start_Time_(HH) Start_Time_(mm) Duration_Time_(HH) Duration_Time_(mm) averageFast averageSlow averageTrend UseTrend UseTrendReverse ProfitStop LossStop MaxTrades Contracts MaxStop Use_MaxStop MaxTPRatio Use_MaxTP Long Short Reverse Use_Kill Kill_Profit_Stop Kill_Loss_Stop Show_Current_PNL Show_Stats_Box Image_Opacity Corner_Image Background_Image Bot_Name ),2645,14430,-11785,1.22443784471786,-2985,70,0.242857142857143,
,1.22442244224422,True/2/0/3/0/10/185/300/False/False/1001/801/500/1/140/True/1.4/True/True/True/False/False/800/400/False/False/0.3/panthionIcon4.png/Oden2.png/PantheonMasterBotV01TesterV2 (Use_Time_Filter Start_Time_(HH) Start_Time_(mm) Duration_Time_(HH) Duration_Time_(mm) averageFast averageSlow averageTrend UseTrend UseTrendReverse ProfitStop LossStop MaxTrades Contracts MaxStop Use_MaxStop MaxTPRatio Use_MaxTP Long Short Reverse Use_Kill Kill_Profit_Stop Kill_Loss_Stop Show_Current_PNL Show_Stats_Box Image_Opacity Corner_Image Background_Image Bot_Name ),2380,12985,-10605,1.22442244224422,-3060,48,0.354166666666667,
,1.22435897435897,True/2/0/3/0/2/155/300/False/False/1001/801/500/1/180/True/1.6/True/False/True/False/False/800/400/False/False/0.3/panthionIcon4.png/Oden2.png/PantheonMasterBotV01TesterV2 (Use_Time_Filter Start_Time_(HH) Start_Time_(mm) Duration_Time_(HH) Duration_Time_(mm) averageFast averageSlow averageTrend UseTrend UseTrendReverse ProfitStop LossStop MaxTrades Contracts MaxStop Use_MaxStop MaxTPRatio Use_MaxTP Long Short Reverse Use_Kill Kill_Profit_Stop Kill_Loss_Stop Show_Current_PNL Show_Stats_Box Image_Opacity Corner_Image Background_Image Bot_Name ),1750,9550,-7800,1.22435897435897,-3040,22,0.545454545454545,
,1.22409152086137,True/2/0/3/0/3/165/300/False/False/1001/801/500/1/180/True/1.2/True/False/True/False/False/800/400/False/False/0.3/panthionIcon4.png/Oden2.png/PantheonMasterBotV01TesterV2 (Use_Time_Filter Start_Time_(HH) Start_Time_(mm) Duration_Time_(HH) Duration_Time_(mm) averageFast averageSlow averageTrend UseTrend UseTrendReverse ProfitStop LossStop MaxTrades Contracts MaxStop Use_MaxStop MaxTPRatio Use_MaxTP Long Short Reverse Use_Kill Kill_Profit_Stop Kill_Loss_Stop Show_Current_PNL Show_Stats_Box Image_Opacity Corner_Image Background_Image Bot_Name ),1665,9095,-7430,1.22409152086137,-2810,20,0.5,
,1.22396694214876,True/2/0/3/0/9/175/300/False/False/1001/801/500/1/180/True/1.3/True/True/False/False/False/800/400/False/False/0.3/panthionIcon4.png/Oden2.png/PantheonMasterBotV01TesterV2 (Use_Time_Filter Start_Time_(HH) Start_Time_(mm) Duration_Time_(HH) Duration_Time_(mm) averageFast averageSlow averageTrend UseTrend UseTrendReverse ProfitStop LossStop MaxTrades Contracts MaxStop Use_MaxStop MaxTPRatio Use_MaxTP Long Short Reverse Use_Kill Kill_Profit_Stop Kill_Loss_Stop Show_Current_PNL Show_Stats_Box Image_Opacity Corner_Image Background_Image Bot_Name ),1355,7405,-6050,1.22396694214876,-3155,17,0.470588235294118,
,1.22376738305942,True/2/0/3/0/4/165/300/False/False/1001/801/500/1/180/True/1.7/True/False/True/False/False/800/400/False/False/0.3/panthionIcon4.png/Oden2.png/PantheonMasterBotV01TesterV2 (Use_Time_Filter Start_Time_(HH) Start_Time_(mm) Duration_Time_(HH) Duration_Time_(mm) averageFast averageSlow averageTrend UseTrend UseTrendReverse ProfitStop LossStop MaxTrades Contracts MaxStop Use_MaxStop MaxTPRatio Use_MaxTP Long Short Reverse Use_Kill Kill_Profit_Stop Kill_Loss_Stop Show_Current_PNL Show_Stats_Box Image_Opacity Corner_Image Background_Image Bot_Name ),1770,9680,-7910,1.22376738305942,-2770,21,0.476190476190476,
,1.22354497354497,True/2/0/3/0/2/195/300/False/False/1001/801/500/1/180/True/1.7/True/True/True/False/False/800/400/False/False/0.3/panthionIcon4.png/Oden2.png/PantheonMasterBotV01TesterV2 (Use_Time_Filter Start_Time_(HH) Start_Time_(mm) Duration_Time_(HH) Duration_Time_(mm) averageFast averageSlow averageTrend UseTrend UseTrendReverse ProfitStop LossStop MaxTrades Contracts MaxStop Use_MaxStop MaxTPRatio Use_MaxTP Long Short Reverse Use_Kill Kill_Profit_Stop Kill_Loss_Stop Show_Current_PNL Show_Stats_Box Image_Opacity Corner_Image Background_Image Bot_Name ),2535,13875,-11340,1.22354497354497,-2945,100,0.21,
,1.22324159021407,True/2/0/3/0/10/185/300/False/False/1001/801/500/1/180/True/1.7/True/True/True/False/False/800/400/False/False/0.3/panthionIcon4.png/Oden2.png/PantheonMasterBotV01TesterV2 (Use_Time_Filter Start_Time_(HH) Start_Time_(mm) Duration_Time_(HH) Duration_Time_(mm) averageFast averageSlow averageTrend UseTrend UseTrendReverse ProfitStop LossStop MaxTrades Contracts MaxStop Use_MaxStop MaxTPRatio Use_MaxTP Long Short Reverse Use_Kill Kill_Profit_Stop Kill_Loss_Stop Show_Current_PNL Show_Stats_Box Image_Opacity Corner_Image Background_Image Bot_Name ),2190,12000,-9810,1.22324159021407,-3060,45,0.311111111111111,
,1.22293538724861,True/2/0/3/0/2/155/300/False/False/1001/801/500/1/180/True/1.6/True/True/True/False/False/800/400/False/False/0.3/panthionIcon4.png/Oden2.png/PantheonMasterBotV01TesterV2 (Use_Time_Filter Start_Time_(HH) Start_Time_(mm) Duration_Time_(HH) Duration_Time_(mm) averageFast averageSlow averageTrend UseTrend UseTrendReverse ProfitStop LossStop MaxTrades Contracts MaxStop Use_MaxStop MaxTPRatio Use_MaxTP Long Short Reverse Use_Kill Kill_Profit_Stop Kill_Loss_Stop Show_Current_PNL Show_Stats_Box Image_Opacity Corner_Image Background_Image Bot_Name ),2605,14290,-11685,1.22293538724861,-3495,100,0.2,
,1.22269104547586,True/2/0/3/0/2/175/300/False/False/1001/801/500/1/140/True/1.4/True/True/True/False/False/800/400/False/False/0.3/panthionIcon4.png/Oden2.png/PantheonMasterBotV01TesterV2 (Use_Time_Filter Start_Time_(HH) Start_Time_(mm) Duration_Time_(HH) Duration_Time_(mm) averageFast averageSlow averageTrend UseTrend UseTrendReverse ProfitStop LossStop MaxTrades Contracts MaxStop Use_MaxStop MaxTPRatio Use_MaxTP Long Short Reverse Use_Kill Kill_Profit_Stop Kill_Loss_Stop Show_Current_PNL Show_Stats_Box Image_Opacity Corner_Image Background_Image Bot_Name ),2375,13040,-10665,1.22269104547586,-2660,95,0.231578947368421,
,1.22256890275611,True/2/0/3/0/10/185/300/False/False/1001/801/500/1/160/True/1.3/True/True/True/False/False/800/400/False/False/0.3/panthionIcon4.png/Oden2.png/PantheonMasterBotV01TesterV2 (Use_Time_Filter Start_Time_(HH) Start_Time_(mm) Duration_Time_(HH) Duration_Time_(mm) averageFast averageSlow averageTrend UseTrend UseTrendReverse ProfitStop LossStop MaxTrades Contracts MaxStop Use_MaxStop MaxTPRatio Use_MaxTP Long Short Reverse Use_Kill Kill_Profit_Stop Kill_Loss_Stop Show_Current_PNL Show_Stats_Box Image_Opacity Corner_Image Background_Image Bot_Name ),2140,11755,-9615,1.22256890275611,-3060,46,0.347826086956522,
,1.22231543624161,True/2/0/3/0/10/185/300/False/False/1001/801/500/1/180/True/1.3/True/True/False/False/False/800/400/False/False/0.3/panthionIcon4.png/Oden2.png/PantheonMasterBotV01TesterV2 (Use_Time_Filter Start_Time_(HH) Start_Time_(mm) Duration_Time_(HH) Duration_Time_(mm) averageFast averageSlow averageTrend UseTrend UseTrendReverse ProfitStop LossStop MaxTrades Contracts MaxStop Use_MaxStop MaxTPRatio Use_MaxTP Long Short Reverse Use_Kill Kill_Profit_Stop Kill_Loss_Stop Show_Current_PNL Show_Stats_Box Image_Opacity Corner_Image Background_Image Bot_Name ),1325,7285,-5960,1.22231543624161,-2700,15,0.466666666666667,
,1.2221570926143,True/2/0/3/0/5/165/300/False/False/1001/801/500/1/160/True/1.4/True/False/True/False/False/800/400/False/False/0.3/panthionIcon4.png/Oden2.png/PantheonMasterBotV01TesterV2 (Use_Time_Filter Start_Time_(HH) Start_Time_(mm) Duration_Time_(HH) Duration_Time_(mm) averageFast averageSlow averageTrend UseTrend UseTrendReverse ProfitStop LossStop MaxTrades Contracts MaxStop Use_MaxStop MaxTPRatio Use_MaxTP Long Short Reverse Use_Kill Kill_Profit_Stop Kill_Loss_Stop Show_Current_PNL Show_Stats_Box Image_Opacity Corner_Image Background_Image Bot_Name ),1895,10425,-8530,1.2221570926143,-2775,23,0.478260869565217,
,1.22213622291022,True/2/0/3/0/7/195/300/False/False/1001/801/500/1/180/True/1.7/True/False/True/False/False/800/400/False/False/0.3/panthionIcon4.png/Oden2.png/PantheonMasterBotV01TesterV2 (Use_Time_Filter Start_Time_(HH) Start_Time_(mm) Duration_Time_(HH) Duration_Time_(mm) averageFast averageSlow averageTrend UseTrend UseTrendReverse ProfitStop LossStop MaxTrades Contracts MaxStop Use_MaxStop MaxTPRatio Use_MaxTP Long Short Reverse Use_Kill Kill_Profit_Stop Kill_Loss_Stop Show_Current_PNL Show_Stats_Box Image_Opacity Corner_Image Background_Image Bot_Name ),1435,7895,-6460,1.22213622291022,-2215,17,0.470588235294118,
,1.22173038229376,True/2/0/3/0/6/155/300/False/False/1001/801/500/1/140/True/1.2/True/True/True/False/False/800/400/False/False/0.3/panthionIcon4.png/Oden2.png/PantheonMasterBotV01TesterV2 (Use_Time_Filter Start_Time_(HH) Start_Time_(mm) Duration_Time_(HH) Duration_Time_(mm) averageFast averageSlow averageTrend UseTrend UseTrendReverse ProfitStop LossStop MaxTrades Contracts MaxStop Use_MaxStop MaxTPRatio Use_MaxTP Long Short Reverse Use_Kill Kill_Profit_Stop Kill_Loss_Stop Show_Current_PNL Show_Stats_Box Image_Opacity Corner_Image Background_Image Bot_Name ),2755,15180,-12425,1.22173038229376,-3645,63,0.333333333333333,
,1.2213608957795,True/2/0/3/0/8/185/300/False/False/1001/801/500/1/180/True/1.6/True/True/False/False/False/800/400/False/False/0.3/panthionIcon4.png/Oden2.png/PantheonMasterBotV01TesterV2 (Use_Time_Filter Start_Time_(HH) Start_Time_(mm) Duration_Time_(HH) Duration_Time_(mm) averageFast averageSlow averageTrend UseTrend UseTrendReverse ProfitStop LossStop MaxTrades Contracts MaxStop Use_MaxStop MaxTPRatio Use_MaxTP Long Short Reverse Use_Kill Kill_Profit_Stop Kill_Loss_Stop Show_Current_PNL Show_Stats_Box Image_Opacity Corner_Image Background_Image Bot_Name ),1285,7090,-5805,1.2213608957795,-2750,17,0.470588235294118,
,1.22123287671233,True/2/0/3/0/10/155/300/False/False/1001/801/500/1/140/True/1.4/True/False/True/False/False/800/400/False/False/0.3/panthionIcon4.png/Oden2.png/PantheonMasterBotV01TesterV2 (Use_Time_Filter Start_Time_(HH) Start_Time_(mm) Duration_Time_(HH) Duration_Time_(mm) averageFast averageSlow averageTrend UseTrend UseTrendReverse ProfitStop LossStop MaxTrades Contracts MaxStop Use_MaxStop MaxTPRatio Use_MaxTP Long Short Reverse Use_Kill Kill_Profit_Stop Kill_Loss_Stop Show_Current_PNL Show_Stats_Box Image_Opacity Corner_Image Background_Image Bot_Name ),1615,8915,-7300,1.22123287671233,-2325,23,0.434782608695652,
,1.22111742424242,True/2/0/3/0/3/195/300/False/False/1001/801/500/1/160/True/1.2/True/True/True/False/False/800/400/False/False/0.3/panthionIcon4.png/Oden2.png/PantheonMasterBotV01TesterV2 (Use_Time_Filter Start_Time_(HH) Start_Time_(mm) Duration_Time_(HH) Duration_Time_(mm) averageFast averageSlow averageTrend UseTrend UseTrendReverse ProfitStop LossStop MaxTrades Contracts MaxStop Use_MaxStop MaxTPRatio Use_MaxTP Long Short Reverse Use_Kill Kill_Profit_Stop Kill_Loss_Stop Show_Current_PNL Show_Stats_Box Image_Opacity Corner_Image Background_Image Bot_Name ),2335,12895,-10560,1.22111742424242,-3535,82,0.207317073170732,
,1.22111742424242,True/2/0/3/0/3/195/300/False/False/1001/801/500/1/160/True/1.3/True/True/True/False/False/800/400/False/False/0.3/panthionIcon4.png/Oden2.png/PantheonMasterBotV01TesterV2 (Use_Time_Filter Start_Time_(HH) Start_Time_(mm) Duration_Time_(HH) Duration_Time_(mm) averageFast averageSlow averageTrend UseTrend UseTrendReverse ProfitStop LossStop MaxTrades Contracts MaxStop Use_MaxStop MaxTPRatio Use_MaxTP Long Short Reverse Use_Kill Kill_Profit_Stop Kill_Loss_Stop Show_Current_PNL Show_Stats_Box Image_Opacity Corner_Image Background_Image Bot_Name ),2335,12895,-10560,1.22111742424242,-3455,82,0.195121951219512,
,1.22095238095238,True/2/0/3/0/3/185/300/False/False/1001/801/500/1/140/True/1.6/True/True/True/False/False/800/400/False/False/0.3/panthionIcon4.png/Oden2.png/PantheonMasterBotV01TesterV2 (Use_Time_Filter Start_Time_(HH) Start_Time_(mm) Duration_Time_(HH) Duration_Time_(mm) averageFast averageSlow averageTrend UseTrend UseTrendReverse ProfitStop LossStop MaxTrades Contracts MaxStop Use_MaxStop MaxTPRatio Use_MaxTP Long Short Reverse Use_Kill Kill_Profit_Stop Kill_Loss_Stop Show_Current_PNL Show_Stats_Box Image_Opacity Corner_Image Background_Image Bot_Name ),2320,12820,-10500,1.22095238095238,-3120,84,0.25,
,1.22095238095238,True/2/0/3/0/3/185/300/False/False/1001/801/500/1/160/True/1.4/True/True/True/False/False/800/400/False/False/0.3/panthionIcon4.png/Oden2.png/PantheonMasterBotV01TesterV2 (Use_Time_Filter Start_Time_(HH) Start_Time_(mm) Duration_Time_(HH) Duration_Time_(mm) averageFast averageSlow averageTrend UseTrend UseTrendReverse ProfitStop LossStop MaxTrades Contracts MaxStop Use_MaxStop MaxTPRatio Use_MaxTP Long Short Reverse Use_Kill Kill_Profit_Stop Kill_Loss_Stop Show_Current_PNL Show_Stats_Box Image_Opacity Corner_Image Background_Image Bot_Name ),2320,12820,-10500,1.22095238095238,-3120,84,0.25,
,1.22080185938408,True/2/0/3/0/5/155/300/False/False/1001/801/500/1/140/True/1.6/True/False/True/False/False/800/400/False/False/0.3/panthionIcon4.png/Oden2.png/PantheonMasterBotV01TesterV2 (Use_Time_Filter Start_Time_(HH) Start_Time_(mm) Duration_Time_(HH) Duration_Time_(mm) averageFast averageSlow averageTrend UseTrend UseTrendReverse ProfitStop LossStop MaxTrades Contracts MaxStop Use_MaxStop MaxTPRatio Use_MaxTP Long Short Reverse Use_Kill Kill_Profit_Stop Kill_Loss_Stop Show_Current_PNL Show_Stats_Box Image_Opacity Corner_Image Background_Image Bot_Name ),1900,10505,-8605,1.22080185938408,-3205,24,0.458333333333333,
,1.22068965517241,True/2/0/3/0/3/165/300/False/False/1001/801/500/1/140/True/1.5/True/False/True/False/False/800/400/False/False/0.3/panthionIcon4.png/Oden2.png/PantheonMasterBotV01TesterV2 (Use_Time_Filter Start_Time_(HH) Start_Time_(mm) Duration_Time_(HH) Duration_Time_(mm) averageFast averageSlow averageTrend UseTrend UseTrendReverse ProfitStop LossStop MaxTrades Contracts MaxStop Use_MaxStop MaxTPRatio Use_MaxTP Long Short Reverse Use_Kill Kill_Profit_Stop Kill_Loss_Stop Show_Current_PNL Show_Stats_Box Image_Opacity Corner_Image Background_Image Bot_Name ),1600,8850,-7250,1.22068965517241,-2750,23,0.434782608695652,
,1.22036926742108,True/2/0/3/0/3/155/300/False/False/1001/801/500/1/160/True/1.1/True/True/False/False/False/800/400/False/False/0.3/panthionIcon4.png/Oden2.png/PantheonMasterBotV01TesterV2 (Use_Time_Filter Start_Time_(HH) Start_Time_(mm) Duration_Time_(HH) Duration_Time_(mm) averageFast averageSlow averageTrend UseTrend UseTrendReverse ProfitStop LossStop MaxTrades Contracts MaxStop Use_MaxStop MaxTPRatio Use_MaxTP Long Short Reverse Use_Kill Kill_Profit_Stop Kill_Loss_Stop Show_Current_PNL Show_Stats_Box Image_Opacity Corner_Image Background_Image Bot_Name ),1850,10245,-8395,1.22036926742108,-2975,27,0.518518518518518,
,1.22035676810073,True/2/0/3/0/8/175/300/False/False/1001/801/500/1/140/True/1.1/True/True/True/False/False/800/400/False/False/0.3/panthionIcon4.png/Oden2.png/PantheonMasterBotV01TesterV2 (Use_Time_Filter Start_Time_(HH) Start_Time_(mm) Duration_Time_(HH) Duration_Time_(mm) averageFast averageSlow averageTrend UseTrend UseTrendReverse ProfitStop LossStop MaxTrades Contracts MaxStop Use_MaxStop MaxTPRatio Use_MaxTP Long Short Reverse Use_Kill Kill_Profit_Stop Kill_Loss_Stop Show_Current_PNL Show_Stats_Box Image_Opacity Corner_Image Background_Image Bot_Name ),2100,11630,-9530,1.22035676810073,-2895,51,0.352941176470588,
,1.2200956937799,True/2/0/3/0/3/155/300/False/False/1001/801/500/1/180/True/1.1/True/False/True/False/False/800/400/False/False/0.3/panthionIcon4.png/Oden2.png/PantheonMasterBotV01TesterV2 (Use_Time_Filter Start_Time_(HH) Start_Time_(mm) Duration_Time_(HH) Duration_Time_(mm) averageFast averageSlow averageTrend UseTrend UseTrendReverse ProfitStop LossStop MaxTrades Contracts MaxStop Use_MaxStop MaxTPRatio Use_MaxTP Long Short Reverse Use_Kill Kill_Profit_Stop Kill_Loss_Stop Show_Current_PNL Show_Stats_Box Image_Opacity Corner_Image Background_Image Bot_Name ),1840,10200,-8360,1.2200956937799,-3060,23,0.478260869565217,
,1.22006625650734,True/2/0/3/0/6/185/300/False/False/1001/801/500/1/180/True/1.1/True/True/True/False/False/800/400/False/False/0.3/panthionIcon4.png/Oden2.png/PantheonMasterBotV01TesterV2 (Use_Time_Filter Start_Time_(HH) Start_Time_(mm) Duration_Time_(HH) Duration_Time_(mm) averageFast averageSlow averageTrend UseTrend UseTrendReverse ProfitStop LossStop MaxTrades Contracts MaxStop Use_MaxStop MaxTPRatio Use_MaxTP Long Short Reverse Use_Kill Kill_Profit_Stop Kill_Loss_Stop Show_Current_PNL Show_Stats_Box Image_Opacity Corner_Image Background_Image Bot_Name ),2325,12890,-10565,1.22006625650734,-3130,56,0.267857142857143,
,1.22006220839813,True/2/0/3/0/7/185/300/False/False/1001/801/500/1/140/True/1.6/True/False/True/False/False/800/400/False/False/0.3/panthionIcon4.png/Oden2.png/PantheonMasterBotV01TesterV2 (Use_Time_Filter Start_Time_(HH) Start_Time_(mm) Duration_Time_(HH) Duration_Time_(mm) averageFast averageSlow averageTrend UseTrend UseTrendReverse ProfitStop LossStop MaxTrades Contracts MaxStop Use_MaxStop MaxTPRatio Use_MaxTP Long Short Reverse Use_Kill Kill_Profit_Stop Kill_Loss_Stop Show_Current_PNL Show_Stats_Box Image_Opacity Corner_Image Background_Image Bot_Name ),1415,7845,-6430,1.22006220839813,-2370,21,0.380952380952381,
,1.21983914209115,True/2/0/3/0/4/175/300/False/False/1001/801/500/1/160/True/1.5/True/True/True/False/False/800/400/False/False/0.3/panthionIcon4.png/Oden2.png/PantheonMasterBotV01TesterV2 (Use_Time_Filter Start_Time_(HH) Start_Time_(mm) Duration_Time_(HH) Duration_Time_(mm) averageFast averageSlow averageTrend UseTrend UseTrendReverse ProfitStop LossStop MaxTrades Contracts MaxStop Use_MaxStop MaxTPRatio Use_MaxTP Long Short Reverse Use_Kill Kill_Profit_Stop Kill_Loss_Stop Show_Current_PNL Show_Stats_Box Image_Opacity Corner_Image Background_Image Bot_Name ),2460,13650,-11190,1.21983914209115,-4000,72,0.277777777777778,
,1.21975308641975,True/2/0/3/0/4/155/300/False/False/1001/801/500/1/180/True/1.6/True/False/True/False/False/800/400/False/False/0.3/panthionIcon4.png/Oden2.png/PantheonMasterBotV01TesterV2 (Use_Time_Filter Start_Time_(HH) Start_Time_(mm) Duration_Time_(HH) Duration_Time_(mm) averageFast averageSlow averageTrend UseTrend UseTrendReverse ProfitStop LossStop MaxTrades Contracts MaxStop Use_MaxStop MaxTPRatio Use_MaxTP Long Short Reverse Use_Kill Kill_Profit_Stop Kill_Loss_Stop Show_Current_PNL Show_Stats_Box Image_Opacity Corner_Image Background_Image Bot_Name ),1780,9880,-8100,1.21975308641975,-2855,21,0.571428571428571,
,1.21967963386728,True/2/0/3/0/3/175/300/False/False/1001/801/500/1/160/True/1.6/True/False/True/False/False/800/400/False/False/0.3/panthionIcon4.png/Oden2.png/PantheonMasterBotV01TesterV2 (Use_Time_Filter Start_Time_(HH) Start_Time_(mm) Duration_Time_(HH) Duration_Time_(mm) averageFast averageSlow averageTrend UseTrend UseTrendReverse ProfitStop LossStop MaxTrades Contracts MaxStop Use_MaxStop MaxTPRatio Use_MaxTP Long Short Reverse Use_Kill Kill_Profit_Stop Kill_Loss_Stop Show_Current_PNL Show_Stats_Box Image_Opacity Corner_Image Background_Image Bot_Name ),1440,7995,-6555,1.21967963386728,-3010,22,0.454545454545455,
